idx,image,exact,canonical_exact,edit_similarity,error_type,ref_len,pred_len,ref,pred,ref_canonical,pred_canonical
0,5abbb9b19f.png,0,0,90.0,semantic_or_token_error,220,199,"\int_{-\epsilon}^{\infty}dl\:\mathrm{e}^{-l\zeta}\int_{-\epsilon}^{\infty}dl^{\prime}\mathrm{e}^{-l^{\prime}\zeta}ll^{\prime}{\frac{l^{\prime}-l}{l+l^{\prime}}}\{3\,\delta^{\prime\prime}(l)-{\frac{3}{4}}t\,\delta(l)\}=0.","\int_{-\epsilon}^{\infty}dl\;\mathrm{e}^{-l}\int_{-\epsilon}^{\infty}dl^{\prime}\mathrm{e}^{-l^{\prime}}ll^{\prime}{\frac{l}{l+l^{\prime}}}\{3\,\delta^{\prime\prime}(l)-{\frac{3}{4}}t\,\delta(l)\}=0.",\int_{-\epsilon^{\infty}dl\mathrme^{-l\zeta}\int_{-\epsilon^{\infty}dl^{\prime}\mathrme^{-l^{\prime}\zeta}ll^{\prime}\frac{l^{\prime-l}{l+l^{\prime}\{3\delta^{\prime\prime}(l)-\frac{3}{4}t\delta(l)\=0.,\int_{-\epsilon^{\infty}dl\mathrme^{-l}\int_{-\epsilon^{\infty}dl^{\prime}\mathrme^{-l^{\prime}ll^{\prime}\frac{l}{l+l^{\prime}\{3\delta^{\prime\prime}(l)-\frac{3}{4}t\delta(l)\=0.
1,329a44c373.png,0,1,89.744,canonical_equivalent,117,105,"[{\bar{K}}_{a}^{-}(p),{\bar{K}}_{b}^{-}(k)]=if_{abc}{\bar{K}}_{c}^{-}(p+k)-2{\pi}^{2}Cp{\delta}_{ab}{\delta}_{p+k,0}.","[\bar{K}_{a}^{-}(p),\bar{K}_{b}^{-}(k)]=if_{abc}\bar{K}_{c}^{-}(p+k)-2\pi^{2}Cp\delta_{ab}\delta_{p+k,0}.","[\barK_a^{-}(p),\barK_b^{-}(k)]=if_{abc}\barK_c^{-}(p+k)-2\pi^{2}Cp\delta_{ab}\delta_{p+k,0}.","[\barK_a^{-}(p),\barK_b^{-}(k)]=if_{abc}\barK_c^{-}(p+k)-2\pi^{2}Cp\delta_{ab}\delta_{p+k,0}."
2,73b51f198b.png,0,1,73.913,canonical_equivalent,46,42,"E(v)=\frac{d}{dt}E(q)\;\;\;\;\;\;\;\forallt\,.","E(v)=\frac{d}{dt}E(q)\quad\quad\forallt\,.",E(v)=\frac{d}{dt}E(q)\forallt.,E(v)=\frac{d}{dt}E(q)\forallt.
3,6331d9e7fd.png,0,1,97.059,canonical_equivalent,68,66,{\frac{1}{L^{2}}}\prod_{i=1}^{3}(r_{+}^{2}+q_{i})-\mur_{+}^{2}\sim0.,\frac{1}{L^{2}}\prod_{i=1}^{3}(r_{+}^{2}+q_{i})-\mur_{+}^{2}\sim0.,\frac{1}{L^{2}\prod_{i=1^{3}(r_{+^{2+q_{i)-\mur_{+^{2}\sim0.,\frac{1}{L^{2}\prod_{i=1^{3}(r_{+^{2+q_{i)-\mur_{+^{2}\sim0.
4,91a55d2cb9.png,1,1,100.0,exact,53,53,"x^{I}(\sigma+2\pi,\tau)=x^{I}(\sigma,\tau)+2\piL^{I}.","x^{I}(\sigma+2\pi,\tau)=x^{I}(\sigma,\tau)+2\piL^{I}.","x^{I}(\sigma+2\pi,\tau)=x^{I}(\sigma,\tau)+2\piL^{I}.","x^{I}(\sigma+2\pi,\tau)=x^{I}(\sigma,\tau)+2\piL^{I}."
5,408fe63a30.png,1,1,100.0,exact,132,132,\xi_{\sigma}(\sigma)=1-\frac{\pie^{\sigma}}{3}+8\pie^{\sigma}\sum_{n=1}^{\infty}\frac{ne^{-2n\pie^{\sigma}}}{1-e^{-2n\pie^{\sigma}}},\xi_{\sigma}(\sigma)=1-\frac{\pie^{\sigma}}{3}+8\pie^{\sigma}\sum_{n=1}^{\infty}\frac{ne^{-2n\pie^{\sigma}}}{1-e^{-2n\pie^{\sigma}}},\xi_{\sigma}(\sigma)=1-\frac{\pie^{\sigma}{3+8\pie^{\sigma}\sum_{n=1^{\infty}\frac{ne^{-2n\pie^{\sigma}{1-e^{-2n\pie^{\sigma},\xi_{\sigma}(\sigma)=1-\frac{\pie^{\sigma}{3+8\pie^{\sigma}\sum_{n=1^{\infty}\frac{ne^{-2n\pie^{\sigma}{1-e^{-2n\pie^{\sigma}
6,232d6fea7c.png,1,1,100.0,exact,84,84,m_{0}^{2}\varphi+{\frac{\mu^{2}-m_{0}^{2}}{\beta}}\operatorname{tan}(\beta\varphi)=0,m_{0}^{2}\varphi+{\frac{\mu^{2}-m_{0}^{2}}{\beta}}\operatorname{tan}(\beta\varphi)=0,m_0^{2}\varphi+\frac{\mu^{2-m_0^{2}{\beta}\operatorname{tan}(\beta\varphi)=0,m_0^{2}\varphi+\frac{\mu^{2-m_0^{2}{\beta}\operatorname{tan}(\beta\varphi)=0
7,702a6a1e50.png,0,1,96.825,canonical_equivalent,63,61,"{\frac{dz}{dr}}=e^{2A},\hspace{1cm}\psi\rightarrowe^{-3A/2}\psi","\frac{dz}{dr}=e^{2A},\hspace{1cm}\psi\rightarrowe^{-3A/2}\psi","\frac{dz}{dr=e^{2A,\hspace{1cm}\psiarrowe^{-3A/2}\psi","\frac{dz}{dr=e^{2A,\hspace{1cm}\psiarrowe^{-3A/2}\psi"
8,7a7df95199.png,1,1,100.0,exact,90,90,"F_{A_{1}}\left(q^{a_{1}},\dot{q}^{a_{1}}\right)=0\,,\;F_{A_{0}}\left(q^{a_{1}}\right)=0\,.","F_{A_{1}}\left(q^{a_{1}},\dot{q}^{a_{1}}\right)=0\,,\;F_{A_{0}}\left(q^{a_{1}}\right)=0\,.","F_{A_{1}(q^{a_{1,\dotq^{a_{1)=0,F_{A_{0}(q^{a_{1)=0.","F_{A_{1}(q^{a_{1,\dotq^{a_{1)=0,F_{A_{0}(q^{a_{1)=0."
9,d39642fa83.png,1,1,100.0,exact,73,73,1-\frac{\delta\phi}{2\pi}=L^{\prime}(\infty)=\frac{2GW+1}{N^{2}(\infty)}.,1-\frac{\delta\phi}{2\pi}=L^{\prime}(\infty)=\frac{2GW+1}{N^{2}(\infty)}.,1-\frac{\delta\phi}{2\pi=L^{\prime}(\infty)=\frac{2GW+1}{N^{2}(\infty)}.,1-\frac{\delta\phi}{2\pi=L^{\prime}(\infty)=\frac{2GW+1}{N^{2}(\infty)}.
10,2c65d65f05.png,1,1,100.0,exact,95,95,"\varphi^{\prime\prime}+{\frac{1}{r}}\varphi^{\prime}+\lambda\left(\varphi-\varphi^{3}\right)=0,","\varphi^{\prime\prime}+{\frac{1}{r}}\varphi^{\prime}+\lambda\left(\varphi-\varphi^{3}\right)=0,","\varphi^{\prime\prime+\frac{1}{r}\varphi^{\prime+\lambda(\varphi-\varphi^{3)=0,","\varphi^{\prime\prime+\frac{1}{r}\varphi^{\prime+\lambda(\varphi-\varphi^{3)=0,"
11,3bea2f425a.png,1,1,100.0,exact,88,88,"x^{N}+y^{N}=z^{N},~~\Phi(l)=\omega^{l(l+N)/2},~~\omega^{1/2}=\operatorname{exp}(\pii/N).","x^{N}+y^{N}=z^{N},~~\Phi(l)=\omega^{l(l+N)/2},~~\omega^{1/2}=\operatorname{exp}(\pii/N).","x^{N+y^{N=z^{N,~~\Phi(l)=\omega^{l(l+N)/2,~~\omega^{1/2=\operatorname{exp}(\pii/N).","x^{N+y^{N=z^{N,~~\Phi(l)=\omega^{l(l+N)/2,~~\omega^{1/2=\operatorname{exp}(\pii/N)."
12,3e3f5d7c1f.png,0,0,97.248,almost_correct,109,107,{e_{\hat{\mu}}^{\hat{m}}=\left(\begin{array}{ll}{e_{\sigma}^{s}}&{0}\{0}&{e_{\alpha}^{a}}\\end{array}\right)},e_{\hat{\mu}}^{\hat{n}}=\left(\begin{array}{ll}{e_{\sigma}^{s}}&{0}\{0}&{e_{\alpha}^{a}}\\end{array}\right),e_\hat\mu^\hat{m=(\begin{array}{ll}{e_\sigma^{s}&{0}\{0}&{e_\alpha^{a}\\end{array),e_\hat\mu^\hat{n=(\begin{array}{ll}{e_\sigma^{s}&{0}\{0}&{e_\alpha^{a}\\end{array)
13,12e9e7dd1f.png,1,1,100.0,exact,60,60,\phi=\left(\begin{array}{c}{0}\{\phi_{0}}\\end{array}\right),\phi=\left(\begin{array}{c}{0}\{\phi_{0}}\\end{array}\right),\phi=(\begin{array}{c}{0}\{\phi_{0}\\end{array),\phi=(\begin{array}{c}{0}\{\phi_{0}\\end{array)
14,7c99ded238.png,1,1,100.0,exact,36,36,"\mathrm{Tr}({\bfM}_{+}{\bfM}_{-})=0,","\mathrm{Tr}({\bfM}_{+}{\bfM}_{-})=0,","\mathrm{Tr}(\bfM_{+}\bfM_{-)=0,","\mathrm{Tr}(\bfM_{+}\bfM_{-)=0,"
15,652ec3e732.png,1,1,100.0,exact,69,69,\int_{{\calC}_{i}}B_{2}=4\pi^{2}\alpha^{\prime}\frac{1}{2}\equivb_{0},\int_{{\calC}_{i}}B_{2}=4\pi^{2}\alpha^{\prime}\frac{1}{2}\equivb_{0},\int_{\calC_{i}B_{2=4\pi^{2}\alpha^{\prime}\frac{1}{2}\equivb_{0},\int_{\calC_{i}B_{2=4\pi^{2}\alpha^{\prime}\frac{1}{2}\equivb_{0}
16,72689463cf.png,0,1,93.939,canonical_equivalent,33,31,"\alpha^{2}={\frac{Q_{c}^{2}}{a}},","\alpha^{2}=\frac{Q_{c}^{2}}{a},","\alpha^{2=\frac{Q_c^{2}{a,","\alpha^{2=\frac{Q_c^{2}{a,"
17,523ad74d44.png,0,1,96.078,canonical_equivalent,51,49,"\sum_{j=1}^{r+1}\bar{x}_{j}^{2}={\frac{r(r+1)}{2}},","\sum_{j=1}^{r+1}\bar{x}_{j}^{2}=\frac{r(r+1)}{2},","\sum_{j=1^{r+1}\barx_j^{2=\frac{r(r+1)}{2,","\sum_{j=1^{r+1}\barx_j^{2=\frac{r(r+1)}{2,"
18,3264c226dd.png,0,1,81.69,canonical_equivalent,71,58,"\left(\alpha^{\prime}\right)^{-1}e^{-\phi/2}f_{16}\,simg^{-24}\sqrt{N},","(\alpha^{\prime})^{-1}e^{-\phi/2}f_{16}simg^{-24}\sqrt{N},","(\alpha^{\prime)^{-1}e^{-\phi/2}f_{16}simg^{-24}\sqrt{N,","(\alpha^{\prime)^{-1}e^{-\phi/2}f_{16}simg^{-24}\sqrt{N,"
19,c578283712.png,0,0,98.361,almost_correct,61,61,(R_{ab}R^{ab}-\frac{n}{4(n-1)}R^{2})\phi^{\frac{2(n-4)}{n-2}},(R_{ab}R^{ab}-\frac{n}{4(n-1)}R^{2})\phi^{\frac{2(n-a)}{n-2}},(R_{ab}R^{ab-\frac{n}{4(n-1)}R^{2)\phi^\frac{2(n-4)}{n-2},(R_{ab}R^{ab-\frac{n}{4(n-1)}R^{2)\phi^\frac{2(n-a)}{n-2}
20,672726b185.png,0,0,95.918,almost_correct,49,47,j_{1}^{k}=\omega_{1}^{k-2}\subseteq\omega_{1}^{k},j_{1}^{k}=\omega_{1}^{k-2}\subset\omega_{1}^{k},j_1^{k=\omega_1^{k-2}\subseteq\omega_1^{k},j_1^{k=\omega_1^{k-2}\subset\omega_1^{k}
21,18457514f2.png,0,1,94.253,canonical_equivalent,174,164,V_{eff}(z)=\frac{3(5\alpha+4)k^{2}}{64\left({\frac{kz}{2}}+1\right)^{2}}+{\frac{l^{2}}{2R^{2}}}\left({\frac{kz}{2}}+1\right)^{{\frac{5}{2}}(\alpha-2)}-{\frac{3k}{4}}\delta(z),V_{eff}(z)=\frac{3(5\alpha+4)k^{2}}{64\left(\frac{kz}{2}+1\right)^{2}}+\frac{l^{2}}{2R^{2}}\left(\frac{kz}{2}+1\right)^{\frac{5}{2}(\alpha-2)}-\frac{3k}{4}\delta(z),V_{eff}(z)=\frac{3(5\alpha+4)k^{2}{64(\frac{kz}{2+1)^{2+\frac{l^{2}{2R^{2}(\frac{kz}{2+1)^\frac{5}{2}(\alpha-2)-\frac{3k}{4}\delta(z),V_{eff}(z)=\frac{3(5\alpha+4)k^{2}{64(\frac{kz}{2+1)^{2+\frac{l^{2}{2R^{2}(\frac{kz}{2+1)^\frac{5}{2}(\alpha-2)-\frac{3k}{4}\delta(z)
22,3603a44b2b.png,0,0,55.714,semantic_or_token_error,70,69,"R:~~~~~~~~~~~~~~~~~~~~~~~~~\alpha^{\prime}M^{2}=-1,0,1,2,3,...........","R:\qquad\qquad\qquad\alpha^{\prime}M^{2}M^{2}=-1,0,1,2,3,............","R:~~~~~~~~~~~~~~~~~~~~~~~~~\alpha^{\prime}M^{2=-1,0,1,2,3,...........","R:\alpha^{\prime}M^{2}M^{2=-1,0,1,2,3,............"
23,64daea677f.png,1,1,100.0,exact,101,101,"a(\xi)=\frac{\xi^{-1}-\xi}{q^{-1}\xi^{-1}-q\xi}\,,\quadb(\xi)=\frac{q^{-1}-q}{q^{-1}\xi^{-1}-q\xi}\,.","a(\xi)=\frac{\xi^{-1}-\xi}{q^{-1}\xi^{-1}-q\xi}\,,\quadb(\xi)=\frac{q^{-1}-q}{q^{-1}\xi^{-1}-q\xi}\,.","a(\xi)=\frac{\xi^{-1-\xi}{q^{-1}\xi^{-1-q\xi,b(\xi)=\frac{q^{-1-q}{q^{-1}\xi^{-1-q\xi}.","a(\xi)=\frac{\xi^{-1-\xi}{q^{-1}\xi^{-1-q\xi,b(\xi)=\frac{q^{-1-q}{q^{-1}\xi^{-1-q\xi}."
24,7495d151e1.png,0,1,74.51,canonical_equivalent,51,42,x^{\pm}=\frac{\left(x^{0}\pmx^{1}\right)}{\sqrt{2}},x^{\pm}={\frac{(x^{0}\pmx^{1})}{\sqrt{2}}},x^{\pm=\frac{(x^{0}\pmx^{1)}\sqrt{2},x^{\pm=\frac{(x^{0}\pmx^{1)}\sqrt{2}
25,aacbc9b7e5.png,1,1,100.0,exact,103,103,"a_{0}[[a_{0},a_{n}],a_{0}]=a_{0}[[a_{0},a_{n}]_{1},a_{0}]\hbar+a_{0}[[a_{0},a_{n}]_{2},a_{0}]\hbar^{2}.","a_{0}[[a_{0},a_{n}],a_{0}]=a_{0}[[a_{0},a_{n}]_{1},a_{0}]\hbar+a_{0}[[a_{0},a_{n}]_{2},a_{0}]\hbar^{2}.","a_{0}[[a_{0,a_{n],a_{0]=a_{0}[[a_{0,a_{n]_{1,a_{0]\hbar+a_{0}[[a_{0,a_{n]_{2,a_{0]\hbar^{2}.","a_{0}[[a_{0,a_{n],a_{0]=a_{0}[[a_{0,a_{n]_{1,a_{0]\hbar+a_{0}[[a_{0,a_{n]_{2,a_{0]\hbar^{2}."
26,7aed42a53c.png,1,1,100.0,exact,27,27,"g_{ij}=\bar{g}_{ij}+h_{ij},","g_{ij}=\bar{g}_{ij}+h_{ij},","g_{ij=\barg_{ij+h_{ij,","g_{ij=\barg_{ij+h_{ij,"
27,2ffc852060.png,1,1,100.0,exact,64,64,"U(\vec{x};A,B)=AU_{\mathrm{S}}(D(B)^{-1}\cdot\vec{x})A^{\dagger}","U(\vec{x};A,B)=AU_{\mathrm{S}}(D(B)^{-1}\cdot\vec{x})A^{\dagger}","U(\vec{x};A,B)=AU_\mathrm{S}(D(B)^{-1}\cdot\vec{x)A^{\dagger}","U(\vec{x};A,B)=AU_\mathrm{S}(D(B)^{-1}\cdot\vec{x)A^{\dagger}"
28,4efc22f0f5.png,0,1,97.561,canonical_equivalent,82,80,{\frac{\partial\bar{g}_{\mu\nu}}{\partiall_{i}}}\in\mathrm{Ker}(\bar{F}^{\dagger}),\frac{\partial\bar{g}_{\mu\nu}}{\partiall_{i}}\in\mathrm{Ker}(\bar{F}^{\dagger}),\frac{\partial\barg_{\mu\nu}{\partiall_{i}\in\mathrm{Ker}(\barF^{\dagger),\frac{\partial\barg_{\mu\nu}{\partiall_{i}\in\mathrm{Ker}(\barF^{\dagger)
29,105de61fa3.png,1,1,100.0,exact,68,68,"L_{a}=\frac{1}{16\pi}\mathrm{Im}\intd^{2}\theta\,W^{2}\tau(z^{-1/4})","L_{a}=\frac{1}{16\pi}\mathrm{Im}\intd^{2}\theta\,W^{2}\tau(z^{-1/4})",L_{a=\frac{1}{16\pi}\mathrm{Im}\intd^{2}\thetaW^{2}\tau(z^{-1/4),L_{a=\frac{1}{16\pi}\mathrm{Im}\intd^{2}\thetaW^{2}\tau(z^{-1/4)
30,47696e11d7.png,0,0,89.617,brace_issue,183,169,"+\,\,\mathrm{e}^{\varphi}\,{F}_{[3]}^{RR}\wedge\star{F}_{[3]}^{RR}\,+\,\frac{1}{2}\,{F}_{[5]}^{RR}\wedge\star{F}_{[5]}^{RR}\,-\,C_{[4]}\wedgeF_{[3]}^{NS}\wedgeF_{[3]}^{RR}\Big]\Bigg\}","+\;\mathrm{e}^{\varphi}\,F_{[3]}^{R}\wedge\starF_{[3]}^{RR}\,+\,\frac{1}{2}\,F_{[5]}^{RR}\wedge\starF_{[5]}^{RR}\,-\,C_{[4]}\wedgeF_{[3]}^{NS}\wedgeF_{[3]}^{RR}]\right\}",+\mathrme^{\varphi}F_{[3]^{RR}\wedge\starF_{[3]^{RR+\frac{1}{2}F_{[5]^{RR}\wedge\starF_{[5]^{RR-C_{[4]}\wedgeF_{[3]^{NS}\wedgeF_{[3]^{RR}\Big]\Bigg\},+\mathrme^{\varphi}F_{[3]^{R}\wedge\starF_{[3]^{RR+\frac{1}{2}F_{[5]^{RR}\wedge\starF_{[5]^{RR-C_{[4]}\wedgeF_{[3]^{NS}\wedgeF_{[3]^{RR]\}
31,53ded8fccd.png,0,1,92.593,canonical_equivalent,108,100,"S[\phi^{\dagger},\phi]\;=\;\intd^{3}x\,{\calL}(\phi^{\dagger},\phi;\partial\phi^{\dagger},\partial\phi)\;\;,","S[\phi^{\dagger},\phi]=\intd^{3}x\,{\calL}(\phi^{\dagger},\phi;\partial\phi^{\dagger},\partial\phi),","S[\phi^{\dagger,\phi]=\intd^{3}x{\calL}(\phi^{\dagger,\phi;\partial\phi^{\dagger,\partial\phi),","S[\phi^{\dagger,\phi]=\intd^{3}x{\calL}(\phi^{\dagger,\phi;\partial\phi^{\dagger,\partial\phi),"
32,6b5b65e371.png,1,1,100.0,exact,85,85,"G^{K}\,=\,G^{0}+G^{0}K^{R}G^{0}+G^{0}K^{R}G^{0}K^{R}G^{0}+\cdots\equiv\,G^{0}+G^{KR}.","G^{K}\,=\,G^{0}+G^{0}K^{R}G^{0}+G^{0}K^{R}G^{0}K^{R}G^{0}+\cdots\equiv\,G^{0}+G^{KR}.",G^{K=G^{0+G^{0}K^{R}G^{0+G^{0}K^{R}G^{0}K^{R}G^{0+\cdots\equivG^{0+G^{KR}.,G^{K=G^{0+G^{0}K^{R}G^{0+G^{0}K^{R}G^{0}K^{R}G^{0+\cdots\equivG^{0+G^{KR}.
33,73778ad253.png,1,1,100.0,exact,49,49,\partial_{\mu}=\frac{\partial}{\partial\xi^{\mu}},\partial_{\mu}=\frac{\partial}{\partial\xi^{\mu}},\partial_{\mu=\frac{\partial}{\partial\xi^{\mu},\partial_{\mu=\frac{\partial}{\partial\xi^{\mu}
34,1c6c15eec1.png,1,1,100.0,exact,72,72,"(\partial_{\gamma},\partial_{\gamma})_{(10)}=\sqrt{\tilde{\Delta}}e^{2U}","(\partial_{\gamma},\partial_{\gamma})_{(10)}=\sqrt{\tilde{\Delta}}e^{2U}","(\partial_{\gamma,\partial_{\gamma)_{(10)=\sqrt\tilde{\Delta}e^{2U}","(\partial_{\gamma,\partial_{\gamma)_{(10)=\sqrt\tilde{\Delta}e^{2U}"
35,48eb8b68bd.png,1,1,100.0,exact,91,91,"3.8G=\eta_{ab}dz^{a}\otimesdz^{b}=-dz^{0}\otimesdz^{0}+\sum_{i=1}^{n-1}dz^{i}\otimesdz^{i},","3.8G=\eta_{ab}dz^{a}\otimesdz^{b}=-dz^{0}\otimesdz^{0}+\sum_{i=1}^{n-1}dz^{i}\otimesdz^{i},","3.8G=\eta_{ab}dz^{a}\otimesdz^{b=-dz^{0}\otimesdz^{0+\sum_{i=1^{n-1}dz^{i}\otimesdz^{i,","3.8G=\eta_{ab}dz^{a}\otimesdz^{b=-dz^{0}\otimesdz^{0+\sum_{i=1^{n-1}dz^{i}\otimesdz^{i,"
36,6c4b620ad6.png,0,0,93.617,semantic_or_token_error,92,94,"\int_{-\infty}^{\infty}P_{r}^{\bfV}(x)P_{s}^{\bfV}(x)\,e^{-x^{2}}\,dx\,\propto\delta_{r\,s}.","\int_{-\infty}^{\infty}P_{r}^{{\bfV}}(x)P_{s}^{{\bfV}}(x)\,e^{-x^{2}}\,dx\,\propto\delta_{rs}.",\int_{-\infty^{\infty}P_r^{\bfV}(x)P_s^{\bfV}(x)e^{-x^{2}dx\propto\delta_{rs}.,\int_{-\infty^{\infty}P_r^{{\bfV}(x)P_s^{{\bfV}(x)e^{-x^{2}dx\propto\delta_{rs}.
37,55d0a0fc56.png,0,0,90.909,semantic_or_token_error,66,65,\Phi^{i}=\frac{1}{2}\pi^{i}-\intdu\;\;\epsilon(x-u)\;\theta^{i}(u),\Phi^{i}={\frac{1}{2}}\pi^{i}-\intdu~\epsilon(x-u)\;\theta^{i}(u),\Phi^{i=\frac{1}{2}\pi^{i-\intdu\epsilon(x-u)\theta^{i}(u),\Phi^{i=\frac{1}{2}\pi^{i-\intdu~\epsilon(x-u)\theta^{i}(u)
38,4d1592b40a.png,0,0,94.631,semantic_or_token_error,149,147,"{\calH}_{int}(x)=-e\overline{{\psi}}^{(0)}(x)\beta^{\mu}A_{\mu}^{(0)}(x)[I+\frac{e}{m}(I-\beta_{0}^{2})\beta^{\nu}A_{\nu}^{(0)}(x)]\psi^{(0)}(x)\,\,,","{\calH}_{int}(x)=-e{\overline{\psi}}^{(0)}(x)\beta^{\mu}A_{\mu}^{(0)}(x)[I+{\frac{e}{m}}(I-\beta_{0}^{2})\beta^{\nu}A_{\nu}^{(0)}(x)]\psi^{(0)}(x),","\calH_{int}(x)=-e\overline{\psi^{(0)}(x)\beta^{\mu}A_\mu^{(0)}(x)[I+\frac{e}{m}(I-\beta_0^{2)\beta^{\nu}A_\nu^{(0)}(x)]\psi^{(0)}(x),","\calH_{int}(x)=-e{\overline\psi^{(0)}(x)\beta^{\mu}A_\mu^{(0)}(x)[I+\frac{e}{m}(I-\beta_0^{2)\beta^{\nu}A_\nu^{(0)}(x)]\psi^{(0)}(x),"
39,2724dd250b.png,0,0,93.103,semantic_or_token_error,54,58,"Q=(b+1/b)\rho,\qquad\rho=\frac12\sum_{\alpha>0}\alpha,","Q=(b+1/b)\rho,\qquad\rho=\frac{1}{2}\sum_{\alpha>0}\alpha,","Q=(b+1/b)\rho,\rho=\frac12\sum_{\alpha>0}\alpha,","Q=(b+1/b)\rho,\rho=\frac{1}{2}\sum_{\alpha>0}\alpha,"
40,38dbc7d096.png,0,0,92.381,semantic_or_token_error,105,97,"{h_{0}^{0}}(x^{\mu})=\sum{b_{0}^{0}}(t,z)Y(x^{i}),\quad{h_{z}^{0}}(x^{\mu})=\sum{b_{z}^{0}}(t,z)Y(x^{i}),","h_{0}^{0}(x^{\mu})=\sumb_{0}^{0}(t,z)Y(x^{i}),\quadh_{z}^{0}(x^{\mu})=\sumb_{z}^{0}(t,z)Y(x^{i}),","{h_0^{0}(x^{\mu)=\sum{b_0^{0}(t,z)Y(x^{i),{h_z^{0}(x^{\mu)=\sum{b_z^{0}(t,z)Y(x^{i),","h_0^{0}(x^{\mu)=\sumb_0^{0}(t,z)Y(x^{i),h_z^{0}(x^{\mu)=\sumb_z^{0}(t,z)Y(x^{i),"
41,15c5d88a1a.png,0,0,89.623,semantic_or_token_error,101,106,"P^{2}=\bigg(\frac{4}{\pih^{2}N}\bigg)^{2}\bigg[1+O\bigg(\frac{1}{P^{2}}\bigg)\bigg],\;\;\pih^{2}N<<1.","P^{2}=\left(\frac{4}{\pih^{2}N}\right)^{2}\biggl[1+O\biggl(\frac{1}{P^{2}}\biggr)\biggr],\;\;\pih^{2}N<<1.","P^{2=\bigg(\frac{4}{\pih^{2}N}\bigg)^{2}\bigg[1+O\bigg(\frac{1}{P^{2}\bigg)\bigg],\pih^{2}N<<1.","P^{2=(\frac{4}{\pih^{2}N)^{2}\biggl[1+O\biggl(\frac{1}{P^{2}\biggr)\biggr],\pih^{2}N<<1."
42,4d31b13054.png,1,1,100.0,exact,86,86,V_{\mathrm{eff}}=\operatorname*{lim}_{\lambda\rightarrow0}\left(V^{gen}+V^{PT}\right).,V_{\mathrm{eff}}=\operatorname*{lim}_{\lambda\rightarrow0}\left(V^{gen}+V^{PT}\right).,V_\mathrm{eff=\operatorname*{lim_{\lambdaarrow0}(V^{gen+V^{PT).,V_\mathrm{eff=\operatorname*{lim_{\lambdaarrow0}(V^{gen+V^{PT).
43,7376be8a16.png,0,0,92.537,semantic_or_token_error,67,62,"{\theta_{n}^{\alpha\Lambda}}{^\dagger}=\theta_{-n}^{\alpha\Lambda},","\theta_{n}^{\alpha\Lambda\dagger}=\theta_{-n}^{\alpha\Lambda},","{\theta_n^{\alpha\Lambda}{^\dagger=\theta_{-n^{\alpha\Lambda,","\theta_n^{\alpha\Lambda\dagger=\theta_{-n^{\alpha\Lambda,"
44,5caa163344.png,0,0,97.403,almost_correct,75,77,"{\calS}^{\mu\nu}\equiv\epsilon^{\mu\nu\rho\sigma}\theta_{\rho}P_{\sigma}=0,","{\calS}^{\mu\nu}\equiv\epsilon^{\mu\nu\rho\sigma}\theta_{\rho}P_{\sigma}=0~~,","\calS^{\mu\nu}\equiv\epsilon^{\mu\nu\rho\sigma}\theta_{\rho}P_{\sigma=0,","\calS^{\mu\nu}\equiv\epsilon^{\mu\nu\rho\sigma}\theta_{\rho}P_{\sigma=0~~,"
45,2673247422.png,0,0,93.717,brace_issue,191,189,"\operatorname{exp}\left(\sum_{g=0}^{\infty}x^{2g-2}\mathcal{F}_{g}\right)=e^{-\frac{D(0,0,0)}{2}\zeta(1)}\prod_{(\ell,n,\gamma,j)>0}(1-p^{\ell}q^{n}\zeta^{\gamma}y^{j})^{D(\elln,\gamma,j)}\,.","\operatorname{exp}\left(\sum_{g=0}^{\infty}x^{2g-2}{\calF}_{g}\right)=e^{-\frac{D(0,0)}{2}}\zeta(1)}\prod_{(\ell,n,\gamma,j)>0}(1-p^{\ell}q^{n}\zeta^{\gamma}y^{j})^{D(\ell_{n},\gamma,j)}\,.","\operatorname{exp}(\sum_{g=0^{\infty}x^{2g-2}\mathcalF_{g)=e^{-\frac{D(0,0,0)}{2}\zeta(1)}\prod_{(\ell,n,\gamma,j)>0}(1-p^{\ell}q^{n}\zeta^{\gamma}y^{j)^{D(\elln,\gamma,j)}.","\operatorname{exp}(\sum_{g=0^{\infty}x^{2g-2}\calF_{g)=e^{-\frac{D(0,0)}{2}\zeta(1)}\prod_{(\ell,n,\gamma,j)>0}(1-p^{\ell}q^{n}\zeta^{\gamma}y^{j)^{D(\ell_{n,\gamma,j)}."
46,6552f4db6d.png,1,1,100.0,exact,40,40,M_{P}^{2}=M_{s}^{3}\intdze^{-2\sigma(z)},M_{P}^{2}=M_{s}^{3}\intdze^{-2\sigma(z)},M_P^{2=M_s^{3}\intdze^{-2\sigma(z)},M_P^{2=M_s^{3}\intdze^{-2\sigma(z)}
47,63a2608987.png,0,0,94.928,semantic_or_token_error,135,138,"\phi\Big[\beta,a,b,c,d\Big]=\phi_{0}^{\beta}+a\,\phi_{0}^{\beta+1}+b\,\phi_{0}^{\beta+2}+c\,\phi_{0}^{\beta+3}+d\,\phi_{0}^{\beta+4}\;.","\phi\left[\beta,a,b,c,d\right]=\phi_{0}^{\beta}+a\,\phi_{0}^{\beta+1}+b\,\phi_{0}^{\beta+2}+c\,\phi_{0}^{\beta+3}+d\,\phi_{0}^{\beta+4}\;.","\phi\Big[\beta,a,b,c,d\Big]=\phi_0^{\beta+a\phi_0^{\beta+1+b\phi_0^{\beta+2+c\phi_0^{\beta+3+d\phi_0^{\beta+4}.","\phi[\beta,a,b,c,d]=\phi_0^{\beta+a\phi_0^{\beta+1+b\phi_0^{\beta+2+c\phi_0^{\beta+3+d\phi_0^{\beta+4}."
48,7a672b3ac0.png,0,0,87.755,semantic_or_token_error,45,49,"t_{1}=T~~,\hspace{2cm}t_{2}=-\frac{S}{2\pii},","t_{1}=T\;\;\;,\hspace{2cm}t_{2}=-\frac{S}{2\pii},","t_{1=T~~,\hspace{2cm}t_{2=-\frac{S}{2\pii,","t_{1=T,\hspace{2cm}t_{2=-\frac{S}{2\pii,"
49,4c986ebb34.png,0,0,80.723,semantic_or_token_error,83,71,B_{p}(\beta)=\operatorname{dim}\{\operatorname{ker}\Delta_{\beta}\cap\Lambda^{p}\}.,B_{p}(\beta)=\mathrm{dim}\{\mathrm{ker}\Delta_{\beta}\cap\Lambda^{p}\}.,B_{p}(\beta)=\operatorname{dim}\\operatorname{ker}\Delta_{\beta}\cap\Lambda^{p}\}.,B_{p}(\beta)=\mathrm{dim}\\mathrm{ker}\Delta_{\beta}\cap\Lambda^{p}\}.
50,15329206b1.png,1,1,100.0,exact,122,122,\frac{1}{2}\left(1+\sqrt{\frac{j\left(j+1\right)-\alpha^{2}}{4}}\right)\mp\frac{i\alphaE}{\sqrt{E^{2}-\frac{m^{2}}{4}}}=-n,\frac{1}{2}\left(1+\sqrt{\frac{j\left(j+1\right)-\alpha^{2}}{4}}\right)\mp\frac{i\alphaE}{\sqrt{E^{2}-\frac{m^{2}}{4}}}=-n,\frac{1}{2}(1+\sqrt\frac{j(j+1)-\alpha^{2}{4)\mp\frac{i\alphaE}\sqrt{E^{2-\frac{m^{2}{4=-n,\frac{1}{2}(1+\sqrt\frac{j(j+1)-\alpha^{2}{4)\mp\frac{i\alphaE}\sqrt{E^{2-\frac{m^{2}{4=-n
51,36b2d3fb20.png,0,0,89.744,semantic_or_token_error,75,78,"\hat{g}=-(dx^{0})^{2}+(dx^{1})^{2}+\Big(dr^{2}+r^{2}d\Omega_{8}^{2}\Big)\;,","\hat{g}=-(dx^{0})^{2}+(dx^{1})^{2}+\left(dr^{2}+r^{2}d\Omega_{8}^{2}\right)\,,","\hat{g=-(dx^{0)^{2+(dx^{1)^{2+\Big(dr^{2+r^{2}d\Omega_8^{2}\Big),","\hat{g=-(dx^{0)^{2+(dx^{1)^{2+(dr^{2+r^{2}d\Omega_8^{2),"
52,71361ce21f.png,0,0,98.592,almost_correct,71,70,"(-1)^{m\cdot|a|}[a,b\cupc]=[a,b]\cupc+(-1)^{(|b|\cdot|c|+m)}[a,c]\cupb.","(-1)^{m\cdot|a|}[a,b\cupc]=[a,b]\cupc+(-1)^{(|b|\cdot|c+m)}[a,c]\cupb.","(-1)^{m\cdot|a|}[a,b\cupc]=[a,b]\cupc+(-1)^{(|b|\cdot|c|+m)}[a,c]\cupb.","(-1)^{m\cdot|a|}[a,b\cupc]=[a,b]\cupc+(-1)^{(|b|\cdot|c+m)}[a,c]\cupb."
53,23d91c1744.png,1,1,100.0,exact,103,103,"\operatorname*{lim}_{t\rightarrow-\infty}(f(x),\phi(x-t))=L_{0}^{-1}[f]\int_{-\infty}^{\infty}\phi(x)dx","\operatorname*{lim}_{t\rightarrow-\infty}(f(x),\phi(x-t))=L_{0}^{-1}[f]\int_{-\infty}^{\infty}\phi(x)dx","\operatorname*{lim_{tarrow-\infty}(f(x),\phi(x-t))=L_0^{-1}[f]\int_{-\infty^{\infty}\phi(x)dx","\operatorname*{lim_{tarrow-\infty}(f(x),\phi(x-t))=L_0^{-1}[f]\int_{-\infty^{\infty}\phi(x)dx"
54,31c875f0d6.png,1,1,100.0,exact,49,49,I(a)=\kappa\int_{0}^{2a}{\frac{u^{3}}{2}}g_{2}(u),I(a)=\kappa\int_{0}^{2a}{\frac{u^{3}}{2}}g_{2}(u),I(a)=\kappa\int_0^{2a}\frac{u^{3}{2}g_{2}(u),I(a)=\kappa\int_0^{2a}\frac{u^{3}{2}g_{2}(u)
55,5a559fe73b.png,1,1,100.0,exact,73,73,E^{2}(R>>k)=\frac{2}{k}[j(j+1)-m^{2}+(m+\frac{kM}{2})^{2}\frac{1}{R^{2}}],E^{2}(R>>k)=\frac{2}{k}[j(j+1)-m^{2}+(m+\frac{kM}{2})^{2}\frac{1}{R^{2}}],E^{2}(R>>k)=\frac{2}{k}[j(j+1)-m^{2+(m+\frac{kM}{2)^{2}\frac{1}{R^{2],E^{2}(R>>k)=\frac{2}{k}[j(j+1)-m^{2+(m+\frac{kM}{2)^{2}\frac{1}{R^{2]
56,5e1d3cec87.png,0,1,98.425,canonical_equivalent,127,125,m_{C}^{2}=\langleg^{2}A_{\mu}^{a}A_{\mu}^{a}\rangle+\left({\frac{1}{2}}\alpha+\beta\right)\langleig^{2}\bar{C}^{a}C^{a}\rangle.,m_{C}^{2}=\langleg^{2}A_{\mu}^{a}A_{\mu}^{a}\rangle+\left(\frac{1}{2}\alpha+\beta\right)\langleig^{2}\bar{C}^{a}C^{a}\rangle.,m_C^{2=\langleg^{2}A_\mu^{a}A_\mu^{a}\rangle+(\frac{1}{2}\alpha+\beta)\langleig^{2}\barC^{a}C^{a}\rangle.,m_C^{2=\langleg^{2}A_\mu^{a}A_\mu^{a}\rangle+(\frac{1}{2}\alpha+\beta)\langleig^{2}\barC^{a}C^{a}\rangle.
57,53a1695e86.png,0,1,95.238,canonical_equivalent,40,42,"rank(b(x;\xi)q(x;\xi))=rank(q(x;\xi))=r,","rank(b(x;\xi)\;q(x;\xi))=rank(q(x;\xi))=r,","rank(b(x;\xi)q(x;\xi))=rank(q(x;\xi))=r,","rank(b(x;\xi)q(x;\xi))=rank(q(x;\xi))=r,"
58,e6b89266e6.png,1,1,100.0,exact,181,181,=\intd^{n}x\left\{\frac{1}{2}F_{\alpha\beta}F^{\alpha\beta}+\frac{1}{2}G_{\alpha\beta}G^{\alpha\beta}+2D_{\alpha}\phi^{\dagger}D^{\alpha}\phi+2(m^{2}-\phi^{\dagger}\phi)^{2}\right\},=\intd^{n}x\left\{\frac{1}{2}F_{\alpha\beta}F^{\alpha\beta}+\frac{1}{2}G_{\alpha\beta}G^{\alpha\beta}+2D_{\alpha}\phi^{\dagger}D^{\alpha}\phi+2(m^{2}-\phi^{\dagger}\phi)^{2}\right\},=\intd^{n}x\\frac{1}{2}F_{\alpha\beta}F^{\alpha\beta+\frac{1}{2}G_{\alpha\beta}G^{\alpha\beta+2D_{\alpha}\phi^{\dagger}D^{\alpha}\phi+2(m^{2-\phi^{\dagger}\phi)^{2}\},=\intd^{n}x\\frac{1}{2}F_{\alpha\beta}F^{\alpha\beta+\frac{1}{2}G_{\alpha\beta}G^{\alpha\beta+2D_{\alpha}\phi^{\dagger}D^{\alpha}\phi+2(m^{2-\phi^{\dagger}\phi)^{2}\}
59,599063d58b.png,1,1,100.0,exact,122,122,-\frac{T}{8\pi}\left(M_{W}\left(9M_{W}^{2}+\frac{3}{2}M_{H}^{2}\right)+\frac{3}{2}M_{H}^{3}\right)\intd^{3}x(H_{0}^{2}-1).,-\frac{T}{8\pi}\left(M_{W}\left(9M_{W}^{2}+\frac{3}{2}M_{H}^{2}\right)+\frac{3}{2}M_{H}^{3}\right)\intd^{3}x(H_{0}^{2}-1).,-\frac{T}{8\pi}(M_{W}(9M_W^{2+\frac{3}{2}M_H^{2)+\frac{3}{2}M_H^{3)\intd^{3}x(H_0^{2-1).,-\frac{T}{8\pi}(M_{W}(9M_W^{2+\frac{3}{2}M_H^{2)+\frac{3}{2}M_H^{3)\intd^{3}x(H_0^{2-1).
60,2fdd8e53dc.png,1,1,100.0,exact,77,77,V=i\left[\begin{array}{cc}{B}&{2\overline{{A}}}\{-2A}&{-B}\\end{array}\right],V=i\left[\begin{array}{cc}{B}&{2\overline{{A}}}\{-2A}&{-B}\\end{array}\right],V=i[\begin{array}{cc}{B}&{2\overline{{A}\{-2A}&{-B}\\end{array],V=i[\begin{array}{cc}{B}&{2\overline{{A}\{-2A}&{-B}\\end{array]
61,36f3afe9f3.png,0,0,91.979,semantic_or_token_error,187,173,\sum_{{\lambda}=1}^{2}{\epsilon}_{\mu}^{({\lambda})}(k){\epsilon}_{\nu}^{({\lambda})}(k)=-g_{{\mu}{\nu}}+\frac{n_{\mu}k_{\nu}+n_{\nu}k_{\mu}}{k_{-}}-n^{2}\frac{k_{\mu}k_{\nu}}{k_{-}^{2}}.,\sum_{\lambda=1}^{2}\epsilon_{\mu}^{(\lambda)}(k)\epsilon_{\nu}^{(\lambda)}(k)=-g_{\mu\nu}+\frac{n_{\mu}k_{\nu}+n_{\nu}k_{\mu}}{k_{-}}-n^{2}\frac{k_{\nu}k_{\nu}}{k_{-}^{2}}.,\sum_{{\lambda=1^{2}\epsilon_\mu^{({\lambda)}(k)\epsilon_\nu^{({\lambda)}(k)=-g_{{\mu}{\nu+\frac{n_{\mu}k_{\nu+n_{\nu}k_{\mu}{k_{--n^{2}\frac{k_{\mu}k_{\nu}{k_{-^{2}.,\sum_{\lambda=1^{2}\epsilon_\mu^{(\lambda)}(k)\epsilon_\nu^{(\lambda)}(k)=-g_{\mu\nu+\frac{n_{\mu}k_{\nu+n_{\nu}k_{\mu}{k_{--n^{2}\frac{k_{\nu}k_{\nu}{k_{-^{2}.
62,326031c68d.png,0,0,81.333,semantic_or_token_error,63,75,\epsilon_{\mathrm{vac}}=\left<\frac{\beta(g)}{8g}G\cdotG\right>,\epsilon_{\mathrm{vac}}=\left\langle\frac{\beta(g)}{8g}G\cdotG\right\rangle,\epsilon_\mathrm{vac=<\frac{\beta(g)}{8g}G\cdotG>,\epsilon_\mathrm{vac=\langle\frac{\beta(g)}{8g}G\cdotG\rangle
63,4cf2740914.png,1,1,100.0,exact,59,59,\tau_{j}=1-y\operatorname{exp}(i(\mu_{a}(2j)-\varepsilon)).,\tau_{j}=1-y\operatorname{exp}(i(\mu_{a}(2j)-\varepsilon)).,\tau_{j=1-y\operatorname{exp}(i(\mu_{a}(2j)-\varepsilon)).,\tau_{j=1-y\operatorname{exp}(i(\mu_{a}(2j)-\varepsilon)).
64,486d8b9515.png,1,1,100.0,exact,38,38,\alpha=\sum_{a=1}^{J}\alpha(a;\infty).,\alpha=\sum_{a=1}^{J}\alpha(a;\infty).,\alpha=\sum_{a=1^{J}\alpha(a;\infty).,\alpha=\sum_{a=1^{J}\alpha(a;\infty).
65,b80ef03527.png,0,0,87.402,semantic_or_token_error,127,115,E_{ADM}=\frac{1}{16\piG_{10}}\oint_{\infty}d\Sigma^{m}\lbrace{}^{\circ}D_{n}g_{mp}-{}^{\circ}D_{m}g_{np}\rbrace{}^{\circ}g^{np},E_{ADM}={\frac{1}{16\piG_{10}}}\oint_{\infty}d\Sigma^{m}\{^{\circ}D_{n}g_{mp}-{}^{\circ}D_{m}g_{np}\}^{\circ}g^{np},E_{ADM=\frac{1}{16\piG_{10}\oint_{\infty}d\Sigma^{m}\lbrace{^{\circ}D_{n}g_{mp-{^{\circ}D_{m}g_{np}\rbrace{^{\circ}g^{np},E_{ADM=\frac{1}{16\piG_{10}\oint_{\infty}d\Sigma^{m}\{^{\circ}D_{n}g_{mp-{^{\circ}D_{m}g_{np}\^{\circ}g^{np}
66,4d55385c75.png,1,1,100.0,exact,95,95,"J(x,y,M)=\mathrm{tr}\left\langlex\left|\Gamma_{5}\Gamma\frac{1}{\Theta+M}\right|y\right\rangle.","J(x,y,M)=\mathrm{tr}\left\langlex\left|\Gamma_{5}\Gamma\frac{1}{\Theta+M}\right|y\right\rangle.","J(x,y,M)=\mathrm{tr}\langlex|\Gamma_{5}\Gamma\frac{1}{\Theta+M}|y\rangle.","J(x,y,M)=\mathrm{tr}\langlex|\Gamma_{5}\Gamma\frac{1}{\Theta+M}|y\rangle."
67,438635c3bf.png,1,1,100.0,exact,72,72,\chi_{h}^{NS}(q)=\sumS_{h}^{h^{\prime}}\chi_{h^{\prime}}^{NS}(\tilde{q}),\chi_{h}^{NS}(q)=\sumS_{h}^{h^{\prime}}\chi_{h^{\prime}}^{NS}(\tilde{q}),\chi_h^{NS}(q)=\sumS_h^{h^{\prime}\chi_{h^\prime^{NS}(\tilde{q),\chi_h^{NS}(q)=\sumS_h^{h^{\prime}\chi_{h^\prime^{NS}(\tilde{q)
68,27fa6d2160.png,0,0,91.463,semantic_or_token_error,164,150,\mathrm{SpD}_{56}\left(E^{{\vec{\alpha}}_{5}}\right)=\left(\begin{array}{ll}{{\bf0}}&{B[{{\vec{\alpha}}_{5}}]}\{C[{{\vec{\alpha}}_{5}}]}&{{\bf0}}\\end{array}\right),\mathrm{SpD}_{56}\left(E^{\vec{\alpha}_{5}}\right)=\left(\begin{array}{ll}{{\bf0}[\vec{\alpha}_{5}]}\{C[\vec{\alpha}_{5}]}&{{\bf0}}\\end{array}\right),\mathrm{SpD_{56}(E^\vec\alpha_{5)=(\begin{array}{ll}{{\bf0}&{B[\vec\alpha_{5]}\{C[\vec\alpha_{5]}&{{\bf0}\\end{array),\mathrm{SpD_{56}(E^\vec\alpha_{5)=(\begin{array}{ll}{{\bf0}[\vec\alpha_{5]}\{C[\vec\alpha_{5]}&{{\bf0}\\end{array)
69,7010249b8a.png,0,1,97.222,canonical_equivalent,144,140,"\phi_{\epsilon}(\beta)={\sqrt{s}}(Q-i\betaP)+\sum_{k\neq0}{\frac{a_{k}}{i\operatorname{sinh}(\pik\epsilon)}}\operatorname{exp}(ik\epsilon\beta),","\phi_{\epsilon}(\beta)=\sqrt{s}(Q-i\betaP)+\sum_{k\neq0}\frac{a_{k}}{i\operatorname{sinh}(\pik\epsilon)}\operatorname{exp}(ik\epsilon\beta),","\phi_{\epsilon}(\beta)=\sqrt{s}(Q-i\betaP)+\sum_{k\neqq0}\frac{a_{k}{i\operatorname{sinh}(\pik\epsilon)}\operatorname{exp}(ik\epsilon\beta),","\phi_{\epsilon}(\beta)=\sqrt{s}(Q-i\betaP)+\sum_{k\neqq0}\frac{a_{k}{i\operatorname{sinh}(\pik\epsilon)}\operatorname{exp}(ik\epsilon\beta),"
70,1d320e1c45.png,0,1,94.366,canonical_equivalent,67,71,"r=\rho\;,\;\;f=1-\frac{\rho_{0}}{\rho}-\frac{\Lambda}{6}\rho^{2}\;.","r=\rho\;,\;\;f=1-{\frac{\rho_{0}}{\rho}}-{\frac{\Lambda}{6}}\rho^{2}\;.","r=\rho,f=1-\frac{\rho_{0}{\rho-\frac{\Lambda}{6}\rho^{2}.","r=\rho,f=1-\frac{\rho_{0}{\rho-\frac{\Lambda}{6}\rho^{2}."
71,5a51edfa94.png,0,1,86.034,canonical_equivalent,179,159,"{\calU}^{\prime\prime}+{\frac{2}{r}}{\calU}^{\prime}-\left({\calU}^{\prime}\right)^{2}={\frac{1}{4}}\,\left(h_{1}^{\prime}\right)^{2}+{\frac{1}{4}}\left(h_{2}^{\prime}\right)^{2},","{\calU}^{\prime\prime}+{\frac{2}{r}}{\calU}^{\prime}-({\calU}^{\prime})^{2}={\frac{1}{4}}\;(h_{1}^{\prime})^{2}+{\frac{1}{4}}\left(h_{2}^{\prime}\right)^{2}\,,","\calU^{\prime\prime+\frac{2}{r}\calU^{\prime-(\calU^{\prime)^{2=\frac{1}{4}(h_1^{\prime)^{2+\frac{1}{4}(h_2^{\prime)^{2,","\calU^{\prime\prime+\frac{2}{r}\calU^{\prime-(\calU^{\prime)^{2=\frac{1}{4}(h_1^{\prime)^{2+\frac{1}{4}(h_2^{\prime)^{2,"
72,9cd4f5f61f.png,0,0,64.486,too_short,107,69,\mathbf{\nabla\cdot}{\mathbf{K}}^{C}=4\pi{\mathbf{J}}^{C}\qquad\mathbf{\nabla\cdot}\;^{*}{\mathbf{K}}^{C}=0,\nabla\cdot{\bfK}^{C}=4\pi{\bfJ}^{C}\qquad\nabla\cdot^{*}{\bfK}^{C}=0,\mathbf{\nabla\cdot}\mathbfK^{C=4\pi\mathbfJ^{C}\mathbf{\nabla\cdot^{*}\mathbfK^{C=0,\nabla\cdot\bfK^{C=4\pi\bfJ^{C}\nabla\cdot^{*}\bfK^{C=0
73,746f9895f3.png,0,1,98.601,canonical_equivalent,143,141,\not\!\!D_{V}:{\calC}^{\infty}({\calS}^{\pm})\otimes{\calC}^{\infty}(V)\longrightarrow{\calC}^{\infty}({\calS}^{\mp})\otimes{\calC}^{\infty}(V),\not\!D_{V}:{\calC}^{\infty}({\calS}^{\pm})\otimes{\calC}^{\infty}(V)\longrightarrow{\calC}^{\infty}({\calS}^{\mp})\otimes{\calC}^{\infty}(V),\notD_{V}:\calC^{\infty}(\calS^{\pm)\otimes\calC^{\infty}(V)\longrightarrow\calC^{\infty}(\calS^{\mp)\otimes\calC^{\infty}(V),\notD_{V}:\calC^{\infty}(\calS^{\pm)\otimes\calC^{\infty}(V)\longrightarrow\calC^{\infty}(\calS^{\mp)\otimes\calC^{\infty}(V)
74,164f87aa84.png,1,1,100.0,exact,51,51,S\left(\hat{A}+\deltaA\right)=S\left(\hat{A}\right),S\left(\hat{A}+\deltaA\right)=S\left(\hat{A}\right),S(\hat{A+\deltaA)=S(\hat{A),S(\hat{A+\deltaA)=S(\hat{A)
75,28e6358ab6.png,1,1,100.0,exact,78,78,"p_{1}^{\mu}\,=\,m\,\frac{q_{2}^{\mu}}{\sqrt{q_{2}^{2}}}\,-\,(p_{1}b)\,b^{\mu}.","p_{1}^{\mu}\,=\,m\,\frac{q_{2}^{\mu}}{\sqrt{q_{2}^{2}}}\,-\,(p_{1}b)\,b^{\mu}.",p_1^{\mu=m\frac{q_2^{\mu}\sqrt{q_2^{2-(p_{1}b)b^{\mu}.,p_1^{\mu=m\frac{q_2^{\mu}\sqrt{q_2^{2-(p_{1}b)b^{\mu}.
76,4104802d8a.png,1,1,100.0,exact,205,205,"\int_{-\infty}^{\infty}\frac{dx}{(\gamma+x^{2})(\delta+x^{2})}=\frac{\pi}{\sqrt{\gamma\delta}(\sqrt{\gamma}+\sqrt{\delta})}=\frac{\pi}{\sqrt{\gamma\delta}}\frac{\sqrt{\delta}-\sqrt{\gamma}}{\delta-\gamma},","\int_{-\infty}^{\infty}\frac{dx}{(\gamma+x^{2})(\delta+x^{2})}=\frac{\pi}{\sqrt{\gamma\delta}(\sqrt{\gamma}+\sqrt{\delta})}=\frac{\pi}{\sqrt{\gamma\delta}}\frac{\sqrt{\delta}-\sqrt{\gamma}}{\delta-\gamma},","\int_{-\infty^{\infty}\frac{dx}{(\gamma+x^{2)(\delta+x^{2)=\frac{\pi}\sqrt{\gamma\delta}(\sqrt{\gamma+\sqrt{\delta)=\frac{\pi}\sqrt{\gamma\delta}\frac\sqrt{\delta-\sqrt{\gamma}{\delta-\gamma,","\int_{-\infty^{\infty}\frac{dx}{(\gamma+x^{2)(\delta+x^{2)=\frac{\pi}\sqrt{\gamma\delta}(\sqrt{\gamma+\sqrt{\delta)=\frac{\pi}\sqrt{\gamma\delta}\frac\sqrt{\delta-\sqrt{\gamma}{\delta-\gamma,"
77,367fda4d81.png,0,1,93.548,canonical_equivalent,62,58,"\delta_{\epsilon}\Psi=\epsilon\star\Psi-\Psi\star\epsilon\,\,.",\delta_{\epsilon}\Psi=\epsilon\star\Psi-\Psi\star\epsilon.,\delta_{\epsilon}\Psi=\epsilon\star\Psi-\Psi\star\epsilon.,\delta_{\epsilon}\Psi=\epsilon\star\Psi-\Psi\star\epsilon.
78,5cb46bae1b.png,0,1,74.419,canonical_equivalent,43,32,"\left[a,b,c\right]=abc+bca+cab-cba-acb-bac,","[a,b,c]=abc+bca+cab-cba-acb-bac,","[a,b,c]=abc+bca+cab-cba-acb-bac,","[a,b,c]=abc+bca+cab-cba-acb-bac,"
79,4785815348.png,1,1,100.0,exact,97,97,"Z_{R}^{(m,n)}=\frac{1}{4}\sum_{e}C_{e}(m,n)\frac{\theta^{4}[e]}{\eta^{12}}\Theta_{(m,n)}(0|\tau);","Z_{R}^{(m,n)}=\frac{1}{4}\sum_{e}C_{e}(m,n)\frac{\theta^{4}[e]}{\eta^{12}}\Theta_{(m,n)}(0|\tau);","Z_R^{(m,n)=\frac{1}{4}\sum_{e}C_{e}(m,n)\frac{\theta^{4}[e]}{\eta^{12}\Theta_{(m,n)}(0|\tau);","Z_R^{(m,n)=\frac{1}{4}\sum_{e}C_{e}(m,n)\frac{\theta^{4}[e]}{\eta^{12}\Theta_{(m,n)}(0|\tau);"
80,337e111a56.png,0,0,91.398,semantic_or_token_error,93,85,"{ds}^{2}=-V(U){dt}^{2}+\frac{{dU}^{2}}{V(U)}+\frac{U^{2}}{R^{2}}\sum_{i=1}^{n-1}{dx}_{i}^{2},","ds^{2}=-V(U)dt^{2}+\frac{dU^{2}}{V(U)}+\frac{U^{2}}{R^{2}}\sum_{i=1}^{n-1}dx_{i}^{2},","{ds^{2=-V(U){dt^{2+\frac{{dU^{2}{V(U)+\frac{U^{2}{R^{2}\sum_{i=1^{n-1}{dx_i^{2,","ds^{2=-V(U)dt^{2+\frac{dU^{2}{V(U)+\frac{U^{2}{R^{2}\sum_{i=1^{n-1}dx_i^{2,"
81,258c8bd5b9.png,1,1,100.0,exact,76,76,"{\calL}_{0}=-\frac{1}{4}F_{\mu\nu}F^{\mu\nu}+\frac{1}{2}m^{2}A_{\mu}A^{\mu},","{\calL}_{0}=-\frac{1}{4}F_{\mu\nu}F^{\mu\nu}+\frac{1}{2}m^{2}A_{\mu}A^{\mu},","\calL_{0=-\frac{1}{4}F_{\mu\nu}F^{\mu\nu+\frac{1}{2}m^{2}A_{\mu}A^{\mu,","\calL_{0=-\frac{1}{4}F_{\mu\nu}F^{\mu\nu+\frac{1}{2}m^{2}A_{\mu}A^{\mu,"
82,6e8c365fae.png,1,1,100.0,exact,73,73,"F_{\mu\nu}=2u_{\mu;\nu}~~,~~h_{\mu}^{\lambda}F_{\lambda\nu}=F_{\mu\nu}~~,","F_{\mu\nu}=2u_{\mu;\nu}~~,~~h_{\mu}^{\lambda}F_{\lambda\nu}=F_{\mu\nu}~~,","F_{\mu\nu=2u_{\mu;\nu}~~,~~h_\mu^{\lambda}F_{\lambda\nu=F_{\mu\nu}~~,","F_{\mu\nu=2u_{\mu;\nu}~~,~~h_\mu^{\lambda}F_{\lambda\nu=F_{\mu\nu}~~,"
83,2eb64798cb.png,0,0,86.932,semantic_or_token_error,176,161,"\epsilon(g=0)=H^{-1/8}e^{-{\frac{1}{2}}\gamma_{\overline{{\thetar}}}}e^{-{\frac{1}{2}}\gamma_{\overline{{\phi\theta}}}}(1-\eta\gamma_{\overline{{0}}}\epsilon^{ij})\epsilon_{0},","\epsilon(g=0)=H^{-1/8}e^{-{\frac{1}{2}}\gamma_{\thetar}}e^{-{\frac{1}{2}}\gamma_{\phi\overline{{\phi}}}}(1-\eta\gamma_{\overline{{0}}}\epsilon^{ij})\epsilon_{0},","\epsilon(g=0)=H^{-1/8}e^{-\frac{1}{2}\gamma_{\overline{{\thetar}e^{-\frac{1}{2}\gamma_{\overline{{\phi\theta}(1-\eta\gamma_{\overline{{0}\epsilon^{ij)\epsilon_{0,","\epsilon(g=0)=H^{-1/8}e^{-\frac{1}{2}\gamma_{\thetar}e^{-\frac{1}{2}\gamma_{\phi\overline{{\phi}(1-\eta\gamma_{\overline{{0}\epsilon^{ij)\epsilon_{0,"
84,48fec62a05.png,0,0,97.826,almost_correct,92,90,{\cal{L}}=-\bar{\psi}~\gamma_{\mu}\partial^{\mu}\psi-m~\bar{\psi}W\psi+\mathrm{meson~~terms},{\calL}=-\bar{\psi}~\gamma_{\mu}\partial^{\mu}\psi-m~\bar{\psi}W\psi+\mathrm{meson~~terms},\cal{L=-\bar{\psi}~\gamma_{\mu}\partial^{\mu}\psi-m~\bar{\psi}W\psi+\mathrm{meson~~terms,\calL=-\bar{\psi}~\gamma_{\mu}\partial^{\mu}\psi-m~\bar{\psi}W\psi+\mathrm{meson~~terms
85,1793232a11.png,1,1,100.0,exact,133,133,(\dot{a}_{\perp})_{\mu}(\dot{a}_{\perp})^{\mu}=-(a_{\perp})_{\mu}[g^{\mu\nu}\partial_{\tau}^{2}](a_{\perp})_{\nu}+\mathrm{divergence},(\dot{a}_{\perp})_{\mu}(\dot{a}_{\perp})^{\mu}=-(a_{\perp})_{\mu}[g^{\mu\nu}\partial_{\tau}^{2}](a_{\perp})_{\nu}+\mathrm{divergence},(\dota_{\perp)_{\mu}(\dota_{\perp)^{\mu=-(a_{\perp)_{\mu}[g^{\mu\nu}\partial_\tau^{2](a_{\perp)_{\nu+\mathrm{divergence},(\dota_{\perp)_{\mu}(\dota_{\perp)^{\mu=-(a_{\perp)_{\mu}[g^{\mu\nu}\partial_\tau^{2](a_{\perp)_{\nu+\mathrm{divergence}
86,1ffb93fb54.png,1,1,100.0,exact,127,127,"\Psi_{2}(\lambda_{1},\lambda_{2})=B_{1}(\lambda_{1})B_{1}(\lambda_{2})\left|0\right\rangle-\frac{1}{y(\lambda_{1}-\lambda_{2})}","\Psi_{2}(\lambda_{1},\lambda_{2})=B_{1}(\lambda_{1})B_{1}(\lambda_{2})\left|0\right\rangle-\frac{1}{y(\lambda_{1}-\lambda_{2})}","\Psi_{2}(\lambda_{1,\lambda_{2)=B_{1}(\lambda_{1)B_{1}(\lambda_{2)|0\rangle-\frac{1}{y(\lambda_{1-\lambda_{2)}","\Psi_{2}(\lambda_{1,\lambda_{2)=B_{1}(\lambda_{1)B_{1}(\lambda_{2)|0\rangle-\frac{1}{y(\lambda_{1-\lambda_{2)}"
87,5ce45827e1.png,0,0,93.684,semantic_or_token_error,95,89,{\partial_{\lambda}}F_{\mu\nu}+{\partial_{\mu}}F_{\nu\lambda}+{\partial_{\nu}}F_{\lambda\mu}=0.,\partial_{\lambda}F_{\mu\nu}+\partial_{\mu}F_{\nu\lambda}+\partial_{\nu}F_{\lambda\mu}=0.,{\partial_{\lambda}F_{\mu\nu+{\partial_{\mu}F_{\nu\lambda+{\partial_{\nu}F_{\lambda\mu=0.,\partial_{\lambda}F_{\mu\nu+\partial_{\mu}F_{\nu\lambda+\partial_{\nu}F_{\lambda\mu=0.
88,80781d2893.png,0,1,96.154,canonical_equivalent,52,50,\alpha=-{\frac{1}{8(3+8\operatorname{ln}2)\pi^{2}}}.,\alpha=-\frac{1}{8(3+8\operatorname{ln}2)\pi^{2}}.,\alpha=-\frac{1}{8(3+8\operatorname{ln}2)\pi^{2}.,\alpha=-\frac{1}{8(3+8\operatorname{ln}2)\pi^{2}.
89,2bdc2092fb.png,0,0,98.214,almost_correct,167,168,"R(x,x_{1}\ldotsx_{n})\left(\frac{\delta}{\deltaJ_{-}}+\frac{\delta}{\deltaJ_{+}}\right)^{n}(-i)^{n}\frac{\delta}{\deltaJ_{+}}\langle0|0\rangle_{\pm}\Bigg|_{J_{\pm}=0}.","R(x,x_{1}\ldotsx_{n})\left(\frac{\delta}{\deltaJ_{-}}+\frac{\delta}{\deltaJ_{+}}\right)^{n}(-i)^{n}\frac{\delta}{\deltaJ_{+}}\langle0|0\rangle_{\pm}\right|_{J_{\pm}=0}.","R(x,x_{1}\ldotsx_{n)(\frac{\delta}{\deltaJ_{-+\frac{\delta}{\deltaJ_{+)^{n}(-i)^{n}\frac{\delta}{\deltaJ_{+}\langle0|0\rangle_{\pm}\Bigg|_{J_{\pm=0}.","R(x,x_{1}\ldotsx_{n)(\frac{\delta}{\deltaJ_{-+\frac{\delta}{\deltaJ_{+)^{n}(-i)^{n}\frac{\delta}{\deltaJ_{+}\langle0|0\rangle_{\pm}|_{J_{\pm=0}."
90,110acdb0aa.png,0,0,90.244,semantic_or_token_error,164,148,"\times\bigl[\bar{u}(\bar{p},\sigma)\gamma^{\mu}(\not{p}+m)\gamma^{\nu}u(p,s)\bigr]\sum_{\lambda}\epsilon_{\nu}^{\lambda}(k)\epsilon_{\rho\lambda}(k)f^{\rho}(k,p)\;,","\times[\bar{u}(\bar{p},\sigma)\gamma^{\mu}(p+m)\gamma^{\nu}u(p,s)]\sum_{\lambda}\epsilon_{\nu}^{\lambda}(k)\epsilon_{\rho\lambda}(k)f^{\rho}(k,p)\;,","\times\bigl[\bar{u}(\bar{p,\sigma)\gamma^{\mu}(\not{p+m)\gamma^{\nu}u(p,s)\bigr]\sum_{\lambda}\epsilon_\nu^{\lambda}(k)\epsilon_{\rho\lambda}(k)f^{\rho}(k,p),","\times[\bar{u}(\bar{p,\sigma)\gamma^{\mu}(p+m)\gamma^{\nu}u(p,s)]\sum_{\lambda}\epsilon_\nu^{\lambda}(k)\epsilon_{\rho\lambda}(k)f^{\rho}(k,p),"
91,203de191ab.png,1,1,100.0,exact,119,119,"\tilde{W}_{eff}=-\frac{\mathrm{Pf}\tilde{\Phi}}{\tilde{\Lambda}_{L}^{2\tilde{N}_{c}+1}}+\frac{1}{2\mu}\Phi\tilde{\Phi},","\tilde{W}_{eff}=-\frac{\mathrm{Pf}\tilde{\Phi}}{\tilde{\Lambda}_{L}^{2\tilde{N}_{c}+1}}+\frac{1}{2\mu}\Phi\tilde{\Phi},","\tildeW_{eff=-\frac\mathrm{Pf}\tilde{\Phi}\tilde\Lambda_L^{2\tildeN_{c+1+\frac{1}{2\mu}\Phi\tilde{\Phi,","\tildeW_{eff=-\frac\mathrm{Pf}\tilde{\Phi}\tilde\Lambda_L^{2\tildeN_{c+1+\frac{1}{2\mu}\Phi\tilde{\Phi,"
92,410f1279b0.png,0,1,95.489,canonical_equivalent,133,127,-\betaF={\frac{1}{2}}\int_{0}^{\infty}{\frac{ds}{s}}(1+2\sum_{n=1}^{\infty}e^{-{\frac{4\pi^{2}s}{\beta^{2}}}n^{2}}TrK_{2\omega-1}(s)),-\betaF=\frac{1}{2}\int_{0}^{\infty}\frac{ds}{s}(1+2\sum_{n=1}^{\infty}e^{-\frac{4\pi^{2}s}{\beta^{2}}n^{2}}TrK_{2\omega-1}(s)),-\betaF=\frac{1}{2}\int_0^{\infty}\frac{ds}{s}(1+2\sum_{n=1^{\infty}e^{-\frac{4\pi^{2}s}{\beta^{2}n^{2}TrK_{2\omega-1}(s)),-\betaF=\frac{1}{2}\int_0^{\infty}\frac{ds}{s}(1+2\sum_{n=1^{\infty}e^{-\frac{4\pi^{2}s}{\beta^{2}n^{2}TrK_{2\omega-1}(s))
93,42e788574c.png,1,1,100.0,exact,31,31,"{\calF}=Q{\calA}+{\calA}^{2}=0,","{\calF}=Q{\calA}+{\calA}^{2}=0,","{\calF=Q{\calA+\calA^{2=0,","{\calF=Q{\calA+\calA^{2=0,"
94,1c7224dc40.png,0,0,92.0,semantic_or_token_error,46,50,\tilde{\psi}_{0}(z)=z^{-\fracN4}\varphi_{0}(z),\tilde{\psi}_{0}(z)=z^{-\frac{N}{4}}\varphi_{0}(z),\tilde\psi_{0}(z)=z^{-\fracN4}\varphi_{0}(z),\tilde\psi_{0}(z)=z^{-\frac{N}{4}\varphi_{0}(z)
95,9a658a2a4c.png,0,1,95.556,canonical_equivalent,90,86,"{\calL}_{eff}=-i\int\!\!{\frac{d^{4}p}{(2\pi)^{4}}}tr_{\gamma}\,ln\,G^{-1}(p+i\partial,x),","{\calL}_{eff}=-i\int{\frac{d^{4}p}{(2\pi)^{4}}}tr_{\gamma}\,ln\,G^{-1}(p+i\partial,x),","\calL_{eff=-i\int\frac{d^{4}p}{(2\pi)^{4}tr_{\gamma}lnG^{-1}(p+i\partial,x),","\calL_{eff=-i\int\frac{d^{4}p}{(2\pi)^{4}tr_{\gamma}lnG^{-1}(p+i\partial,x),"
96,646e070d1d.png,1,1,100.0,exact,75,75,"\hat{H}\equiv\sum_{\alpha=1}^{N+1}c_{\alpha}a_{\alpha}^{\dagger}a_{\alpha},","\hat{H}\equiv\sum_{\alpha=1}^{N+1}c_{\alpha}a_{\alpha}^{\dagger}a_{\alpha},","\hat{H}\equiv\sum_{\alpha=1^{N+1}c_{\alpha}a_\alpha^{\dagger}a_{\alpha,","\hat{H}\equiv\sum_{\alpha=1^{N+1}c_{\alpha}a_\alpha^{\dagger}a_{\alpha,"
97,7ef86f3893.png,1,1,100.0,exact,47,47,\xi^{1*}\left(x\right)=\xi^{6*}\left(x\right)=0,\xi^{1*}\left(x\right)=\xi^{6*}\left(x\right)=0,\xi^{1*}(x)=\xi^{6*}(x)=0,\xi^{1*}(x)=\xi^{6*}(x)=0
98,2ba4f3420c.png,0,1,96.667,canonical_equivalent,58,60,4(2p^{2}-p\frac{dp}{d\phi})-(T^{2}+2\lambda^{2})e^{2\xi}=0,4(2p^{2}-p{\frac{dp}{d\phi}})-(T^{2}+2\lambda^{2})e^{2\xi}=0,4(2p^{2-p\frac{dp}{d\phi)-(T^{2+2\lambda^{2)e^{2\xi=0,4(2p^{2-p\frac{dp}{d\phi)-(T^{2+2\lambda^{2)e^{2\xi=0
99,2db85ea3ee.png,0,0,97.059,almost_correct,68,68,"\{\psi_{ij}(x^{-}),\psi_{kl}(y^{-})\}=\frac{1}{2}\delta(x^{-}-y^{-})","\{\psi_{ij}(x^{-}),\psi_{kl}(y^{-})\}=\frac{1}{2}\delta(x^{--}y^{-})","\{\psi_{ij}(x^{-),\psi_{kl}(y^{-)\=\frac{1}{2}\delta(x^{--y^{-)","\{\psi_{ij}(x^{-),\psi_{kl}(y^{-)\=\frac{1}{2}\delta(x^{--}y^{-)"
100,19c4434c42.png,0,1,91.549,canonical_equivalent,71,69,"\int_{k5}=\int{\frac{d^{4}k}{(2\pi)^{4}}}{\frac{1}{2\ell}}\sum_{k^{5}},","\int_{k5}=\int\frac{d^{4}k}{(2\pi)^{4}}\frac{1}{2\ell}\sum_{k^{5}}\,,","\int_{k5=\int\frac{d^{4}k}{(2\pi)^{4}\frac{1}{2\ell}\sum_{k^{5,","\int_{k5=\int\frac{d^{4}k}{(2\pi)^{4}\frac{1}{2\ell}\sum_{k^{5,"
101,1f0141c2a3.png,1,1,100.0,exact,58,58,\Delta=-D^{2}-\frac{\mathrm{i}}2\sigma_{\mu\nu}F_{\mu\nu}.,\Delta=-D^{2}-\frac{\mathrm{i}}2\sigma_{\mu\nu}F_{\mu\nu}.,\Delta=-D^{2-\frac\mathrm{i}2\sigma_{\mu\nu}F_{\mu\nu}.,\Delta=-D^{2-\frac\mathrm{i}2\sigma_{\mu\nu}F_{\mu\nu}.
102,75dd03aa6c.png,0,1,96.04,canonical_equivalent,101,97,"T_{i}=\{\delta,\sigma^{4}=(\sigma^{1}\sigma^{2}\sigma^{3}),{\vec{\sigma}},\sigma^{4}{\vec{\sigma}}\}.","T_{i}=\{\delta,\sigma^{4}=(\sigma^{1}\sigma^{2}\sigma^{3}),\vec{\sigma},\sigma^{4}\vec{\sigma}\}.","T_{i=\{\delta,\sigma^{4=(\sigma^{1}\sigma^{2}\sigma^{3),\vec{\sigma,\sigma^{4}\vec{\sigma}\}.","T_{i=\{\delta,\sigma^{4=(\sigma^{1}\sigma^{2}\sigma^{3),\vec{\sigma,\sigma^{4}\vec{\sigma}\}."
103,1f032ac533.png,1,1,100.0,exact,165,165,"+\left[-\frac{1}{|\mu|\varrho}K_{1}(|\mu|\varrho)+\frac{1}{(\mu\varrho)^{2}}-\frac{\pi}{\mu^{2}}\delta^{2}(\vec{\varrho})\right]\frac{(\vec{a}\cdot\vec{b})}{2\pi}~~,","+\left[-\frac{1}{|\mu|\varrho}K_{1}(|\mu|\varrho)+\frac{1}{(\mu\varrho)^{2}}-\frac{\pi}{\mu^{2}}\delta^{2}(\vec{\varrho})\right]\frac{(\vec{a}\cdot\vec{b})}{2\pi}~~,","+[-\frac{1}{|\mu|\varrho}K_{1}(|\mu|\varrho)+\frac{1}{(\mu\varrho)^{2-\frac{\pi}{\mu^{2}\delta^{2}(\vec{\varrho)]\frac{(\vec{a}\cdot\vec{b)}{2\pi}~~,","+[-\frac{1}{|\mu|\varrho}K_{1}(|\mu|\varrho)+\frac{1}{(\mu\varrho)^{2-\frac{\pi}{\mu^{2}\delta^{2}(\vec{\varrho)]\frac{(\vec{a}\cdot\vec{b)}{2\pi}~~,"
104,1dce02d4ec.png,0,0,83.099,semantic_or_token_error,71,59,"E_{\pmn}=\pm\sqrt{m^{2}+2|eB|(n+{\scriptstyle\frac{1}{2}})-2eBS_{\pm}},","E_{\pmn}=\pm\sqrt{m^{2}+2|eB|(n+{\frac{1}{2}})-2eBS_{\pm}},","E_{\pmn=\pm\sqrt{m^{2+2|eB|(n+{\scriptstyle\frac{1}{2)-2eBS_{\pm,","E_{\pmn=\pm\sqrt{m^{2+2|eB|(n+\frac{1}{2)-2eBS_{\pm,"
105,1b514e50c5.png,0,0,87.013,semantic_or_token_error,77,67,"ds^{2}\,=\,a^{2}(\eta)\bigl[(1+2\Phi)d\eta^{2}-(1-2\Phi)dx^{i}dx_{i}\bigr]\,,","ds^{2}\,=\,a^{2}(\eta)[(1+2\Phi)d\eta^{2}-(1-2\Phi)dx^{i}dx_{i}]\,,","ds^{2=a^{2}(\eta)\bigl[(1+2\Phi)d\eta^{2-(1-2\Phi)dx^{i}dx_{i}\bigr],","ds^{2=a^{2}(\eta)[(1+2\Phi)d\eta^{2-(1-2\Phi)dx^{i}dx_{i],"
106,5fab91c6bc.png,1,1,100.0,exact,64,64,"m\simeqa~\sqrt{|eH|}~\mathrm{e}^{-b\sqrt{\frac{\pi}{\alpha}-c}},","m\simeqa~\sqrt{|eH|}~\mathrm{e}^{-b\sqrt{\frac{\pi}{\alpha}-c}},","m\simeqa~\sqrt{|eH|}~\mathrme^{-b\sqrt\frac{\pi}{\alpha-c,","m\simeqa~\sqrt{|eH|}~\mathrme^{-b\sqrt\frac{\pi}{\alpha-c,"
107,3b50918078.png,1,1,100.0,exact,116,116,"\sigma(x,u)\sigma(x,-u)=\frac{\operatorname{cos}^{2}x}{\operatorname{cos}(x+\lambdau)\operatorname{cos}(x-\lambdau)}","\sigma(x,u)\sigma(x,-u)=\frac{\operatorname{cos}^{2}x}{\operatorname{cos}(x+\lambdau)\operatorname{cos}(x-\lambdau)}","\sigma(x,u)\sigma(x,-u)=\frac\operatorname{cos^{2}x}\operatorname{cos}(x+\lambdau)\operatorname{cos}(x-\lambdau)}","\sigma(x,u)\sigma(x,-u)=\frac\operatorname{cos^{2}x}\operatorname{cos}(x+\lambdau)\operatorname{cos}(x-\lambdau)}"
108,79c32acdd9.png,1,1,100.0,exact,38,38,\beta_{\mathrm{SG}}=2g_{\mathrm{eff}}.,\beta_{\mathrm{SG}}=2g_{\mathrm{eff}}.,\beta_\mathrm{SG=2g_\mathrm{eff}.,\beta_\mathrm{SG=2g_\mathrm{eff}.
109,24266904e7.png,0,1,98.387,canonical_equivalent,124,122,"\Psi_{\xi}(P_{0})=\operatorname{exp}\left[\frac{i\xi\kappa}{(a+1)}\left(1-e^{-(a+1)P_{0}/\kappa}\right)\right]\,\psi(P_{0}),","\Psi_{\xi}(P_{0})=\operatorname{exp}\left[\frac{i\xi\kappa}{(a+1)}\left(1-e^{-(a+1)P_{0}/\kappa}\right)\right]\psi(P_{0}),","\Psi_{\xi}(P_{0)=\operatorname{exp}[\frac{i\xi\kappa}{(a+1)}(1-e^{-(a+1)P_{0}/\kappa)]\psi(P_{0),","\Psi_{\xi}(P_{0)=\operatorname{exp}[\frac{i\xi\kappa}{(a+1)}(1-e^{-(a+1)P_{0}/\kappa)]\psi(P_{0),"
110,6b3ec23fe9.png,0,0,91.818,semantic_or_token_error,110,105,{\frac{M^{\prime}}{4\pi\kappa\lambda}}=-\left(q^{a}+{\frac{\eta^{a}}{\lambda}}\right)\epsilon_{a}^{~~b}p_{b}~.,\frac{M^{\prime}}{4\pi\kappa\lambda}=-\left(q^{a}+\frac{\eta^{a}}{\lambda}\right)\epsilon_{a}\;^{b}p_{b}.,\frac{M^{\prime}{4\pi\kappa\lambda=-(q^{a+\frac{\eta^{a}{\lambda)\epsilon_a^{~~b}p_{b}~.,\frac{M^{\prime}{4\pi\kappa\lambda=-(q^{a+\frac{\eta^{a}{\lambda)\epsilon_a^{b}p_{b}.
111,60e27f6f6b.png,1,1,100.0,exact,42,42,-\frac{1}{8z_{0}^{2}}+V^{\prime}(z_{0})=0.,-\frac{1}{8z_{0}^{2}}+V^{\prime}(z_{0})=0.,-\frac{1}{8z_0^{2+V^{\prime}(z_{0)=0.,-\frac{1}{8z_0^{2+V^{\prime}(z_{0)=0.
112,1c247eaaad.png,0,0,94.03,semantic_or_token_error,67,63,{\mathcalL}=-\frac{1}{2}F\wedge^{*}F+\frac{1}{2}|D\phi|^{2}-U(\phi),{\calL}=-\frac{1}{2}F\wedge^{*}F+\frac{1}{2}|D\phi|^{2}-U(\phi),\mathcalL=-\frac{1}{2}F\wedge^{*}F+\frac{1}{2}|D\phi|^{2-U(\phi),{\calL=-\frac{1}{2}F\wedge^{*}F+\frac{1}{2}|D\phi|^{2-U(\phi)
113,3fdfde7724.png,0,0,93.651,semantic_or_token_error,126,120,i(2\pi)^{4}\Phi(q_{12}P_{12})={\Delta_{1}}^{-1}{\Delta_{2}}^{-1}\lambda\intd^{4}{q_{12}}^{\prime}\Phi({q_{12}}^{\prime}P_{12}),i(2\pi)^{4}\Phi(q_{12}P_{12})=\Delta_{1}^{-1}\Delta_{2}^{-1}\lambda\intd^{4}q_{12}^{\prime}\Phi(q_{12}{}^{\prime}P_{12}),i(2\pi)^{4}\Phi(q_{12}P_{12)={\Delta_1^{-1}{\Delta_2^{-1}\lambda\intd^{4}{q_{12^{\prime}\Phi({q_{12^{\prime}P_{12),i(2\pi)^{4}\Phi(q_{12}P_{12)=\Delta_1^{-1}\Delta_2^{-1}\lambda\intd^{4}q_{12^{\prime}\Phi(q_{12}{^{\prime}P_{12)
114,76f96b5889.png,0,0,79.508,missing_factorial,122,113,"\delta_{_\ominus}\overline{Q}\sim\widehatQ{\frac{Mw}{4c^{2}\mu^{2}}}\,\operatorname{ln}\big\{{\frac{w_{\!_{\odot}}}{w}}\}.","\delta_{_\Theta}\overline{{Q}}\sim\widehat{Q}\frac{Mw}{4c^{2}\mu^{2}}\,\operatorname{ln}\{\frac{w_{\infty}}{w}\}.",\delta_{_\ominus}\overline{Q}\sim\widehatQ\frac{Mw}{4c^{2}\mu^{2}\operatorname{ln}\big\\frac{w_{_{\odot}{w}\}.,\delta_{_\Theta}\overline{{Q}\sim\widehat{Q}\frac{Mw}{4c^{2}\mu^{2}\operatorname{ln}\\frac{w_{\infty}{w}\}.
115,8eff38b160.png,0,1,98.198,canonical_equivalent,109,111,E_{\mathrm{BI}}=\sqrt{(N\tau_{0})^{2}+(A\tau_{2})^{2}}=N\tau_{0}+\frac{A^{2}\tau_{2}^{2}}{2N\tau_{0}}+\cdots.,E_{\mathrm{BI}}=\sqrt{(N\tau_{0})^{2}+(A\tau_{2})^{2}}=N\tau_{0}+{\frac{A^{2}\tau_{2}^{2}}{2N\tau_{0}}}+\cdots.,E_\mathrm{BI=\sqrt{(N\tau_{0)^{2+(A\tau_{2)^{2=N\tau_{0+\frac{A^{2}\tau_2^{2}{2N\tau_{0+\cdots.,E_\mathrm{BI=\sqrt{(N\tau_{0)^{2+(A\tau_{2)^{2=N\tau_{0+\frac{A^{2}\tau_2^{2}{2N\tau_{0+\cdots.
116,5b21e90f7d.png,1,1,100.0,exact,60,60,"g_{a\bar{b}}=\partial_{a}\,\partial_{\bar{b}}\,K(z,\bar{z}).","g_{a\bar{b}}=\partial_{a}\,\partial_{\bar{b}}\,K(z,\bar{z}).","g_{a\bar{b=\partial_{a}\partial_\bar{b}K(z,\bar{z).","g_{a\bar{b=\partial_{a}\partial_\bar{b}K(z,\bar{z)."
117,4e4a92826c.png,0,0,59.091,too_long,30,44,P_{0}[A]=e^{i\Gamma[A]}^{2}\;.,P_{0}[A]=\left\|e^{i\Gamma[A]\|}\right|^{2}.,P_{0}[A]=e^{i\Gamma[A]^{2}.,P_{0}[A]=\|e^{i\Gamma[A]\|}|^{2}.
118,3f0fd99b69.png,0,1,92.661,canonical_equivalent,109,101,"ds^{2}=H_{p}(u)^{-1/2}[-dt^{2}+(d{{\vec{x}}^{\parallel}})^{2}]+H_{p}(u)^{1/2}(d{{\vec{x}}^{\perp}})^{2}\quad,","ds^{2}=H_{p}(u)^{-1/2}[-dt^{2}+(d\vec{x}^{\parallel})^{2}]+H_{p}(u)^{1/2}(d\vec{x}^{\perp})^{2}\quad,","ds^{2=H_{p}(u)^{-1/2}[-dt^{2+(d\vecx^{\parallel)^{2]+H_{p}(u)^{1/2}(d\vecx^{\perp)^{2,","ds^{2=H_{p}(u)^{-1/2}[-dt^{2+(d\vecx^{\parallel)^{2]+H_{p}(u)^{1/2}(d\vecx^{\perp)^{2,"
119,63bafe67ad.png,0,0,89.286,semantic_or_token_error,56,50,"{\calN}=e^{\lambdaT}{\calN}_{0}\equiv{\calS}{\calN}_{0},","{\calN}=e^{\lambdaT}{\calN}_{0}\equiv{\calSN}_{0},","{\calN=e^{\lambdaT}\calN_{0}\equiv{\calS}\calN_{0,","{\calN=e^{\lambdaT}\calN_{0}\equiv\calSN_{0,"
120,1b2dc00baf.png,1,1,100.0,exact,65,65,\int{\calD}X^{\mu}(\lambda)\equiv\intd\xi_{n}^{\mu}\sqrt{g(\xi)}.,\int{\calD}X^{\mu}(\lambda)\equiv\intd\xi_{n}^{\mu}\sqrt{g(\xi)}.,\int{\calD}X^{\mu}(\lambda)\equiv\intd\xi_n^{\mu}\sqrt{g(\xi)}.,\int{\calD}X^{\mu}(\lambda)\equiv\intd\xi_n^{\mu}\sqrt{g(\xi)}.
121,251f6b4af0.png,0,1,95.276,canonical_equivalent,127,121,"S_{\mathrm{surf}}=-{\frac{i}{8\pi}}\intd\psi\,4\pir^{2}\left[{\frac{\sqrt{M^{2}-Q^{2}}}{r^{2}}}+{\frac{Q^{2}}{r^{3}}}\right]\;,","S_{\mathrm{surf}}=-\frac{i}{8\pi}\intd\psi\,4\pir^{2}\left[\frac{\sqrt{M^{2}-Q^{2}}}{r^{2}}+\frac{Q^{2}}{r^{3}}\right]\;,","S_\mathrm{surf=-\frac{i}{8\pi}\intd\psi4\pir^{2}[\frac\sqrt{M^{2-Q^{2}{r^{2+\frac{Q^{2}{r^{3],","S_\mathrm{surf=-\frac{i}{8\pi}\intd\psi4\pir^{2}[\frac\sqrt{M^{2-Q^{2}{r^{2+\frac{Q^{2}{r^{3],"
122,228a9756cf.png,0,1,96.552,canonical_equivalent,56,58,"C_{4}=c^{A}(x)\wedge\Omega_{A}+a(x)\,\hat{\Omega}_{(4)}.","C_{4}=c^{A}(x)\wedge\Omega_{A}+a(x)\,\hat{\Omega}_{(4)}\;.",C_{4=c^{A}(x)\wedge\Omega_{A+a(x)\hat\Omega_{(4)}.,C_{4=c^{A}(x)\wedge\Omega_{A+a(x)\hat\Omega_{(4)}.
123,2c5bc5f5e0.png,0,0,87.5,semantic_or_token_error,52,56,"\mathrm{Spin}(d)\hookrightarrow\mathrm{SO}(s_{d})\;,","\mathrm{Spin}(d)\longleftrightarrow\mathrm{SO}(s_{d})\;,","\mathrm{Spin}(d)\hookrightarrow\mathrm{SO}(s_{d),","\mathrm{Spin}(d)\longleftrightarrow\mathrm{SO}(s_{d),"
124,3d6c8c6a08.png,1,1,100.0,exact,99,99,\bar{\Delta}_{\hbar}^{a}\bar{\Delta}_{\hbar}^{b}+\bar{\Delta}_{\hbar}^{b}\bar{\Delta}_{\hbar}^{a}=0,\bar{\Delta}_{\hbar}^{a}\bar{\Delta}_{\hbar}^{b}+\bar{\Delta}_{\hbar}^{b}\bar{\Delta}_{\hbar}^{a}=0,\bar\Delta_\hbar^{a}\bar\Delta_\hbar^{b+\bar\Delta_\hbar^{b}\bar\Delta_\hbar^{a=0,\bar\Delta_\hbar^{a}\bar\Delta_\hbar^{b+\bar\Delta_\hbar^{b}\bar\Delta_\hbar^{a=0
125,11804cfabf.png,0,1,96.791,canonical_equivalent,187,181,"L_{0}=\frac{M}{2}{\dot{q}}^{2}-V(q)+\sum_{\alpha=1}^{N}\{\frac{m_{\alpha}}{2}{\dot{x}_{\alpha}}^{2}-\frac{m_{\alpha}}{2}\omega_{\alpha}^{2}x_{\alpha}^{2}+{\epsilon}_{\alpha}x_{\alpha}q\},","L_{0}=\frac{M}{2}\dot{q}^{2}-V(q)+\sum_{\alpha=1}^{N}\{\frac{m_{\alpha}}{2}\dot{x}_{\alpha}^{2}-\frac{m_{\alpha}}{2}\omega_{\alpha}^{2}x_{\alpha}^{2}+\epsilon_{\alpha}x_{\alpha}q\},","L_{0=\frac{M}{2}\dotq^{2-V(q)+\sum_{\alpha=1^{N}\\frac{m_{\alpha}{2}\dotx_\alpha^{2-\frac{m_{\alpha}{2}\omega_\alpha^{2}x_\alpha^{2+\epsilon_{\alpha}x_{\alpha}q\,","L_{0=\frac{M}{2}\dotq^{2-V(q)+\sum_{\alpha=1^{N}\\frac{m_{\alpha}{2}\dotx_\alpha^{2-\frac{m_{\alpha}{2}\omega_\alpha^{2}x_\alpha^{2+\epsilon_{\alpha}x_{\alpha}q\,"
126,7d8ab98ff3.png,1,1,100.0,exact,48,48,-\frac{1}{8z^{2}}+V^{\prime}(z)=F_{1}(z)F_{2}(z),-\frac{1}{8z^{2}}+V^{\prime}(z)=F_{1}(z)F_{2}(z),-\frac{1}{8z^{2+V^{\prime}(z)=F_{1}(z)F_{2}(z),-\frac{1}{8z^{2+V^{\prime}(z)=F_{1}(z)F_{2}(z)
127,623e005fb6.png,1,1,100.0,exact,70,70,\Phi_{i}=x_{i}(t)+\theta\psi_{i}(t)+i\bar{\theta}\theta\dot{x}_{i}(t).,\Phi_{i}=x_{i}(t)+\theta\psi_{i}(t)+i\bar{\theta}\theta\dot{x}_{i}(t).,\Phi_{i=x_{i}(t)+\theta\psi_{i}(t)+i\bar{\theta}\theta\dotx_{i}(t).,\Phi_{i=x_{i}(t)+\theta\psi_{i}(t)+i\bar{\theta}\theta\dotx_{i}(t).
128,a732be3e8d.png,1,1,100.0,exact,131,131,"2(1-{\calG}_{3}^{2})^{2}\left\{{\calG}_{3},\tau\right\}=-\left(3+{\calG}_{3}^{2}\right)\left(\partial_{\tau}{\calG}_{3}\right)^{2}.","2(1-{\calG}_{3}^{2})^{2}\left\{{\calG}_{3},\tau\right\}=-\left(3+{\calG}_{3}^{2}\right)\left(\partial_{\tau}{\calG}_{3}\right)^{2}.","2(1-\calG_3^{2)^{2}\{\calG_{3,\tau\=-(3+\calG_3^{2)(\partial_{\tau}\calG_{3)^{2}.","2(1-\calG_3^{2)^{2}\{\calG_{3,\tau\=-(3+\calG_3^{2)(\partial_{\tau}\calG_{3)^{2}."
129,498fd0b73d.png,1,1,100.0,exact,46,46,"\alpha=\sum_{i,j}\alpha_{ij}p_{i}d_{f}p_{j}+A.","\alpha=\sum_{i,j}\alpha_{ij}p_{i}d_{f}p_{j}+A.","\alpha=\sum_{i,j}\alpha_{ij}p_{i}d_{f}p_{j+A.","\alpha=\sum_{i,j}\alpha_{ij}p_{i}d_{f}p_{j+A."
130,2cfea980fd.png,0,0,91.429,semantic_or_token_error,70,69,"K_{i}^{[J]}=\frac{1}{2}[Y_{i00}+Y_{iJJ}-2\epsilon_{J,m}Y_{i0J}]\;\;\;.","K_{i}^{[J]}=\frac{1}{2}[Y_{i00}+Y_{i,J}-2\epsilon_{J,m}Y_{i0J}]\quad.","K_i^{[J]=\frac{1}{2}[Y_{i00+Y_{iJJ-2\epsilon_{J,m}Y_{i0J].","K_i^{[J]=\frac{1}{2}[Y_{i00+Y_{i,J-2\epsilon_{J,m}Y_{i0J]."
131,1d31b44b5e.png,1,1,100.0,exact,93,93,c_{AB}=\sqrt{g}\left(\begin{array}{ll}{f}&{0}\{0}&{2\gamma\Phig_{\mu\nu}}\\end{array}\right).,c_{AB}=\sqrt{g}\left(\begin{array}{ll}{f}&{0}\{0}&{2\gamma\Phig_{\mu\nu}}\\end{array}\right).,c_{AB=\sqrt{g}(\begin{array}{ll}{f}&{0}\{0}&{2\gamma\Phig_{\mu\nu}\\end{array).,c_{AB=\sqrt{g}(\begin{array}{ll}{f}&{0}\{0}&{2\gamma\Phig_{\mu\nu}\\end{array).
132,5d0141d630.png,0,1,98.148,canonical_equivalent,108,106,{\hat{M}}^{\mu\nu}=M^{\mu\nu}+\intV(x)(x^{\nu}\lambda^{\mu}-x^{\mu}\lambda^{\nu})\delta(\lambdax-\tau)d^{4}x,\hat{M}^{\mu\nu}=M^{\mu\nu}+\intV(x)(x^{\nu}\lambda^{\mu}-x^{\mu}\lambda^{\nu})\delta(\lambdax-\tau)d^{4}x,\hatM^{\mu\nu=M^{\mu\nu+\intV(x)(x^{\nu}\lambda^{\mu-x^{\mu}\lambda^{\nu)\delta(\lambdax-\tau)d^{4}x,\hatM^{\mu\nu=M^{\mu\nu+\intV(x)(x^{\nu}\lambda^{\mu-x^{\mu}\lambda^{\nu)\delta(\lambdax-\tau)d^{4}x
133,41df96d8ab.png,0,0,54.783,too_short,115,73,"W(\lbrace\mathbf{a}_{i}\rbrace;B_{ij})=W(\lbrace0,\mathbf{a}_{i\neq1}\rbrace;0)W(\lbrace\mathbf{a}_{1},0\rbrace;0).","W(\{{\bfa}_{i}\};B_{ij})=W(\{0,{\bfa}_{i\neq1}\};0)W(\{{\bfa}_{1},0\};0).","W(\lbrace\mathbfa_{i}\rbrace;B_{ij)=W(\lbrace0,\mathbfa_{i\neqq1}\rbrace;0)W(\lbrace\mathbfa_{1,0\rbrace;0).","W(\{\bfa_{i}\};B_{ij)=W(\{0,\bfa_{i\neqq1}\};0)W(\{\bfa_{1,0\};0)."
134,6f119209ed.png,0,0,98.63,almost_correct,146,144,"\deltae=0,\quad\deltav=\dot{\rho},\quad\deltax_{\mu}=\rhoJ_{\mu},\quad\deltaJ_{\mu}=-\rhoe^{-1}\epsilon_{\mu\nu\lambda}\dot{x}{}^{\nu}J^{\lambda},","\deltae=0,\quad\deltav=\dot{\rho},\quad\deltax_{\mu}=\rhoJ_{\mu},\quad\deltaJ_{\mu}=-\rhoe^{-1}\epsilon_{\mu\nu\lambda}\dot{x}^{\nu}J^{\lambda},","\deltae=0,\deltav=\dot{\rho,\deltax_{\mu=\rhoJ_{\mu,\deltaJ_{\mu=-\rhoe^{-1}\epsilon_{\mu\nu\lambda}\dot{x}{^{\nu}J^{\lambda,","\deltae=0,\deltav=\dot{\rho,\deltax_{\mu=\rhoJ_{\mu,\deltaJ_{\mu=-\rhoe^{-1}\epsilon_{\mu\nu\lambda}\dotx^{\nu}J^{\lambda,"
135,201afe28d0.png,0,0,78.75,too_long,63,80,"\Gamma_{1}[\phi]=S[\phi]-\frac{1}{2}\mathrm{Trln}S_{,ij}[\phi],","\Gamma_{1}[\phi]=S[\phi]-\frac{1}{2}\mathrm{Tr}\;\operatorname{ln}S_{,ij}[\phi],","\Gamma_{1}[\phi]=S[\phi]-\frac{1}{2}\mathrm{Trln}S_{,ij}[\phi],","\Gamma_{1}[\phi]=S[\phi]-\frac{1}{2}\mathrm{Tr}\operatorname{ln}S_{,ij}[\phi],"
136,37d91871ef.png,1,1,100.0,exact,129,129,"[\hat{x}^{i},\hat{x}^{j}]=i\hbar\Theta^{ij},\quad[\hat{x}^{i},\hat{p}_{j}]=i\hbar\delta_{j}^{i},\quad[\hat{p}_{i},\hat{p}_{j}]=0.","[\hat{x}^{i},\hat{x}^{j}]=i\hbar\Theta^{ij},\quad[\hat{x}^{i},\hat{p}_{j}]=i\hbar\delta_{j}^{i},\quad[\hat{p}_{i},\hat{p}_{j}]=0.","[\hatx^{i,\hatx^{j]=i\hbar\Theta^{ij,[\hatx^{i,\hatp_{j]=i\hbar\delta_j^{i,[\hatp_{i,\hatp_{j]=0.","[\hatx^{i,\hatx^{j]=i\hbar\Theta^{ij,[\hatx^{i,\hatp_{j]=i\hbar\delta_j^{i,[\hatp_{i,\hatp_{j]=0."
137,6ebde76dab.png,1,1,100.0,exact,81,81,"2L_{123}=C_{123},\qquad2J_{123}+L_{123}(m_{2}^{2}+m_{3}^{2}-m_{1}^{2}-4)=B_{123}.","2L_{123}=C_{123},\qquad2J_{123}+L_{123}(m_{2}^{2}+m_{3}^{2}-m_{1}^{2}-4)=B_{123}.","2L_{123=C_{123,2J_{123+L_{123}(m_2^{2+m_3^{2-m_1^{2-4)=B_{123}.","2L_{123=C_{123,2J_{123+L_{123}(m_2^{2+m_3^{2-m_1^{2-4)=B_{123}."
138,3fd9a7150e.png,0,1,88.889,canonical_equivalent,99,88,"A_{i}=-\frac{1}{q}\frac{\epsilon_{ijk}}{\left(-O^{2}\partial^{2}+m^{2}\right)}O\partial_{j}I_{k}\;,","A_{i}=-\frac{1}{q}\frac{\epsilon_{ijk}}{(-O^{2}\partial^{2}+m^{2})}O\partial_{j}I_{k}\;,","A_{i=-\frac{1}{q}\frac{\epsilon_{ijk}{(-O^{2}\partial^{2+m^{2)}O\partial_{j}I_{k,","A_{i=-\frac{1}{q}\frac{\epsilon_{ijk}{(-O^{2}\partial^{2+m^{2)}O\partial_{j}I_{k,"
139,49843a5400.png,0,0,79.592,semantic_or_token_error,83,98,"f_{ij}(u)=f_{ji}(u)=c\,\mathrm{sgn}(u)=c\,[\theta(u)-\theta(-u)],\qquad1\lei<j\leN,","f_{ij}(u)=f_{ji}(u)=c\operatorname{sgn}(u)=c\left[\theta(u)-\theta(-u)\right],\qquad1\leqi<j\leqN,","f_{ij}(u)=f_{ji}(u)=c\mathrm{sgn}(u)=c[\theta(u)-\theta(-u)],1\lei<j\leN,","f_{ij}(u)=f_{ji}(u)=c\operatorname{sgn}(u)=c[\theta(u)-\theta(-u)],1\leqi<j\leqN,"
140,52275fe017.png,0,1,96.923,canonical_equivalent,65,63,r(1;-t/2)\simc_{1}{\frac{\operatorname{exp}(t^{3/2}/3)}{t^{3/4}}},r(1;-t/2)\simc_{1}\frac{\operatorname{exp}(t^{3/2}/3)}{t^{3/4}},r(1;-t/2)\simc_{1}\frac\operatorname{exp}(t^{3/2}/3)}{t^{3/4},r(1;-t/2)\simc_{1}\frac\operatorname{exp}(t^{3/2}/3)}{t^{3/4}
141,69a0c88f67.png,0,0,79.268,semantic_or_token_error,164,139,"\tilde{P}\;=\;\sum_{n=0}^{\infty}\sum_{\ldots}{\mathrm{const}}(n,\ldots)\;C_{n,\ldots}\:{\cal{B}}\:C_{n-1,\ldots}\:{\cal{B}}\:\cdots\:{\cal{B}}\:C_{0,\ldots}\;\;\;,","\tilde{P}\;=\;\sum_{n=0}^{\infty}\sum_{...}\mathrm{const}(n,\ldots)\;C_{n,..}{\calB}\:C_{n-1,..}\:{\calB}\:\cdots\:{\calB}\:C_{0,..}\;\;\;,","\tilde{P=\sum_{n=0^{\infty}\sum_{\ldots}\mathrm{const}(n,\ldots)C_{n,\ldots}{\cal{B}C_{n-1,\ldots}{\cal{B}\cdots{\cal{B}C_{0,\ldots,","\tilde{P=\sum_{n=0^{\infty}\sum_{...}\mathrm{const}(n,\ldots)C_{n,..}{\calB}C_{n-1,..}{\calB}\cdots{\calB}C_{0,..,"
142,2028364187.png,0,1,96.825,canonical_equivalent,63,61,"\int_{0}^{\infty}dy{\frac{y^{s-1}}{e^{y}-1}}=\Gamma(s)\zeta(s),","\int_{0}^{\infty}dy\frac{y^{s-1}}{e^{y}-1}=\Gamma(s)\zeta(s),","\int_0^{\infty}dy\frac{y^{s-1}{e^{y-1=\Gamma(s)\zeta(s),","\int_0^{\infty}dy\frac{y^{s-1}{e^{y-1=\Gamma(s)\zeta(s),"
143,381aa03c6d.png,1,1,100.0,exact,111,111,"\frac{d\theta}{d\lambda}=-\frac{1}{2}\theta^{2}-\sigma_{ab}\sigma^{ab}+\omega_{ab}\omega^{ab}-R_{ab}N^{a}N^{b},","\frac{d\theta}{d\lambda}=-\frac{1}{2}\theta^{2}-\sigma_{ab}\sigma^{ab}+\omega_{ab}\omega^{ab}-R_{ab}N^{a}N^{b},","\frac{d\theta}{d\lambda=-\frac{1}{2}\theta^{2-\sigma_{ab}\sigma^{ab+\omega_{ab}\omega^{ab-R_{ab}N^{a}N^{b,","\frac{d\theta}{d\lambda=-\frac{1}{2}\theta^{2-\sigma_{ab}\sigma^{ab+\omega_{ab}\omega^{ab-R_{ab}N^{a}N^{b,"
144,17f6538940.png,0,0,95.21,almost_correct,167,162,\int_{0}^{\infty}d\muN(\mu)(\frac{\alpha(\mu)}{\Omega_{n(t_{m})}^{\mu}})^{2}\operatorname{cos}\Omega_{n(t_{m})}^{\mu}t=2\Gamma\delta_{1/\Delta_{n(t_{m})}^{\Omega}}(t).,\int_{0}^{\infty}d\muN(\mu)(\frac{\alpha(\mu)}{\Omega_{n(t_{m})}^{\mu}})^{2}\operatorname{cos}\Omega_{n(t_{m})}^{\mu}t=2\Gamma\delta_{1/\Delta_{n(t_{m})}}^{0}(t).,\int_0^{\infty}d\muN(\mu)(\frac{\alpha(\mu)}{\Omega_{n(t_{m)^{\mu)^{2}\operatorname{cos}\Omega_{n(t_{m)^{\mu}t=2\Gamma\delta_{1/\Delta_{n(t_{m)^{\Omega}(t).,\int_0^{\infty}d\muN(\mu)(\frac{\alpha(\mu)}{\Omega_{n(t_{m)^{\mu)^{2}\operatorname{cos}\Omega_{n(t_{m)^{\mu}t=2\Gamma\delta_{1/\Delta_{n(t_{m)^{0}(t).
145,5c53f47517.png,0,0,81.395,semantic_or_token_error,70,86,"f(u\to\infty)=1,\qquadf(u\to\Lambda^{2})\simd_{0}(u-\Lambda^{2})^{-2}.","f(u\rightarrow\infty)=1,\qquadf(u\rightarrow\Lambda^{2})\simd_{0}(u-\Lambda^{2})^{-2}.","f(u\rightarrow\infty)=1,f(u\rightarrow\Lambda^{2)\simd_{0}(u-\Lambda^{2)^{-2}.","f(uarrow\infty)=1,f(uarrow\Lambda^{2)\simd_{0}(u-\Lambda^{2)^{-2}."
146,7555e8d5e8.png,1,1,100.0,exact,41,41,W(\Phi)=g(a^{2}\Phi-\frac{1}{3}\Phi^{3}).,W(\Phi)=g(a^{2}\Phi-\frac{1}{3}\Phi^{3}).,W(\Phi)=g(a^{2}\Phi-\frac{1}{3}\Phi^{3).,W(\Phi)=g(a^{2}\Phi-\frac{1}{3}\Phi^{3).
147,7e98d64bf8.png,1,1,100.0,exact,43,43,"m\simeqa~\sqrt{|gH|}~\mathrm{e}^{-2\pib/g},","m\simeqa~\sqrt{|gH|}~\mathrm{e}^{-2\pib/g},","m\simeqa~\sqrt{|gH|}~\mathrme^{-2\pib/g,","m\simeqa~\sqrt{|gH|}~\mathrme^{-2\pib/g,"
148,5fe5b334c9.png,0,1,91.971,canonical_equivalent,137,126,"\left[\Psi_{M}^{+}(x),\overline{{\Psi}}_{N}^{-}(y)\right]=(2\pi)^{-3}\int\frac{\left(m-i\widehat{p}\right)_{MN}}{2p_{0}}e^{ip(x-y)}d^{3}p","\left[\Psi_{M}^{+}(x),\overline{{\Psi}}_{N}^{-}(y)\right]=(2\pi)^{-3}\int\frac{(m-i\widehat{p})_{MN}}{2p_{0}}e^{ip(x-y)}d^{3}p","[\Psi_M^{+}(x),\overline{\Psi_N^{-}(y)]=(2\pi)^{-3}\int\frac{(m-i\widehat{p)_{MN}{2p_{0}e^{ip(x-y)}d^{3}p","[\Psi_M^{+}(x),\overline{\Psi_N^{-}(y)]=(2\pi)^{-3}\int\frac{(m-i\widehat{p)_{MN}{2p_{0}e^{ip(x-y)}d^{3}p"
149,32d381f0f5.png,1,1,100.0,exact,92,92,"\tilde{\delta}_{\perp}\omega_{ij}=k_{j}\tilde{\nabla}\Phi_{i}-k_{i}\tilde{\nabla}\Phi_{j}\,.","\tilde{\delta}_{\perp}\omega_{ij}=k_{j}\tilde{\nabla}\Phi_{i}-k_{i}\tilde{\nabla}\Phi_{j}\,.",\tilde\delta_{\perp}\omega_{ij=k_{j}\tilde{\nabla}\Phi_{i-k_{i}\tilde{\nabla}\Phi_{j}.,\tilde\delta_{\perp}\omega_{ij=k_{j}\tilde{\nabla}\Phi_{i-k_{i}\tilde{\nabla}\Phi_{j}.
150,11c3978b72.png,1,1,100.0,exact,158,158,G_{ab}=\left(\begin{array}{ll}{e^{\varphi}g_{\mu\nu}+G_{\tau\tau}A_{\mu}A_{\nu}}&{G_{\tau\tau}A_{\nu}}\{G_{\tau\tau}A_{\nu}}&{G_{\tau\tau}}\\end{array}\right),G_{ab}=\left(\begin{array}{ll}{e^{\varphi}g_{\mu\nu}+G_{\tau\tau}A_{\mu}A_{\nu}}&{G_{\tau\tau}A_{\nu}}\{G_{\tau\tau}A_{\nu}}&{G_{\tau\tau}}\\end{array}\right),G_{ab=(\begin{array}{ll}{e^{\varphi}g_{\mu\nu+G_{\tau\tau}A_{\mu}A_{\nu}&{G_{\tau\tau}A_{\nu}\{G_{\tau\tau}A_{\nu}&{G_{\tau\tau}\\end{array),G_{ab=(\begin{array}{ll}{e^{\varphi}g_{\mu\nu+G_{\tau\tau}A_{\mu}A_{\nu}&{G_{\tau\tau}A_{\nu}\{G_{\tau\tau}A_{\nu}&{G_{\tau\tau}\\end{array)
151,5d1c95af2a.png,0,0,93.382,semantic_or_token_error,136,127,"\langle\xi_{i}(x,t)\xi_{j}(x^{\prime},t^{\prime})\rangle=2\sigma_{\mathrm{c}}T\delta_{ij}\delta^{3}(x-x^{\prime})\delta(t-t^{\prime})\,.","\langle\xi_{i}(x,t)\xi_{j}(x^{\prime},t^{\prime})\rangle=2\sigma_{c}T\delta_{ij}\delta^{3}(x-x^{\prime})\delta(t-t^{\prime})\,.","\langle\xi_{i}(x,t)\xi_{j}(x^{\prime,t^{\prime)\rangle=2\sigma_\mathrm{c}T\delta_{ij}\delta^{3}(x-x^{\prime)\delta(t-t^{\prime).","\langle\xi_{i}(x,t)\xi_{j}(x^{\prime,t^{\prime)\rangle=2\sigma_{c}T\delta_{ij}\delta^{3}(x-x^{\prime)\delta(t-t^{\prime)."
152,1be097b73b.png,0,0,92.105,semantic_or_token_error,140,152,"U_{g\xi}=\frac{1}{2}\operatorname{ln}\left(\frac{r(\xi)}{r}\right),T_{g\xi}=\frac{1}{2}\operatorname{ln}\left(\frac{f(r(\xi))}{f(r)}\right).","U_{g\xi}~=~\frac{1}{2}\operatorname{ln}\left(\frac{r(\xi)}{r}\right)~,\qquadT_{g\xi}~=~\frac{1}{2}\operatorname{ln}\left(\frac{f(r(\xi))}{f(r)}\right)~.","U_{g\xi=\frac{1}{2}\operatorname{ln}(\frac{r(\xi)}{r),T_{g\xi=\frac{1}{2}\operatorname{ln}(\frac{f(r(\xi))}{f(r)).","U_{g\xi}~=~\frac{1}{2}\operatorname{ln}(\frac{r(\xi)}{r)~,T_{g\xi}~=~\frac{1}{2}\operatorname{ln}(\frac{f(r(\xi))}{f(r))~."
153,5d5660fdd7.png,1,1,100.0,exact,99,99,"D_{ab}C=\pm2\chi_{NP},\;D_{ab}^{2}C=2\Bigl(\delta_{ac}-\delta_{ad}-\delta_{bc}+\delta_{bd}\Bigr)\;,","D_{ab}C=\pm2\chi_{NP},\;D_{ab}^{2}C=2\Bigl(\delta_{ac}-\delta_{ad}-\delta_{bc}+\delta_{bd}\Bigr)\;,","D_{ab}C=\pm2\chi_{NP,D_{ab^{2}C=2\Bigl(\delta_{ac-\delta_{ad-\delta_{bc+\delta_{bd}\Bigr),","D_{ab}C=\pm2\chi_{NP,D_{ab^{2}C=2\Bigl(\delta_{ac-\delta_{ad-\delta_{bc+\delta_{bd}\Bigr),"
154,53d3d9a4f8.png,0,0,85.965,semantic_or_token_error,57,52,\frac{{\sfr}_{1}}{l}=e^{-{\sft}_{1}/l}-e^{-{\sft}_{0}/l}.,\frac{r_{1}}{l}=e^{-{\bfr}_{1}/l}-e^{-{\bft}_{0}/l}.,\frac{\sfr_{1}{l=e^{-\sft_{1}/l-e^{-\sft_{0}/l}.,\frac{r_{1}{l=e^{-\bfr_{1}/l-e^{-\bft_{0}/l}.
155,4f0e434ef8.png,1,1,100.0,exact,73,73,"\{\chi_{D}^{\prime\prime},\chi_{D}^{\prime\prime}\}=i\chi^{\prime\prime}.","\{\chi_{D}^{\prime\prime},\chi_{D}^{\prime\prime}\}=i\chi^{\prime\prime}.","\{\chi_D^{\prime\prime,\chi_D^{\prime\prime}\=i\chi^{\prime\prime}.","\{\chi_D^{\prime\prime,\chi_D^{\prime\prime}\=i\chi^{\prime\prime}."
156,5dc140f0f9.png,1,1,100.0,exact,89,89,"2v_{\bar{z}}\left(s+\alpha(t,s),s^{-1}+\overline{{\alpha(t,s)}}\right)=\dot{\alpha}(t,s).","2v_{\bar{z}}\left(s+\alpha(t,s),s^{-1}+\overline{{\alpha(t,s)}}\right)=\dot{\alpha}(t,s).","2v_\bar{z}(s+\alpha(t,s),s^{-1+\overline{{\alpha(t,s))=\dot{\alpha}(t,s).","2v_\bar{z}(s+\alpha(t,s),s^{-1+\overline{{\alpha(t,s))=\dot{\alpha}(t,s)."
157,31fdb57dac.png,0,0,90.0,semantic_or_token_error,200,182,"b_{k}^{\mathrm{s}}=\epsilon_{kij}\partial_{i}a_{j}^{\mathrm{s}}=\epsilon_{kij}\partial_{i}\left(\frac{1}{2ig}\mathrm{tr}\,\tau_{3}\,\Omega_{\mathrm{D}}\partial_{j}\Omega_{\mathrm{D}}^{\dagger}\right),","b_{k}^{8}=\epsilon_{kij}\partial_{i}a_{j}^{8}=\epsilon_{kij}\partial_{i}\left(\frac{1}{2ig}\mathrm{tr}\,\tau_{3}\,\Omega_{\mathrm{D}}\partial_{j}\Omega_{\mathrm{D}}^{\dagger}\right),","b_k^\mathrm{s=\epsilon_{kij}\partial_{i}a_j^\mathrm{s=\epsilon_{kij}\partial_{i}(\frac{1}{2ig}\mathrm{tr}\tau_{3}\Omega_\mathrm{D}\partial_{j}\Omega_\mathrmD^{\dagger),","b_k^{8=\epsilon_{kij}\partial_{i}a_j^{8=\epsilon_{kij}\partial_{i}(\frac{1}{2ig}\mathrm{tr}\tau_{3}\Omega_\mathrm{D}\partial_{j}\Omega_\mathrmD^{\dagger),"
158,57aa9d938d.png,1,1,100.0,exact,72,72,"[f^{k}(\vec{x}),f^{j}(\vec{y})]=-im\epsilon^{kj}\delta(\vec{x}-\vec{y}),","[f^{k}(\vec{x}),f^{j}(\vec{y})]=-im\epsilon^{kj}\delta(\vec{x}-\vec{y}),","[f^{k}(\vec{x),f^{j}(\vec{y)]=-im\epsilon^{kj}\delta(\vec{x-\vec{y),","[f^{k}(\vec{x),f^{j}(\vec{y)]=-im\epsilon^{kj}\delta(\vec{x-\vec{y),"
159,723d51af57.png,1,1,100.0,exact,136,136,"X_{\pmz^{a}}=\theta_{a\bar{a}}S^{N}\bar{z}^{\bar{a}}(S^{\dagger})^{N}+\sum_{n=0}^{N-1}\lambda_{a,n}|n\rangle\langlen|\otimesP_{0}^{(2)},","X_{\pmz^{a}}=\theta_{a\bar{a}}S^{N}\bar{z}^{\bar{a}}(S^{\dagger})^{N}+\sum_{n=0}^{N-1}\lambda_{a,n}|n\rangle\langlen|\otimesP_{0}^{(2)},","X_{\pmz^{a=\theta_{a\bar{a}S^{N}\barz^\bar{a}(S^{\dagger)^{N+\sum_{n=0^{N-1}\lambda_{a,n}|n\rangle\langlen|\otimesP_0^{(2),","X_{\pmz^{a=\theta_{a\bar{a}S^{N}\barz^\bar{a}(S^{\dagger)^{N+\sum_{n=0^{N-1}\lambda_{a,n}|n\rangle\langlen|\otimesP_0^{(2),"
160,1b35e60135.png,0,0,97.826,almost_correct,46,45,d^{3}m_{Pl}^{2}\leqR_{Hubble}\approx10^{28}cm.,d^{3}m_{Pl}^{2}\leqR_{Huble}\approx10^{28}cm.,d^{3}m_{Pl^{2}\leqR_{Hubble}\approx10^{28}cm.,d^{3}m_{Pl^{2}\leqR_{Huble}\approx10^{28}cm.
161,d5d2a24a48.png,0,0,93.75,semantic_or_token_error,30,32,"\dot{X}_{\mu}=\frac{P_{\mu}}T,","\dot{X}_{\mu}=\frac{P_{\mu}}{T},","\dotX_{\mu=\frac{P_{\mu}T,","\dotX_{\mu=\frac{P_{\mu}{T,"
162,57d2a78fd8.png,1,1,100.0,exact,48,48,"(u-z)^{s}\phi(z)\chi(u)=(u-z)^{s}\chi(u)\phi(z),","(u-z)^{s}\phi(z)\chi(u)=(u-z)^{s}\chi(u)\phi(z),","(u-z)^{s}\phi(z)\chi(u)=(u-z)^{s}\chi(u)\phi(z),","(u-z)^{s}\phi(z)\chi(u)=(u-z)^{s}\chi(u)\phi(z),"
163,4a2dbb2a47.png,0,0,97.241,almost_correct,144,145,H-E_{0}=\sum_{n=0}^{\infty}\;a_{m_{1}}^{\dagger}\ldotsa_{m_{n}}^{\dagger}\mid0\rangle\;E(m_{1}\ldotsm_{n})\;\langle0\mida_{m_{n}}\ldotsa_{m_{1}},H-E_{0}=\sum_{n=0}^{\infty}\;a_{m_{1}}^{\dagger}\ldotsa_{m_{n}}^{\dagger}\;|\;0\rangle\;E(m_{1}\ldotsm_{n})\;\langle0\mida_{m_{n}}\ldotsa_{m_{1}},H-E_{0=\sum_{n=0^{\infty}a_{m_1^{\dagger}\ldotsa_{m_n^{\dagger}\mid0\rangleE(m_{1}\ldotsm_{n)\langle0\mida_{m_{n}\ldotsa_{m_{1},H-E_{0=\sum_{n=0^{\infty}a_{m_1^{\dagger}\ldotsa_{m_n^{\dagger}|0\rangleE(m_{1}\ldotsm_{n)\langle0\mida_{m_{n}\ldotsa_{m_{1}
164,3dd41b5906.png,1,1,100.0,exact,75,75,"\Gamma_{A}^{t}=C^{-1}\Gamma_{A}C\;,\;\;C^{\dagger}=C^{-1}\;,\;\;C^{t}=-C\;;","\Gamma_{A}^{t}=C^{-1}\Gamma_{A}C\;,\;\;C^{\dagger}=C^{-1}\;,\;\;C^{t}=-C\;;","\Gamma_A^{t=C^{-1}\Gamma_{A}C,C^{\dagger=C^{-1,C^{t=-C;","\Gamma_A^{t=C^{-1}\Gamma_{A}C,C^{\dagger=C^{-1,C^{t=-C;"
165,111e3c8fbf.png,0,1,88.235,canonical_equivalent,34,30,\nabla^{2}f=\bar{\gamma}F^{4}f\;\;,\nabla^{2}f=\bar{\gamma}F^{4}f,\nabla^{2}f=\bar{\gamma}F^{4}f,\nabla^{2}f=\bar{\gamma}F^{4}f
166,45b56a40f6.png,1,1,100.0,exact,47,47,"A(\omega)=\int_{0}^{\infty}dt\,e^{i\omegat}A(t)","A(\omega)=\int_{0}^{\infty}dt\,e^{i\omegat}A(t)",A(\omega)=\int_0^{\infty}dte^{i\omegat}A(t),A(\omega)=\int_0^{\infty}dte^{i\omegat}A(t)
167,4c4df2cbc6.png,0,0,96.875,almost_correct,62,64,"\phi\rightarrow-\phi,\psi\rightarrowe^{i\alpha}\gamma^{3}\psi,","\phi\rightarrow-\phi,\psi\rightarrowe^{i\alpha}\gamma^{3}\psi~~,","\phiarrow-\phi,\psiarrowe^{i\alpha}\gamma^{3}\psi,","\phiarrow-\phi,\psiarrowe^{i\alpha}\gamma^{3}\psi~~,"
168,1d9fd4e480.png,0,0,63.303,too_short,109,69,"\operatorname*{lim}_{r\rightarrow\infty}\mathrm{\boldmath~\phi~}(r,\theta,t)=\mathrm{\boldmath~\phi~}_{0}(t),","\operatorname*{lim}_{r\rightarrow\infty}\phi(r,\theta,t)=\phi_{0}(t),","\operatorname*{lim_{rarrow\infty}\mathrm{\boldmath~\phi~}(r,\theta,t)=\mathrm{\boldmath~\phi~_{0}(t),","\operatorname*{lim_{rarrow\infty}\phi(r,\theta,t)=\phi_{0}(t),"
169,3a3b6d6b48.png,1,1,100.0,exact,64,64,"L_{\mu}=e^{\sqrt{3}y+\varphi}\nabla_{\mu}\chi+\sigma_{2}K_{\mu},","L_{\mu}=e^{\sqrt{3}y+\varphi}\nabla_{\mu}\chi+\sigma_{2}K_{\mu},","L_{\mu=e^\sqrt{3}y+\varphi}\nabla_{\mu}\chi+\sigma_{2}K_{\mu,","L_{\mu=e^\sqrt{3}y+\varphi}\nabla_{\mu}\chi+\sigma_{2}K_{\mu,"
170,17739f6614.png,1,1,100.0,exact,68,68,"B({\bfx})=c\left((x_{1}-x_{10})^{2}+(x_{2}-x_{20})^{2}\right)+c_{0},","B({\bfx})=c\left((x_{1}-x_{10})^{2}+(x_{2}-x_{20})^{2}\right)+c_{0},","B({\bfx)=c((x_{1-x_{10)^{2+(x_{2-x_{20)^{2)+c_{0,","B({\bfx)=c((x_{1-x_{10)^{2+(x_{2-x_{20)^{2)+c_{0,"
171,31f699cb1f.png,1,1,100.0,exact,57,57,"m_{3/2}\sim\frac{m_{\mathrm{br}}^{2}}{M_{\mathrm{Pl}}}\,,","m_{3/2}\sim\frac{m_{\mathrm{br}}^{2}}{M_{\mathrm{Pl}}}\,,","m_{3/2}\sim\frac{m_\mathrm{br^{2}{M_\mathrm{Pl,","m_{3/2}\sim\frac{m_\mathrm{br^{2}{M_\mathrm{Pl,"
172,7828ee54f5.png,1,1,100.0,exact,144,144,R_{00}=\frac{1}{g^{2}}\left(\frac{f^{\prime\prime}}{f}-\frac{f^{\prime}}{f}\frac{g^{\prime}}{g}+2\frac{f^{\prime}}{f}\frac{h^{\prime}}{h}\right),R_{00}=\frac{1}{g^{2}}\left(\frac{f^{\prime\prime}}{f}-\frac{f^{\prime}}{f}\frac{g^{\prime}}{g}+2\frac{f^{\prime}}{f}\frac{h^{\prime}}{h}\right),R_{00=\frac{1}{g^{2}(\frac{f^{\prime\prime}{f-\frac{f^{\prime}{f}\frac{g^{\prime}{g+2\frac{f^{\prime}{f}\frac{h^{\prime}{h),R_{00=\frac{1}{g^{2}(\frac{f^{\prime\prime}{f-\frac{f^{\prime}{f}\frac{g^{\prime}{g+2\frac{f^{\prime}{f}\frac{h^{\prime}{h)
173,59a89f2481.png,1,1,100.0,exact,107,107,\stackrel{(1)}{\omega}_{\Delta}=\mu_{a_{1}\cdotsa_{\Delta+1}}\eta_{2}^{a_{1}}\cdots\eta_{2}^{a_{\Delta+1}}.,\stackrel{(1)}{\omega}_{\Delta}=\mu_{a_{1}\cdotsa_{\Delta+1}}\eta_{2}^{a_{1}}\cdots\eta_{2}^{a_{\Delta+1}}.,\stackrel{(1)}\omega_{\Delta=\mu_{a_{1}\cdotsa_{\Delta+1}\eta_2^{a_{1}\cdots\eta_2^{a_{\Delta+1}.,\stackrel{(1)}\omega_{\Delta=\mu_{a_{1}\cdotsa_{\Delta+1}\eta_2^{a_{1}\cdots\eta_2^{a_{\Delta+1}.
174,762a3a1dac.png,0,0,99.275,almost_correct,137,138,"\Lambda(\theta;\theta_{1},\ldots,\theta_{N})=\Lambda_{HHM}(\lambda\theta;\theta_{1},\ldots,\theta_{N})\prod_{j=1}^{N}R(\theta-\theta_{j})","\Lambda(\theta;\theta_{1},\ldots,\theta_{N})=\Lambda_{HHM}(\lambda\theta;\theta_{1},\ldots,\theta_{N})~\prod_{j=1}^{N}R(\theta-\theta_{j})","\Lambda(\theta;\theta_{1,\ldots,\theta_{N)=\Lambda_{HHM}(\lambda\theta;\theta_{1,\ldots,\theta_{N)\prod_{j=1^{N}R(\theta-\theta_{j)","\Lambda(\theta;\theta_{1,\ldots,\theta_{N)=\Lambda_{HHM}(\lambda\theta;\theta_{1,\ldots,\theta_{N)~\prod_{j=1^{N}R(\theta-\theta_{j)"
175,25292f7a1e.png,1,1,100.0,exact,138,138,R={\frac{P^{2}t^{2}}{B}}{\frac{\partial}{\partial\kappa}}\left({\frac{B}{P^{2}t^{2}}}{\frac{\partial}{\partial\kappa}}(P^{2}t^{2})\right).,R={\frac{P^{2}t^{2}}{B}}{\frac{\partial}{\partial\kappa}}\left({\frac{B}{P^{2}t^{2}}}{\frac{\partial}{\partial\kappa}}(P^{2}t^{2})\right).,R=\frac{P^{2}t^{2}{B}\frac{\partial}{\partial\kappa}(\frac{B}{P^{2}t^{2}\frac{\partial}{\partial\kappa}(P^{2}t^{2)).,R=\frac{P^{2}t^{2}{B}\frac{\partial}{\partial\kappa}(\frac{B}{P^{2}t^{2}\frac{\partial}{\partial\kappa}(P^{2}t^{2)).
176,1b3105ca14.png,1,1,100.0,exact,114,114,"\phi\left(x^{0}+\tau,{\bfx}\right)=U\left(\phi,\pi\right)^{-1}\phi\left(x^{0},{\bfx}\right)U\left(\phi,\pi\right),","\phi\left(x^{0}+\tau,{\bfx}\right)=U\left(\phi,\pi\right)^{-1}\phi\left(x^{0},{\bfx}\right)U\left(\phi,\pi\right),","\phi(x^{0+\tau,{\bfx)=U(\phi,\pi)^{-1}\phi(x^{0,{\bfx)U(\phi,\pi),","\phi(x^{0+\tau,{\bfx)=U(\phi,\pi)^{-1}\phi(x^{0,{\bfx)U(\phi,\pi),"
177,26be163f0b.png,0,1,97.59,canonical_equivalent,81,83,"[L(0),Y_{Q(z)}^{\prime}(v,x)]=\left(x\frac{d}{dx}+h\right)Y_{Q(z)}^{\prime}(v,x),","[L(0),Y_{Q(z)}^{\prime}(v,x)]=\left(x{\frac{d}{dx}}+h\right)Y_{Q(z)}^{\prime}(v,x),","[L(0),Y_{Q(z)^{\prime}(v,x)]=(x\frac{d}{dx+h)Y_{Q(z)^{\prime}(v,x),","[L(0),Y_{Q(z)^{\prime}(v,x)]=(x\frac{d}{dx+h)Y_{Q(z)^{\prime}(v,x),"
178,4234ce4853.png,1,1,100.0,exact,58,58,\mathrm{I}:2>E>1\quad\mathrm{and}\quad\mathrm{II}:-2<E<-1;,\mathrm{I}:2>E>1\quad\mathrm{and}\quad\mathrm{II}:-2<E<-1;,\mathrm{I}:2>E>1\mathrm{and}\mathrm{II}:-2<E<-1;,\mathrm{I}:2>E>1\mathrm{and}\mathrm{II}:-2<E<-1;
179,ec2df7a9b4.png,0,0,94.444,semantic_or_token_error,143,144,"\left\langle\prod_{a=1}^{N}\left[\psi_{1}^{(a)}(-L,0)\;U\Big({\calC}(L)\Big)\;\overline{{\psi}}_{1}^{(a)}(L,0)\right]\right\rangle_{0}^{\theta}","\left\langle\prod_{a=1}^{N}\left[\psi_{1}^{(a)}(-L,0)\;U\left({\calC}(L)\right)\overline{{\psi}}_{1}^{(a)}(L,0)\right]\right\rangle_{0}^{\theta}","\langle\prod_{a=1^{N}[\psi_1^{(a)}(-L,0)U\Big({\calC}(L)\Big)\overline{\psi_1^{(a)}(L,0)]\rangle_0^{\theta}","\langle\prod_{a=1^{N}[\psi_1^{(a)}(-L,0)U({\calC}(L))\overline{\psi_1^{(a)}(L,0)]\rangle_0^{\theta}"
180,76db24e1e4.png,1,1,100.0,exact,34,34,\frac{d(\xip)}{d\xi}=-\varepsilon.,\frac{d(\xip)}{d\xi}=-\varepsilon.,\frac{d(\xip)}{d\xi=-\varepsilon.,\frac{d(\xip)}{d\xi=-\varepsilon.
181,3ea2cc4b9a.png,1,1,100.0,exact,124,124,"E_{m}(x|A)=\int\frac{d^{n}k}{(2\pi)^{n}\sqrt{g}}\int_{C}\frac{id\lambda}{2\pi}e^{-\lambda^{1/2}}[\sigma_{m}](x,x,k;\lambda),","E_{m}(x|A)=\int\frac{d^{n}k}{(2\pi)^{n}\sqrt{g}}\int_{C}\frac{id\lambda}{2\pi}e^{-\lambda^{1/2}}[\sigma_{m}](x,x,k;\lambda),","E_{m}(x|A)=\int\frac{d^{n}k}{(2\pi)^{n}\sqrt{g}\int_{C}\frac{id\lambda}{2\pi}e^{-\lambda^{1/2}[\sigma_{m](x,x,k;\lambda),","E_{m}(x|A)=\int\frac{d^{n}k}{(2\pi)^{n}\sqrt{g}\int_{C}\frac{id\lambda}{2\pi}e^{-\lambda^{1/2}[\sigma_{m](x,x,k;\lambda),"
182,110ad97b12.png,0,0,97.297,almost_correct,74,74,M_{K^{*}}^{2}-M_{\rho}^{2}=\frac{1}{2\alpha^{\prime}}=0.3\mathrm{GeV}^{2}.,M_{K^{*}}^{2}-M_{\rho}^{2}=\frac{1}{2\alpha^{\prime}}=0.3G\mathrm{eV}^{2}.,M_{K^{*^{2-M_\rho^{2=\frac{1}{2\alpha^{\prime=0.3\mathrm{GeV^{2}.,M_{K^{*^{2-M_\rho^{2=\frac{1}{2\alpha^{\prime=0.3G\mathrm{eV^{2}.
183,63568e9420.png,0,0,82.051,semantic_or_token_error,38,39,"\Bigr[P_{-}\phi\Bigr]_{\partialM}=0\;,","\left[P_{-}\phi\right]_{\partialM}=0\;,","\Bigr[P_{-}\phi\Bigr]_{\partialM=0,","[P_{-}\phi]_{\partialM=0,"
184,30407da679.png,1,1,100.0,exact,65,65,x_{n}=\frac{s_{N-n}x_{M}}{s_{N-M}}+\frac{s_{M-n}x_{N}}{s_{M-N}}-T,x_{n}=\frac{s_{N-n}x_{M}}{s_{N-M}}+\frac{s_{M-n}x_{N}}{s_{M-N}}-T,x_{n=\frac{s_{N-n}x_{M}{s_{N-M+\frac{s_{M-n}x_{N}{s_{M-N-T,x_{n=\frac{s_{N-n}x_{M}{s_{N-M+\frac{s_{M-n}x_{N}{s_{M-N-T
185,1ac13ee6dc.png,0,1,95.556,canonical_equivalent,90,86,"\operatorname{dim}R={\frac{d_{R}N^{n}}{n!}}\prod_{v}\left(1+{\frac{\Delta_{v}}{N}}\right),","\operatorname{dim}R=\frac{d_{R}N^{n}}{n!}\prod_{v}\left(1+\frac{\Delta_{v}}{N}\right),","\operatorname{dim}R=\frac{d_{R}N^{n}{n!}\prod_{v}(1+\frac{\Delta_{v}{N),","\operatorname{dim}R=\frac{d_{R}N^{n}{n!}\prod_{v}(1+\frac{\Delta_{v}{N),"
186,4576bce0e8.png,0,0,96.04,almost_correct,100,101,"\phi(x)=\sum_{n=1}^{\infty}a_{n}(x^{+},x^{\bot})\operatorname{sin}\{\frac{n\pi}{2L}(x^{-}+L)\}\quad.","\phi(x)=\sum_{n=1}^{\infty}a_{n}(x^{+},x^{\perp})\operatorname{sin}\{\frac{n\pi}{2L}(x^{-}+L)\}\quad.","\phi(x)=\sum_{n=1^{\infty}a_{n}(x^{+,x^{\bot)\operatorname{sin}\\frac{n\pi}{2L}(x^{-+L)\}.","\phi(x)=\sum_{n=1^{\infty}a_{n}(x^{+,x^{\perp)\operatorname{sin}\\frac{n\pi}{2L}(x^{-+L)\}."
187,3ba145b143.png,1,1,100.0,exact,132,132,"C_{\alpha\beta}^{\gamma}=\epsilon_{\alpha\beta\mu}m^{\mu\gamma}+\delta_{\beta}^{\gamma}a_{\alpha}-\delta_{\alpha}^{\gamma}a_{\beta},","C_{\alpha\beta}^{\gamma}=\epsilon_{\alpha\beta\mu}m^{\mu\gamma}+\delta_{\beta}^{\gamma}a_{\alpha}-\delta_{\alpha}^{\gamma}a_{\beta},","C_{\alpha\beta^{\gamma=\epsilon_{\alpha\beta\mu}m^{\mu\gamma+\delta_\beta^{\gamma}a_{\alpha-\delta_\alpha^{\gamma}a_{\beta,","C_{\alpha\beta^{\gamma=\epsilon_{\alpha\beta\mu}m^{\mu\gamma+\delta_\beta^{\gamma}a_{\alpha-\delta_\alpha^{\gamma}a_{\beta,"
188,5572ea2a3c.png,0,0,85.714,semantic_or_token_error,70,60,"[p_{a},p_{b}]=if_{ab}^{~~c}\,\,p_{c}~,~~[p_{a},g_{MN}]=(gt_{a})_{MN}~.","[p_{a},p_{b}]=if_{ab}^{c}p_{c},[p_{a},g_{MN}]=(gt_{a})_{MN}.","[p_{a,p_{b]=if_{ab^{~~c}p_{c}~,~~[p_{a,g_{MN]=(gt_{a)_{MN}~.","[p_{a,p_{b]=if_{ab^{c}p_{c,[p_{a,g_{MN]=(gt_{a)_{MN}."
189,63b3339a44.png,0,0,92.661,brace_issue,106,109,"\fbox{\left[\delta_{\xi},\delta_{\chi}\right]V=2\xi^{a}\chi^{b}\left(\Gamma^{M}\right)_{ab}\partial_{M}V.}","\frac{\left[\delta_{\xi},\delta_{\chi}\right\}V=2\xi^{a}\chi^{b}\left(\Gamma^{M}\right)_{ab}\partial_{M}V\,:}","\fbox{[\delta_{\xi,\delta_{\chi]V=2\xi^{a}\chi^{b}(\Gamma^{M)_{ab}\partial_{M}V.}","\frac{[\delta_{\xi,\delta_{\chi}\}V=2\xi^{a}\chi^{b}(\Gamma^{M)_{ab}\partial_{M}V:}"
190,eacf911861.png,1,1,100.0,exact,198,198,"g=d\vec{x}_{a}\Phi_{ab}\cdotd\vec{x}_{b}+\left(\frac{d\phi_{a}}{4\pi}+\vec{\Omega}_{ac}\cdotd\vec{x}_{c}\right)(\Phi^{-1})_{ab}\left(\frac{d\phi_{b}}{4\pi}+\vec{\Omega}_{bd}\cdotd\vec{x}_{d}\right),","g=d\vec{x}_{a}\Phi_{ab}\cdotd\vec{x}_{b}+\left(\frac{d\phi_{a}}{4\pi}+\vec{\Omega}_{ac}\cdotd\vec{x}_{c}\right)(\Phi^{-1})_{ab}\left(\frac{d\phi_{b}}{4\pi}+\vec{\Omega}_{bd}\cdotd\vec{x}_{d}\right),","g=d\vecx_{a}\Phi_{ab}\cdotd\vecx_{b+(\frac{d\phi_{a}{4\pi+\vec\Omega_{ac}\cdotd\vecx_{c)(\Phi^{-1)_{ab}(\frac{d\phi_{b}{4\pi+\vec\Omega_{bd}\cdotd\vecx_{d),","g=d\vecx_{a}\Phi_{ab}\cdotd\vecx_{b+(\frac{d\phi_{a}{4\pi+\vec\Omega_{ac}\cdotd\vecx_{c)(\Phi^{-1)_{ab}(\frac{d\phi_{b}{4\pi+\vec\Omega_{bd}\cdotd\vecx_{d),"
191,10e1817834.png,1,1,100.0,exact,34,34,"\gamma_{mnp}\,\xi=\psi_{mnp}\,\xi,","\gamma_{mnp}\,\xi=\psi_{mnp}\,\xi,","\gamma_{mnp}\xi=\psi_{mnp}\xi,","\gamma_{mnp}\xi=\psi_{mnp}\xi,"
192,7d64d8b517.png,0,0,88.43,semantic_or_token_error,121,111,"\Psi_{m}\rightarrowb\Psi_{m},\hspace{3mm}e^{\frac{4\sqrt{d-2}}{d-3}\phi}\rightarrowb^{-2}e^{\frac{4\sqrt{d-2}}{d-3}\phi},","\Psi_{m}\rightarrowb\Psi_{m},~~e^{\frac{4\sqrt{d-2}}{d-3}}\phi\rightarrowb^{-2}e^{\frac{4\sqrt{d-2}}{d-3}\phi},","\Psi_{m}arrowb\Psi_{m,\hspace{3mm}e^\frac{4\sqrt{d-2}{d-3}\phi}arrowb^{-2}e^\frac{4\sqrt{d-2}{d-3}\phi,","\Psi_{m}arrowb\Psi_{m,~~e^\frac{4\sqrt{d-2}{d-3}\phiarrowb^{-2}e^\frac{4\sqrt{d-2}{d-3}\phi,"
193,4217e75b68.png,0,0,98.305,almost_correct,59,58,"H\Psi=E\Psi,H=-\frac{1}{2}\triangle+V(x_{1},,\ldots,x_{n}),","H\Psi=E\Psi,H=-\frac{1}{2}\triangle+V(x_{1},\ldots,x_{n}),","H\Psi=E\Psi,H=-\frac{1}{2}\triangle+V(x_{1,,\ldots,x_{n),","H\Psi=E\Psi,H=-\frac{1}{2}\triangle+V(x_{1,\ldots,x_{n),"
194,2908bb9831.png,0,0,70.149,semantic_or_token_error,59,67,"\sum_{i=1}^{n}\mathrm{codim}\,\gamma_{i}=\mathrm{dim}\,M+1.",\sum_{i=1}^{n}\operatorname{codim}\gamma_{i}=\operatorname{dim}M+1.,\sum_{i=1^{n}\mathrm{codim}\gamma_{i=\mathrm{dim}M+1.,\sum_{i=1^{n}\operatorname{codim}\gamma_{i=\operatorname{dim}M+1.
195,86bcef7f9c.png,1,1,100.0,exact,135,135,\prodU\equivU_{2}U_{4}U_{3}^{-1}\cdotU_{3}U_{5}U_{1}^{-1}\cdotU_{1}U_{6}U_{2}^{-1}\cdotU_{2}U_{6}^{-1}U_{5}^{-1}U_{4}^{-1}U_{2}^{-1}=1.,\prodU\equivU_{2}U_{4}U_{3}^{-1}\cdotU_{3}U_{5}U_{1}^{-1}\cdotU_{1}U_{6}U_{2}^{-1}\cdotU_{2}U_{6}^{-1}U_{5}^{-1}U_{4}^{-1}U_{2}^{-1}=1.,\prodU\equivU_{2}U_{4}U_3^{-1}\cdotU_{3}U_{5}U_1^{-1}\cdotU_{1}U_{6}U_2^{-1}\cdotU_{2}U_6^{-1}U_5^{-1}U_4^{-1}U_2^{-1=1.,\prodU\equivU_{2}U_{4}U_3^{-1}\cdotU_{3}U_{5}U_1^{-1}\cdotU_{1}U_{6}U_2^{-1}\cdotU_{2}U_6^{-1}U_5^{-1}U_4^{-1}U_2^{-1=1.
196,3db7899f6c.png,1,1,100.0,exact,137,137,"\varepsilon_{\mu\nu\rho}\varepsilon^{\rho\sigma\tau}=\delta_{\mu}^{\sigma}\delta_{\nu}^{\tau}-\delta_{\nu}^{\sigma}\delta_{\mu}^{\tau}\;,","\varepsilon_{\mu\nu\rho}\varepsilon^{\rho\sigma\tau}=\delta_{\mu}^{\sigma}\delta_{\nu}^{\tau}-\delta_{\nu}^{\sigma}\delta_{\mu}^{\tau}\;,","\varepsilon_{\mu\nu\rho}\varepsilon^{\rho\sigma\tau=\delta_\mu^{\sigma}\delta_\nu^{\tau-\delta_\nu^{\sigma}\delta_\mu^{\tau,","\varepsilon_{\mu\nu\rho}\varepsilon^{\rho\sigma\tau=\delta_\mu^{\sigma}\delta_\nu^{\tau-\delta_\nu^{\sigma}\delta_\mu^{\tau,"
197,7506f84be7.png,1,1,100.0,exact,26,26,"\theta=d\alpha+\alpha^{2},","\theta=d\alpha+\alpha^{2},","\theta=d\alpha+\alpha^{2,","\theta=d\alpha+\alpha^{2,"
198,f5197beee4.png,0,0,95.109,almost_correct,184,175,"\omega=\partial_{z}\operatorname{log}{\frac{E(z,P_{+})}{E(z,P_{-})}}-2\pii\sum_{j,k=1}^{h}\left(\mathrm{Im}\,\int_{P_{-}}^{P_{+}}\omega_{j}\right){\Omega_{jk}^{(2)}}^{-1}\omega_{k}(z),","\omega=\partial_{z}\operatorname{log}\frac{E(z,P_{+})}{E(z,P_{-})}-2\pii\sum_{j,k=1}^{h}\left(\mathrm{Im}\int_{P_{-}}^{P_{+}}\omega_{j}\right)\Omega_{jk}^{(2)-1}\omega_{k}(z),","\omega=\partial_{z}\operatorname{log}\frac{E(z,P_{+)}{E(z,P_{-)-2\pii\sum_{j,k=1^{h}(\mathrm{Im}\int_{P_{-^{P_{+}\omega_{j){\Omega_{jk^{(2)^{-1}\omega_{k}(z),","\omega=\partial_{z}\operatorname{log}\frac{E(z,P_{+)}{E(z,P_{-)-2\pii\sum_{j,k=1^{h}(\mathrm{Im}\int_{P_{-^{P_{+}\omega_{j)\Omega_{jk^{(2)-1}\omega_{k}(z),"
199,30deb25392.png,0,0,86.598,semantic_or_token_error,97,85,"{\lbraceP^{\mu}(\sigma),X^{\nu}(\sigma^{\prime})\rbrace}=\delta(\sigma-\sigma^{\prime})G^{\mu\nu}","\{P^{\mu}(\sigma),X^{\nu}(\sigma^{\prime})\}=\delta(\sigma-\sigma^{\prime})G^{\mu\nu}","\lbraceP^{\mu}(\sigma),X^{\nu}(\sigma^{\prime)\rbrace=\delta(\sigma-\sigma^{\prime)G^{\mu\nu","\{P^{\mu}(\sigma),X^{\nu}(\sigma^{\prime)\=\delta(\sigma-\sigma^{\prime)G^{\mu\nu}"
200,66b43f662f.png,0,0,79.508,semantic_or_token_error,122,102,"\int\mathrm{d}^{3}{\bfr}\;\left|\,\psi_{j}\left({\bfr}\right)\right|^{2}=\frac{1}{2\vertE_{j}\vert}\,,\quadj=1,\ldots,N\,,","\int\mathrm{d}^{3}{\bfr}\mid\psi_{j}\left({\bfr}\right)|^{2}=\frac{1}{2|E_{j}|}\,,\quadj=1,\ldots,N\,,","\int\mathrmd^{3}{\bfr}|\psi_{j}({\bfr)|^{2=\frac{1}{2\vertE_{j}\vert,j=1,\ldots,N,","\int\mathrmd^{3}{\bfr}\mid\psi_{j}({\bfr)|^{2=\frac{1}{2|E_{j}|,j=1,\ldots,N,"
201,60b564d00a.png,0,0,83.673,semantic_or_token_error,49,42,"P={\frac{2}{3}}{\frac{(\ddot{\bfd})^{2}}{c^{3}}},","P=\frac{2}{3}\frac{(\ddot{4})^{2}}{c^{3}},","P=\frac{2}{3}\frac{(\ddot{\bfd)^{2}{c^{3,","P=\frac{2}{3}\frac{(\ddot{4)^{2}{c^{3,"
202,5b5fb458cb.png,1,1,100.0,exact,39,39,\Phi(t)=(2-D)\mathrm{ln}\frac{2Qt}{D-2},\Phi(t)=(2-D)\mathrm{ln}\frac{2Qt}{D-2},\Phi(t)=(2-D)\mathrm{ln}\frac{2Qt}{D-2},\Phi(t)=(2-D)\mathrm{ln}\frac{2Qt}{D-2}
203,4d74cb26d3.png,0,0,91.089,semantic_or_token_error,101,93,"\zeta(x,0)=\frac{1}{32\pi^{2}}\,\frac{\partial^{2}\Omega(x,x,\tau)}{\partial\tau^{2}}\,\vert_{\tau=0}","\zeta(x,0)=\frac{1}{32\pi^{2}}\frac{\partial^{2}\Omega(x,x,\tau)}{\partial\tau^{2}}|_{\tau=0}","\zeta(x,0)=\frac{1}{32\pi^{2}\frac{\partial^{2}\Omega(x,x,\tau)}{\partial\tau^{2}\vert_{\tau=0}","\zeta(x,0)=\frac{1}{32\pi^{2}\frac{\partial^{2}\Omega(x,x,\tau)}{\partial\tau^{2}|_{\tau=0}"
204,4894c2ad51.png,1,1,100.0,exact,68,68,"\left[U_{0}^{-},U_{0}^{+}\right]=\left[X_{0}^{-},X_{0}^{+}\right]=1.","\left[U_{0}^{-},U_{0}^{+}\right]=\left[X_{0}^{-},X_{0}^{+}\right]=1.","[U_0^{-,U_0^{+]=[X_0^{-,X_0^{+]=1.","[U_0^{-,U_0^{+]=[X_0^{-,X_0^{+]=1."
205,512edc74a0.png,0,0,97.468,almost_correct,79,79,"g=(g_{mn})=\left(\begin{array}{lr}{a}&{-qc^{*}}\{c}&{a^{*}}\\end{array}\right),","g=(g_{mn})=\left(\begin{array}{cc}{a}&{-qc^{*}}\{c}&{a^{*}}\\end{array}\right),","g=(g_{mn)=(\begin{array}{lr}{a}&{-qc^{*}\{c}&{a^{*}\\end{array),","g=(g_{mn)=(\begin{array}{cc}{a}&{-qc^{*}\{c}&{a^{*}\\end{array),"
206,26bb7a954d.png,0,1,91.603,canonical_equivalent,131,120,"\left|\vec{\chi}_{\mu}\right|\equiv\left(\sqrt{\chi_{\mu}^{1}\chi_{\mu}^{1}},\ldots,\sqrt{\chi_{\mu}^{N-1}\chi_{\mu}^{N-1}}\right),","|\vec{\chi}_{\mu}|\equiv\left(\sqrt{\chi_{\mu}^{1}\chi_{\mu}^{1}},\ldots,\sqrt{\chi_{\mu}^{N-1}\chi_{\mu}^{N-1}}\right),","|\vec\chi_{\mu}|\equiv(\sqrt{\chi_\mu^{1}\chi_\mu^{1,\ldots,\sqrt{\chi_\mu^{N-1}\chi_\mu^{N-1),","|\vec\chi_{\mu}|\equiv(\sqrt{\chi_\mu^{1}\chi_\mu^{1,\ldots,\sqrt{\chi_\mu^{N-1}\chi_\mu^{N-1),"
207,6da529e615.png,1,1,100.0,exact,55,55,(\partialX^{i}+M_{j}^{i}\bar{\partial}X^{j})|B\rangle=0,(\partialX^{i}+M_{j}^{i}\bar{\partial}X^{j})|B\rangle=0,(\partialX^{i+M_j^{i}\bar{\partial}X^{j)|B\rangle=0,(\partialX^{i+M_j^{i}\bar{\partial}X^{j)|B\rangle=0
208,1d8d9e8c41.png,0,0,99.091,almost_correct,110,110,"\alpha_{n+1-i,l^{\prime}}\left(\overline{{a}},b,c\right)=\alpha_{i,l^{\prime}}\left(\overline{{d}},c,b\right).","\alpha_{n+1-i,l^{\prime}}\left(\overline{{a}},b,c\right)=\alpha_{i,l^{\prime}}\left(\overline{{a}},c,b\right).","\alpha_{n+1-i,l^{\prime}(\overline{{a,b,c)=\alpha_{i,l^{\prime}(\overline{{d,c,b).","\alpha_{n+1-i,l^{\prime}(\overline{{a,b,c)=\alpha_{i,l^{\prime}(\overline{{a,c,b)."
209,6e38af41f0.png,0,0,94.444,semantic_or_token_error,122,126,"e_{a}^{\mu}=\frac{1}{3!}\hat{\epsilon}_{abcd}\epsilon^{\mu\nu\rho\sigma}e_{\nu}^{b}e_{\rho}^{c}e_{\sigma}^{d}{\tte}^{-1}~,","e_{a}^{\mu}=\frac{1}{3!}\hat{\epsilon}_{abcd}\epsilon^{\mu\nu\rho\sigma}e_{\nu}^{b}e_{\rho}^{c}e_{\sigma}^{d}\mathbf{e}^{-1}~,","e_a^{\mu=\frac{1}{3!}\hat\epsilon_{abcd}\epsilon^{\mu\nu\rho\sigma}e_\nu^{b}e_\rho^{c}e_\sigma^{d}\tte^{-1}~,","e_a^{\mu=\frac{1}{3!}\hat\epsilon_{abcd}\epsilon^{\mu\nu\rho\sigma}e_\nu^{b}e_\rho^{c}e_\sigma^{d}\mathbfe^{-1}~,"
210,6943057c45.png,1,1,100.0,exact,52,52,\epsilon^{IJ}\bar{q}_{I}^{+}q_{J}^{+}+\lambda^{++}=0,\epsilon^{IJ}\bar{q}_{I}^{+}q_{J}^{+}+\lambda^{++}=0,\epsilon^{IJ}\barq_I^{+}q_J^{++\lambda^{++=0,\epsilon^{IJ}\barq_I^{+}q_J^{++\lambda^{++=0
211,66a338aad3.png,0,0,93.333,semantic_or_token_error,45,44,"\widetilde{f}(k_{1},k_{2})=2\pi|\theta^{12}|\","{\widetildef}(k_{1},k_{2})=2\pi|\theta^{12}|","\widetilde{f}(k_{1,k_{2)=2\pi|\theta^{12}|\","\widetildef}(k_{1,k_{2)=2\pi|\theta^{12}|"
212,683e077c75.png,1,1,100.0,exact,70,70,k_{0}^{u}\frac{\partial}{\partialu}=\nu_{0}\frac{\partial}{\partiala}.,k_{0}^{u}\frac{\partial}{\partialu}=\nu_{0}\frac{\partial}{\partiala}.,k_0^{u}\frac{\partial}{\partialu=\nu_{0}\frac{\partial}{\partiala}.,k_0^{u}\frac{\partial}{\partialu=\nu_{0}\frac{\partial}{\partiala}.
213,1b8e5dd80b.png,0,0,97.872,almost_correct,46,47,N^{t}\cdotM\ge0\qquad\mathrm{for~all~entries.},N^{t}\cdotM\geq0\qquad\mathrm{for~all~entries.},N^{t}\cdotM\ge0\mathrm{for~all~entries.},N^{t}\cdotM\geq0\mathrm{for~all~entries.}
214,5a1d931793.png,1,1,100.0,exact,23,23,B=\partialW\cap\{t=0\}.,B=\partialW\cap\{t=0\}.,B=\partialW\cap\{t=0\}.,B=\partialW\cap\{t=0\}.
215,407980a92a.png,1,1,100.0,exact,63,63,"\delta_{\eta}\psi_{M}={\bar{\nabla}}_{M}\eta-{\bar{Z}}_{M}\eta,","\delta_{\eta}\psi_{M}={\bar{\nabla}}_{M}\eta-{\bar{Z}}_{M}\eta,","\delta_{\eta}\psi_{M=\bar\nabla_{M}\eta-\barZ_{M}\eta,","\delta_{\eta}\psi_{M=\bar\nabla_{M}\eta-\barZ_{M}\eta,"
216,3854ccb6d1.png,0,0,95.556,almost_correct,45,43,"\Omega|0\rangle^{(odd)}=-|0\rangle^{(odd)}~~,","\Omega|0\rangle^{(odd)}=-|0\rangle^{(odd)},","\Omega|0\rangle^{(odd)=-|0\rangle^{(odd)}~~,","\Omega|0\rangle^{(odd)=-|0\rangle^{(odd),"
217,59f59691a9.png,0,0,95.122,almost_correct,82,78,"\tau_{i}={2\piM_{11}^{6}V_{3,i}}(i\leqN_{3}),\quad\tau_{N_{3}+1}={2\piM_{11}^{3}}.","\tau_{i}=2\piM_{11}^{6}V_{3,i}(i\leqN_{3}),\quad\tau_{N_{3}+1}=2\piM_{11}^{3}.","\tau_{i={2\piM_{11^{6}V_{3,i}(i\leqN_{3),\tau_{N_{3+1={2\piM_{11^{3}.","\tau_{i=2\piM_{11^{6}V_{3,i}(i\leqN_{3),\tau_{N_{3+1=2\piM_{11^{3}."
218,2d187b6bdb.png,0,0,96.774,almost_correct,62,60,D\left(t\right)\stackrel{t\rightarrow\infty}{{\rightarrow}}1/2,D\left(t\right)\stackrel{t\rightarrow\infty}{\rightarrow}1/2,D(t)\stackrel{tarrow\infty}{{arrow}1/2,D(t)\stackrel{tarrow\infty}{arrow}1/2
219,2fe2705d3a.png,0,1,96.522,canonical_equivalent,115,111,"{\calK}_{hk}({\Phi}^{a},{\bar{\Phi}}^{a},X^{a})={\calK}_{tw}({\Phi}^{a},{\bar{\Phi}}^{a},Z^{a})-\sum_{a}Z^{a}X^{a},","{\calK}_{hk}(\Phi^{a},{\bar{\Phi}}^{a},X^{a})={\calK}_{tw}(\Phi^{a},{\bar{\Phi}}^{a},Z^{a})-\sum_{a}Z^{a}X^{a},","\calK_{hk}(\Phi^{a,\bar\Phi^{a,X^{a)=\calK_{tw}(\Phi^{a,\bar\Phi^{a,Z^{a)-\sum_{a}Z^{a}X^{a,","\calK_{hk}(\Phi^{a,\bar\Phi^{a,X^{a)=\calK_{tw}(\Phi^{a,\bar\Phi^{a,Z^{a)-\sum_{a}Z^{a}X^{a,"
220,36973abffe.png,0,0,95.238,almost_correct,160,168,S^{(i)}(\lambda)=\frac{\alpha_{R}^{0}}\pi\frac{(1-\lambda)}\lambda\{2+[\frac2{\lambda^{2}}-\frac{1+\lambda}\lambda]\operatorname{ln}\left|1-\lambda^{2}\right|\},S^{(i)}(\lambda)=\frac{\alpha_{R}^{0}}{\pi}\frac{(1-\lambda)}{\lambda}\{2+[\frac{2}{\lambda^{2}}-\frac{1+\lambda}{\lambda}]\operatorname{ln}\left|1-\lambda^{2}\right|\},S^{(i)}(\lambda)=\frac{\alpha_R^{0}\pi\frac{(1-\lambda)}\lambda\{2+[\frac2{\lambda^{2-\frac{1+\lambda}\lambda]\operatorname{ln}|1-\lambda^{2}|\},S^{(i)}(\lambda)=\frac{\alpha_R^{0}{\pi}\frac{(1-\lambda)}{\lambda}\{2+[\frac{2}{\lambda^{2-\frac{1+\lambda}{\lambda]\operatorname{ln}|1-\lambda^{2}|\}
221,3c8eb089a4.png,0,0,86.916,semantic_or_token_error,107,100,"\itS\ni\left(\phi^{K}\right)\mapsto\left(\phi_{L}\right)=\left(\phi^{K}\,\epsilon_{KL}\right)\in{\itS}^{*}.","S\,\geq\left(\phi^{K}\right)\mapsto\left(\phi_{L}\right)=\left(\phi^{K}\epsilon_{KL}\right)\inS^{*}.",\itS\ni(\phi^{K)\mapsto(\phi_{L)=(\phi^{K}\epsilon_{KL)\in\itS^{*}.,S\geq(\phi^{K)\mapsto(\phi_{L)=(\phi^{K}\epsilon_{KL)\inS^{*}.
222,55094fef7d.png,1,1,100.0,exact,130,130,\partial_{z}U=\frac{1}{4\pi}\int\frac{1}{z-z^{\prime}}[e^{U+v-\phi_{B}}-\beta](z^{\prime})e^{\phi_{B}(z^{\prime})}d^{2}z^{\prime}.,\partial_{z}U=\frac{1}{4\pi}\int\frac{1}{z-z^{\prime}}[e^{U+v-\phi_{B}}-\beta](z^{\prime})e^{\phi_{B}(z^{\prime})}d^{2}z^{\prime}.,\partial_{z}U=\frac{1}{4\pi}\int\frac{1}{z-z^{\prime}[e^{U+v-\phi_{B-\beta](z^{\prime)e^{\phi_{B}(z^{\prime)}d^{2}z^{\prime}.,\partial_{z}U=\frac{1}{4\pi}\int\frac{1}{z-z^{\prime}[e^{U+v-\phi_{B-\beta](z^{\prime)e^{\phi_{B}(z^{\prime)}d^{2}z^{\prime}.
223,1d1a802cc5.png,1,1,100.0,exact,107,107,"\partial_{\rho}\partial_{\sigma}F_{\alpha\mu\nu}^{+}\,\partial_{\mu}\partial_{\nu}F_{\alpha\rho\sigma}^{-}.","\partial_{\rho}\partial_{\sigma}F_{\alpha\mu\nu}^{+}\,\partial_{\mu}\partial_{\nu}F_{\alpha\rho\sigma}^{-}.",\partial_{\rho}\partial_{\sigma}F_{\alpha\mu\nu^{+}\partial_{\mu}\partial_{\nu}F_{\alpha\rho\sigma^{-}.,\partial_{\rho}\partial_{\sigma}F_{\alpha\mu\nu^{+}\partial_{\mu}\partial_{\nu}F_{\alpha\rho\sigma^{-}.
224,1f7e96f79f.png,0,1,85.263,canonical_equivalent,95,81,"s(z,\lambda,\mu)~=~-\,{\frac{2(\lambda\!+\!\mu)}{(1\!-\!\lambda^{2})(1\!-\!\mu^{2})}}\,j(z)~~~.","s(z,\lambda,\mu)~=~-\,\frac{2(\lambda+\mu)}{(1-\lambda^{2})(1-\mu^{2})}\,j(z)~~~.","s(z,\lambda,\mu)~=~-\frac{2(\lambda+\mu)}{(1-\lambda^{2)(1-\mu^{2)}j(z)~~~.","s(z,\lambda,\mu)~=~-\frac{2(\lambda+\mu)}{(1-\lambda^{2)(1-\mu^{2)}j(z)~~~."
225,31306b00ea.png,1,1,100.0,exact,192,192,\tilde{\Psi}_{y}=\tilde{\Psi}_{xx}+2(\alpha-1)(\tilde{\Psi}\tilde{\Psi}^{*})\Psi_{x}+2\alpha\tilde{\Psi}^{2}\tilde{\Psi}_{x}^{*}-\alpha(1+\alpha)(\tilde{\Psi}\tilde{\Psi}^{*})^{2}\tilde{\Psi}.,\tilde{\Psi}_{y}=\tilde{\Psi}_{xx}+2(\alpha-1)(\tilde{\Psi}\tilde{\Psi}^{*})\Psi_{x}+2\alpha\tilde{\Psi}^{2}\tilde{\Psi}_{x}^{*}-\alpha(1+\alpha)(\tilde{\Psi}\tilde{\Psi}^{*})^{2}\tilde{\Psi}.,\tilde\Psi_{y=\tilde\Psi_{xx+2(\alpha-1)(\tilde{\Psi}\tilde\Psi^{*)\Psi_{x+2\alpha\tilde\Psi^{2}\tilde\Psi_x^{*-\alpha(1+\alpha)(\tilde{\Psi}\tilde\Psi^{*)^{2}\tilde{\Psi}.,\tilde\Psi_{y=\tilde\Psi_{xx+2(\alpha-1)(\tilde{\Psi}\tilde\Psi^{*)\Psi_{x+2\alpha\tilde\Psi^{2}\tilde\Psi_x^{*-\alpha(1+\alpha)(\tilde{\Psi}\tilde\Psi^{*)^{2}\tilde{\Psi}.
226,33fe3185e0.png,0,0,82.734,semantic_or_token_error,139,123,"D_{\alpha}S\equiv(\mathcal{D}_{\alpha}-i\mathcal{B}_{\alpha})S,\qquad\qquadD_{\alpha}\overline{{S}}\equiv(\mathcal{D}_{\alpha}+i\mathcal{B}","D_{\alpha}S\equiv({\calD}_{\alpha}-i{\calB}_{\alpha})S,\qquad\qquadD_{\alpha}\overline{{S}}\equiv({\calD}_{\alpha}+i{\calB}","D_{\alpha}S\equiv(\mathcalD_{\alpha-i\mathcalB_{\alpha)S,D_{\alpha}\overline{{S}\equiv(\mathcalD_{\alpha+i\mathcal{B}","D_{\alpha}S\equiv(\calD_{\alpha-i\calB_{\alpha)S,D_{\alpha}\overline{{S}\equiv(\calD_{\alpha+i{\calB}"
227,46f920b7f4.png,1,1,100.0,exact,65,65,"S_{\mathrm{DW}}=-\intd^{D-1}x\sqrt{-\gamma}\sigma_{DW}e^{-a\phi},","S_{\mathrm{DW}}=-\intd^{D-1}x\sqrt{-\gamma}\sigma_{DW}e^{-a\phi},","S_\mathrm{DW=-\intd^{D-1}x\sqrt{-\gamma}\sigma_{DW}e^{-a\phi,","S_\mathrm{DW=-\intd^{D-1}x\sqrt{-\gamma}\sigma_{DW}e^{-a\phi,"
228,6c8b0e7c4b.png,1,1,100.0,exact,81,81,"\sum_{m=-\infty}^{\infty}f_{4,m}^{(8)}(\phi^{i}\phi^{j}\phi^{k}\phi^{l}T^{ijkl}),","\sum_{m=-\infty}^{\infty}f_{4,m}^{(8)}(\phi^{i}\phi^{j}\phi^{k}\phi^{l}T^{ijkl}),","\sum_{m=-\infty^{\infty}f_{4,m^{(8)}(\phi^{i}\phi^{j}\phi^{k}\phi^{l}T^{ijkl),","\sum_{m=-\infty^{\infty}f_{4,m^{(8)}(\phi^{i}\phi^{j}\phi^{k}\phi^{l}T^{ijkl),"
229,62e98b8671.png,0,0,81.395,semantic_or_token_error,128,129,"\Gamma^{(1)}\left[F\right]=\frac12\int_{0}^{\infty}\frac{\mathrm{d}t}{t}\mathrm{tr}\;\mathrm{e}^{-\frac12\left(p^{2}+F\right)t},","\Gamma^{(1)}\left[F\right]={\frac{1}{2}}\int_{0}^{\infty}{\frac{\mathrm{d}t}{t}}\mathrm{tr}\mathrm{e}^{-{\frac{1}{2}}(p^{2}+F)t},","\Gamma^{(1)}[F]=\frac12\int_0^{\infty}\frac\mathrm{d}t}{t}\mathrm{tr}\mathrme^{-\frac12(p^{2+F)t,","\Gamma^{(1)}[F]=\frac{1}{2}\int_0^{\infty}\frac\mathrm{d}t}{t}\mathrm{tr}\mathrme^{-\frac{1}{2}(p^{2+F)t,"
230,68c85358c7.png,0,1,88.889,canonical_equivalent,126,119,W_{\pm}(z)=\frac{1}{\gamma}:\left(\eta\partial_{z}\phi_{1}(z)\pmi\partial_{z}\phi_{2}(z)\right)e^{\pm2i\gamma\varphi_{2}(z)}:.,"W_{\pm}(z)=\frac{1}{\gamma}:(\eta\partial_{z}\phi_{1}(z)\pmi\partial_{z}\phi_{2}(z))\,e^{\pm2i\gamma\varphi_{2}(z)}:\,.",W_{\pm}(z)=\frac{1}{\gamma}:(\eta\partial_{z}\phi_{1}(z)\pmi\partial_{z}\phi_{2}(z))e^{\pm2i\gamma\varphi_{2}(z)}:.,W_{\pm}(z)=\frac{1}{\gamma}:(\eta\partial_{z}\phi_{1}(z)\pmi\partial_{z}\phi_{2}(z))e^{\pm2i\gamma\varphi_{2}(z)}:.
231,5a3f6c2677.png,1,1,100.0,exact,62,62,\langle\Delta\rangle\sim{\calO}(\frac{F_{\Sigma}^{2}}{M^{3}}).,\langle\Delta\rangle\sim{\calO}(\frac{F_{\Sigma}^{2}}{M^{3}}).,\langle\Delta\rangle\sim{\calO}(\frac{F_\Sigma^{2}{M^{3).,\langle\Delta\rangle\sim{\calO}(\frac{F_\Sigma^{2}{M^{3).
232,42ebab56cc.png,0,1,93.75,canonical_equivalent,60,64,"s_{i}=\frac{2}{(\alpha_{i},\alpha_{i})}\frac{1}{\beta^{2}}-1","s_{i}={\frac{2}{(\alpha_{i},\alpha_{i})}}{\frac{1}{\beta^{2}}}-1","s_{i=\frac{2}{(\alpha_{i,\alpha_{i)}\frac{1}{\beta^{2-1","s_{i=\frac{2}{(\alpha_{i,\alpha_{i)}\frac{1}{\beta^{2-1"
233,3bf6f605d3.png,0,1,89.362,canonical_equivalent,126,141,"z_{\pm}=\frac{1}{\sqrt{2}}\left[z_{1}\mpiz_{2}\right],\bar{z}_{\pm}=\frac{1}{\sqrt{2}}\left[\bar{z}_{1}\pmi\bar{z}_{2}\right].","z_{\pm}=\frac{1}{\sqrt{2}}\left[z_{1}\mpiz_{2}\right]\quad,\quad\bar{z}_{\pm}=\frac{1}{\sqrt{2}}\left[\bar{z}_{1}\pmi\bar{z}_{2}\right]\quad.","z_{\pm=\frac{1}\sqrt{2}[z_{1}\mpiz_{2],\barz_{\pm=\frac{1}\sqrt{2}[\barz_{1}\pmi\barz_{2].","z_{\pm=\frac{1}\sqrt{2}[z_{1}\mpiz_{2],\barz_{\pm=\frac{1}\sqrt{2}[\barz_{1}\pmi\barz_{2]."
234,74e02db922.png,0,0,96.875,almost_correct,192,187,"\gamma(\zeta)=\frac{(p^{2};p^{2})_{\infty}}{(p;p)_{\infty}^{2}}\frac{\Theta_{p^{2}}(q^{2})\Theta_{p^{2}}(p\zeta^{2})}{\Theta_{p^{2}}(q^{2}\zeta^{2})}\frac{g(\zeta^{2})}{\mathrm{snh}(\lambda)},","\gamma(\zeta)=\frac{(p^{2};p^{2})_{\infty}}{(p;p)_{\infty}^{2}}\frac{\Theta_{p^{2}}(q^{2})\Theta_{p^{2}}(q^{2})}{\Theta_{p^{2}}(q^{2}\zeta^{2})}\frac{g(\zeta^{2})}{\mathrm{snh}(\lambda)},","\gamma(\zeta)=\frac{(p^{2};p^{2)_{\infty}{(p;p)_\infty^{2}\frac{\Theta_{p^{2}(q^{2)\Theta_{p^{2}(p\zeta^{2)}{\Theta_{p^{2}(q^{2}\zeta^{2)}\frac{g(\zeta^{2)}\mathrm{snh}(\lambda),","\gamma(\zeta)=\frac{(p^{2};p^{2)_{\infty}{(p;p)_\infty^{2}\frac{\Theta_{p^{2}(q^{2)\Theta_{p^{2}(q^{2)}{\Theta_{p^{2}(q^{2}\zeta^{2)}\frac{g(\zeta^{2)}\mathrm{snh}(\lambda),"
235,3d40bbb012.png,0,0,93.388,semantic_or_token_error,121,115,"r\,\hat{m}_{i}\operatorname{cosh}\theta+\operatorname{ln}(1-e^{-L_{i}(\theta)})=\sum_{j}\,\,\varphi_{ij}\astL_{j}(\theta)","r\,\hat{m}_{i}\operatorname{cosh}\theta+\operatorname{ln}(1-e^{-L_{i}(\theta)})=\sum_{j}~\varphi_{ij}*L_{j}(\theta)",r\hatm_{i}\operatorname{cosh}\theta+\operatorname{ln}(1-e^{-L_{i}(\theta))=\sum_{j}\varphi_{ij}\astL_{j}(\theta),r\hatm_{i}\operatorname{cosh}\theta+\operatorname{ln}(1-e^{-L_{i}(\theta))=\sum_{j}~\varphi_{ij}*L_{j}(\theta)
236,4928a47f14.png,0,0,86.301,semantic_or_token_error,73,69,"V_{0}=\left({\begin{array}{l}{v_{1}}\{0}\{0}\{v_{4}}\\end{array}}\right),","V_{0}=\left(\begin{array}{c}{v_{1}}\{0}\{0}\{0}\\end{array}\right)\;,","V_{0=({\begin{array}{l}{v_{1}\{0}\{0}\{v_{4}\\end{array),","V_{0=(\begin{array}{c}{v_{1}\{0}\{0}\{0}\\end{array),"
237,64b4e3bd12.png,1,1,100.0,exact,71,71,\Omega(\phi)=L^{-1}(\phi)dL(\phi)=\omega_{i}T_{i}+P_{\alpha}T_{\alpha}.,\Omega(\phi)=L^{-1}(\phi)dL(\phi)=\omega_{i}T_{i}+P_{\alpha}T_{\alpha}.,\Omega(\phi)=L^{-1}(\phi)dL(\phi)=\omega_{i}T_{i+P_{\alpha}T_{\alpha}.,\Omega(\phi)=L^{-1}(\phi)dL(\phi)=\omega_{i}T_{i+P_{\alpha}T_{\alpha}.
238,41227b9f36.png,1,1,100.0,exact,121,121,"{\calL}\,=\,\frac{1}{2}g^{2}\frac{1}{2!}L_{\mu\nu}L^{\mu\nu}\,+\,\frac{1}{3!}\,g\,\theta_{\mu\nu\rho}F^{\mu\nu\rho}(L)\;,","{\calL}\,=\,\frac{1}{2}g^{2}\frac{1}{2!}L_{\mu\nu}L^{\mu\nu}\,+\,\frac{1}{3!}\,g\,\theta_{\mu\nu\rho}F^{\mu\nu\rho}(L)\;,","{\calL=\frac{1}{2}g^{2}\frac{1}{2!}L_{\mu\nu}L^{\mu\nu+\frac{1}{3!}g\theta_{\mu\nu\rho}F^{\mu\nu\rho}(L),","{\calL=\frac{1}{2}g^{2}\frac{1}{2!}L_{\mu\nu}L^{\mu\nu+\frac{1}{3!}g\theta_{\mu\nu\rho}F^{\mu\nu\rho}(L),"
239,74f7b9a82c.png,1,1,100.0,exact,56,56,"\partial_{\rho}\dot{Z}^{1}=\partial_{\sigma}\dot{Z}^{2},","\partial_{\rho}\dot{Z}^{1}=\partial_{\sigma}\dot{Z}^{2},","\partial_{\rho}\dotZ^{1=\partial_{\sigma}\dotZ^{2,","\partial_{\rho}\dotZ^{1=\partial_{\sigma}\dotZ^{2,"
240,5e8f5c9780.png,1,1,100.0,exact,32,32,"\Theta\,\equiv\,L^{-1}(X)\,dL(X)","\Theta\,\equiv\,L^{-1}(X)\,dL(X)",\Theta\equivL^{-1}(X)dL(X),\Theta\equivL^{-1}(X)dL(X)
241,6030b06354.png,0,0,78.01,semantic_or_token_error,191,187,"\deltaT_{N}^{M}=\left(\begin{array}{ccc}{0}&{0}&{0}\{0}&{-\delta\rho}&{-(\rho+p)e^{\alpha_{0}}v_{,i}}\{0}&{(\rho+p)e^{-\alpha_{0}}v_{,i}}&{\deltap\:\delta_{ij}}\\end{array}\right)\:\delta(y).",\deltaT_{N}^{M}=\left(\begin{array}{ccc}{0}&{0}&{0}\{0}&{-\delta\theta}&{-(\rho+p)e^{a_{0}}v_{i}}\{0}&{(\rho+p)e^{a_{0}v_{0}}}&{-(\rho+p)e^{a_{0}v_{0}}v_{ij}}\\end{array}\right)\delta(y).,"\deltaT_N^{M=(\begin{array}{ccc}{0}&{0}&{0}\{0}&{-\delta\rho}&{-(\rho+p)e^{\alpha_{0}v_{,i}\{0}&{(\rho+p)e^{-\alpha_{0}v_{,i}&{\deltap\delta_{ij}\\end{array)\delta(y).",\deltaT_N^{M=(\begin{array}{ccc}{0}&{0}&{0}\{0}&{-\delta\theta}&{-(\rho+p)e^{a_{0}v_{i}\{0}&{(\rho+p)e^{a_{0}v_{0}&{-(\rho+p)e^{a_{0}v_{0}v_{ij}\\end{array)\delta(y).
242,6d73310343.png,1,1,100.0,exact,110,110,"\int_{0}^{\pi/2}d\sigma\operatorname{cos}(2n-1)\sigma\operatorname{cos}(2m-1)\sigma=\frac{\pi}{4}\delta_{n,m},","\int_{0}^{\pi/2}d\sigma\operatorname{cos}(2n-1)\sigma\operatorname{cos}(2m-1)\sigma=\frac{\pi}{4}\delta_{n,m},","\int_0^{\pi/2}d\sigma\operatorname{cos}(2n-1)\sigma\operatorname{cos}(2m-1)\sigma=\frac{\pi}{4}\delta_{n,m,","\int_0^{\pi/2}d\sigma\operatorname{cos}(2n-1)\sigma\operatorname{cos}(2m-1)\sigma=\frac{\pi}{4}\delta_{n,m,"
243,5835885923.png,1,1,100.0,exact,76,76,"\Delta_{R}^{0}(\omega,p)=\frac{i}{(\omega+i\epsilon)^{2}-p^{2}-\mu_{0}^{2}}.","\Delta_{R}^{0}(\omega,p)=\frac{i}{(\omega+i\epsilon)^{2}-p^{2}-\mu_{0}^{2}}.","\Delta_R^{0}(\omega,p)=\frac{i}{(\omega+i\epsilon)^{2-p^{2-\mu_0^{2}.","\Delta_R^{0}(\omega,p)=\frac{i}{(\omega+i\epsilon)^{2-p^{2-\mu_0^{2}."
244,614ec6f146.png,1,1,100.0,exact,64,64,\Delta_{y}(e^{\frac{p+1}{2}\Omega(y)})=\frac{(p+1)(p-7)}{4(3-p)},\Delta_{y}(e^{\frac{p+1}{2}\Omega(y)})=\frac{(p+1)(p-7)}{4(3-p)},\Delta_{y}(e^\frac{p+1}{2}\Omega(y))=\frac{(p+1)(p-7)}{4(3-p)},\Delta_{y}(e^\frac{p+1}{2}\Omega(y))=\frac{(p+1)(p-7)}{4(3-p)}
245,a979bf4f9f.png,0,0,93.443,semantic_or_token_error,57,61,\delta_{X}x_{m}=-\frac12\epsilon_{X}(u\sigma_{m}\bar{u}).,\delta_{X}x_{m}=-\frac{1}{2}\epsilon_{X}(u\sigma_{m}\bar{u}).,\delta_{X}x_{m=-\frac12\epsilon_{X}(u\sigma_{m}\bar{u).,\delta_{X}x_{m=-\frac{1}{2}\epsilon_{X}(u\sigma_{m}\bar{u).
246,1e21c32e2f.png,0,1,85.542,canonical_equivalent,83,71,z_{s}=\sqrt{\frac{2}{(n+1)}}\operatorname{sin}qs\qquad\qquad\qquad\qquad1\leqs\leqn,z_{s}=\sqrt{\frac{2}{(n+1)}}\operatorname{sin}qs\qquad\qquad1\leqs\leqn,z_{s=\sqrt\frac{2}{(n+1)}\operatorname{sin}qs1\leqs\leqn,z_{s=\sqrt\frac{2}{(n+1)}\operatorname{sin}qs1\leqs\leqn
247,44d2b9d570.png,0,0,87.5,semantic_or_token_error,88,77,"3\left[\frac{a^{2}-1}{a^{2}}\right]=\left[\frac{1}{2}{\phi^{\prime}}^{2}-V(\phi)\right],","3\left[\frac{a^{2}-1}{a^{2}}\right]=\left[\frac{1}{2}\phi^{2}-V(\phi)\right],","3[\frac{a^{2-1}{a^{2]=[\frac{1}{2}{\phi^\prime^{2-V(\phi)],","3[\frac{a^{2-1}{a^{2]=[\frac{1}{2}\phi^{2-V(\phi)],"
248,2a36ebdee3.png,1,1,100.0,exact,63,63,\alpha_{s+n}^{m}\alpha_{s}^{n}-\alpha_{s}^{m}\alpha_{s+m}^{n}=0,\alpha_{s+n}^{m}\alpha_{s}^{n}-\alpha_{s}^{m}\alpha_{s+m}^{n}=0,\alpha_{s+n^{m}\alpha_s^{n-\alpha_s^{m}\alpha_{s+m^{n=0,\alpha_{s+n^{m}\alpha_s^{n-\alpha_s^{m}\alpha_{s+m^{n=0
249,5bb4b74d63.png,1,1,100.0,exact,79,79,"r=\frac{\sqrt{Q_{3}}}{l}\operatorname{sin}\left(\frac{l}{\sqrt{Q_{3}}}u\right),","r=\frac{\sqrt{Q_{3}}}{l}\operatorname{sin}\left(\frac{l}{\sqrt{Q_{3}}}u\right),","r=\frac\sqrt{Q_{3}{l}\operatorname{sin}(\frac{l}\sqrt{Q_{3}u),","r=\frac\sqrt{Q_{3}{l}\operatorname{sin}(\frac{l}\sqrt{Q_{3}u),"
250,2301477fdc.png,0,0,89.286,semantic_or_token_error,56,50,"{\frac{\delta{S}}{\delta\varphi^{i}}}{R}_{\alpha}^{i}=0,","\frac{\deltaS}{\delta\varphi^{i}}R_{\alpha}^{i}=0,","\frac{\delta{S}{\delta\varphi^{i}R_\alpha^{i=0,","\frac{\deltaS}{\delta\varphi^{i}R_\alpha^{i=0,"
251,158da11ba3.png,1,1,100.0,exact,160,160,c_{1}(y)=\frac{\operatorname{exp}5[c_{0}-a_{0}(y)]}{\left\{\frac{3}{5}(2-5\sigma^{2})+\frac{2}{5}\eta\operatorname{exp}\frac{5}{2}[c_{0}-a_{0}(y)]\right\}^{5}}.,c_{1}(y)=\frac{\operatorname{exp}5[c_{0}-a_{0}(y)]}{\left\{\frac{3}{5}(2-5\sigma^{2})+\frac{2}{5}\eta\operatorname{exp}\frac{5}{2}[c_{0}-a_{0}(y)]\right\}^{5}}.,c_{1}(y)=\frac\operatorname{exp}5[c_{0-a_{0}(y)]}{\\frac{3}{5}(2-5\sigma^{2)+\frac{2}{5}\eta\operatorname{exp}\frac{5}{2}[c_{0-a_{0}(y)]\^{5}.,c_{1}(y)=\frac\operatorname{exp}5[c_{0-a_{0}(y)]}{\\frac{3}{5}(2-5\sigma^{2)+\frac{2}{5}\eta\operatorname{exp}\frac{5}{2}[c_{0-a_{0}(y)]\^{5}.
252,4ae6075e3a.png,0,0,92.405,semantic_or_token_error,79,73,"{\calA}={\calA}_{\tiny\mathrm{CFT+CBC}}+\Lambda\intd^{2}x\Phi+\l\intdt\phi_{B},","{\calA}={\calA}_{\mathrm{CFT+CBC}}+\Lambda\intd^{2}x\Phi+l\intdt\phi_{B},","{\calA=\calA_{\tiny\mathrm{CFT+CBC+\Lambda\intd^{2}x\Phi+\l\intdt\phi_{B,","{\calA=\calA_\mathrm{CFT+CBC+\Lambda\intd^{2}x\Phi+l\intdt\phi_{B,"
253,11dbcd75fa.png,0,1,97.531,canonical_equivalent,79,81,\sigma^{p}\wedge^{K}\sigma^{q}=A^{K}(W^{K}(\sigma^{p})\wedgeW^{K}(\sigma^{q})).,"\sigma^{p}\wedge^{K}\,\sigma^{q}=A^{K}(W^{K}(\sigma^{p})\wedgeW^{K}(\sigma^{q})).",\sigma^{p}\wedge^{K}\sigma^{q=A^{K}(W^{K}(\sigma^{p)\wedgeW^{K}(\sigma^{q)).,\sigma^{p}\wedge^{K}\sigma^{q=A^{K}(W^{K}(\sigma^{p)\wedgeW^{K}(\sigma^{q)).
254,c71655fa21.png,1,1,100.0,exact,106,106,\nabla^{2}\bar{\alpha}(x)-(m_{1})^{2}\bar{\alpha}(x)+\frac{\lambda_{n}}{(n-1)!}C^{n-2}(x)\bar{\alpha}(x)=0,\nabla^{2}\bar{\alpha}(x)-(m_{1})^{2}\bar{\alpha}(x)+\frac{\lambda_{n}}{(n-1)!}C^{n-2}(x)\bar{\alpha}(x)=0,\nabla^{2}\bar{\alpha}(x)-(m_{1)^{2}\bar{\alpha}(x)+\frac{\lambda_{n}{(n-1)!}C^{n-2}(x)\bar{\alpha}(x)=0,\nabla^{2}\bar{\alpha}(x)-(m_{1)^{2}\bar{\alpha}(x)+\frac{\lambda_{n}{(n-1)!}C^{n-2}(x)\bar{\alpha}(x)=0
255,51a134354c.png,1,1,100.0,exact,42,42,S_{D}=\intd\taud\sigma({\calL}_{D}+\Gamma),S_{D}=\intd\taud\sigma({\calL}_{D}+\Gamma),S_{D=\intd\taud\sigma(\calL_{D+\Gamma),S_{D=\intd\taud\sigma(\calL_{D+\Gamma)
256,42a2ef8a18.png,0,1,90.972,canonical_equivalent,144,140,"a(t)=\left\{\begin{array}{cc}{a_{0}[1+\varepsilon\operatorname{sin}(\Omegat)],}&{\quad0\leqt\leqT}\{a_{0},}&{\quadt<0,\;t>T}\\end{array}\right.,","a(t)=\left\{\begin{array}{cc}{a_{0}[1+\varepsilon\operatorname{sin}(\Omegat)],\qquad}&{0\leqt\leqT}\{a_{0},}&{t<0,\,t>T}\\end{array}\right.,","a(t)=\{\begin{array}{cc}{a_{0}[1+\varepsilon\operatorname{sin}(\Omegat)],}&{0\leqt\leqT}\{a_{0,}&{t<0,t>T}\\end{array}.,","a(t)=\{\begin{array}{cc}{a_{0}[1+\varepsilon\operatorname{sin}(\Omegat)],}&{0\leqt\leqT}\{a_{0,}&{t<0,t>T}\\end{array}.,"
257,44edbc85d3.png,1,1,100.0,exact,86,86,(\delta_{ca}\delta_{bd}-\delta_{cd}\delta_{ba})=C_{ecb}C_{ad}^{e}-C_{e[cb}C_{a]d}^{e}.,(\delta_{ca}\delta_{bd}-\delta_{cd}\delta_{ba})=C_{ecb}C_{ad}^{e}-C_{e[cb}C_{a]d}^{e}.,(\delta_{ca}\delta_{bd-\delta_{cd}\delta_{ba)=C_{ecb}C_{ad^{e-C_{e[cb}C_{a]d^{e}.,(\delta_{ca}\delta_{bd-\delta_{cd}\delta_{ba)=C_{ecb}C_{ad^{e-C_{e[cb}C_{a]d^{e}.
258,4256bdfc53.png,0,0,93.939,semantic_or_token_error,62,66,"{\calL}=\frac12g_{ab}\frac{dx^{a}}{d\tau}\frac{dx^{b}}{d\tau},","{\calL}=\frac{1}{2}g_{ab}\frac{dx^{a}}{d\tau}\frac{dx^{b}}{d\tau},","{\calL=\frac12g_{ab}\frac{dx^{a}{d\tau}\frac{dx^{b}{d\tau,","{\calL=\frac{1}{2}g_{ab}\frac{dx^{a}{d\tau}\frac{dx^{b}{d\tau,"
259,1a1d652ed5.png,0,0,92.105,semantic_or_token_error,38,35,"J_{R}=J_{R1}+J_{R2}+J_{{\calN}/U(1)}~,","J_{R}=J_{R1}+J_{R2}+J_{\calN}/U(1),","J_{R=J_{R1+J_{R2+J_{{\calN}/U(1)}~,","J_{R=J_{R1+J_{R2+J_{\calN}/U(1),"
260,72cfb992b4.png,1,1,100.0,exact,52,52,"\phi=\frac{1}{2}\phi_{o}[1-tanh(\frac{\rho-R}{dx})],","\phi=\frac{1}{2}\phi_{o}[1-tanh(\frac{\rho-R}{dx})],","\phi=\frac{1}{2}\phi_{o}[1-tanh(\frac{\rho-R}{dx)],","\phi=\frac{1}{2}\phi_{o}[1-tanh(\frac{\rho-R}{dx)],"
261,5946dd658c.png,0,0,97.581,almost_correct,121,124,"g(x,y;s)\;=\;\sum_{\gamma\in\Gamma}\operatorname{exp}(-s\,\rho(x,\gammay))\;\;\;\;\;\;(x,y\in{\bfH}^{d+1},\;\;s\in{\bfR})","g(x,y;s)\;=\;\sum_{\gamma\in\Gamma}\operatorname{exp}(-s\,\rho(x,\gammay))\;\;\;\;\;\;\;(x,y)\in{\bfH}^{d+1},\;\;s\in{\bfR})","g(x,y;s)=\sum_{\gamma\in\Gamma}\operatorname{exp}(-s\rho(x,\gammay))(x,y\in\bfH^{d+1,s\in{\bfR)","g(x,y;s)=\sum_{\gamma\in\Gamma}\operatorname{exp}(-s\rho(x,\gammay))(x,y)\in\bfH^{d+1,s\in{\bfR)"
262,75d9312c93.png,1,1,100.0,exact,75,75,\Lambda_{c}=\frac{l_{p}^{-2}}{N_{w}8e\pi}=\tilde{c}\frac{1}{N_{w}l_{p}^{2}},\Lambda_{c}=\frac{l_{p}^{-2}}{N_{w}8e\pi}=\tilde{c}\frac{1}{N_{w}l_{p}^{2}},\Lambda_{c=\frac{l_p^{-2}{N_{w}8e\pi=\tilde{c}\frac{1}{N_{w}l_p^{2},\Lambda_{c=\frac{l_p^{-2}{N_{w}8e\pi=\tilde{c}\frac{1}{N_{w}l_p^{2}
263,200adda616.png,1,1,100.0,exact,81,81,"\Omega\equivD(R,u_{E})=\left(\begin{array}{ll}{1}&{0}\{0}&{R}\\end{array}\right).","\Omega\equivD(R,u_{E})=\left(\begin{array}{ll}{1}&{0}\{0}&{R}\\end{array}\right).","\Omega\equivD(R,u_{E)=(\begin{array}{ll}{1}&{0}\{0}&{R}\\end{array).","\Omega\equivD(R,u_{E)=(\begin{array}{ll}{1}&{0}\{0}&{R}\\end{array)."
264,68a6d2e216.png,0,0,98.182,almost_correct,55,54,\mathrm{M-theory}\quad:\qquadS^{3}\to0\toS^{3}/\sigma~.,\mathrm{M-theory}\quad:\qquadS^{3}\to0\toS^{3}/\sigma.,\mathrm{M-theory}:S^{3}\rightarrow0\rightarrowS^{3}/\sigma~.,\mathrm{M-theory}:S^{3}\rightarrow0\rightarrowS^{3}/\sigma.
265,302a9ae6a0.png,1,1,100.0,exact,45,45,D_{t}\phi_{j}=\partial_{t}\phi_{j}+iA\phi_{j},D_{t}\phi_{j}=\partial_{t}\phi_{j}+iA\phi_{j},D_{t}\phi_{j=\partial_{t}\phi_{j+iA\phi_{j},D_{t}\phi_{j=\partial_{t}\phi_{j+iA\phi_{j}
266,316ae68e96.png,0,0,77.778,semantic_or_token_error,72,68,w_{1}(\tau)=P^{-1}w_{1}(\tau)P~;~~~~~~~~~~~~~~w_{0}(x)=Q^{-1}w_{0}(x)Q~.,w_{1}(\tau)=P^{-1}w_{1}(\tau)P;\qquad\qquadw_{0}(x)=Q^{-1}w_{0}(x)Q.,w_{1}(\tau)=P^{-1}w_{1}(\tau)P~;~~~~~~~~~~~~~~w_{0}(x)=Q^{-1}w_{0}(x)Q~.,w_{1}(\tau)=P^{-1}w_{1}(\tau)P;w_{0}(x)=Q^{-1}w_{0}(x)Q.
267,48c657da68.png,0,0,92.079,semantic_or_token_error,101,100,"\left[\hat{b}_{n},\hat{b}_{m}^{\dag}\right]=\delta_{nm}\,\,\,;\left[\hat{b}_{n},\hat{b}_{m}\right]=0.","\left[\hat{b}_{n},\hat{b}_{m}^{\dagger}\right]=\delta_{nm}\;;\left[\hat{b}_{n},\hat{b}_{m}\right]=0.","[\hatb_{n,\hatb_m^{\dag]=\delta_{nm};[\hatb_{n,\hatb_{m]=0.","[\hatb_{n,\hatb_m^{\dagger]=\delta_{nm};[\hatb_{n,\hatb_{m]=0."
268,55e22adb53.png,0,0,74.074,semantic_or_token_error,27,21,"\lbrackX,Y]=-i\ell_{B}^{2}.","[X,Y]=-i\ell_{B}^{2}.","\lbrackX,Y]=-i\ell_B^{2}.","[X,Y]=-i\ell_B^{2}."
269,6fd77e234d.png,0,0,97.647,almost_correct,170,166,"H_{0}=\frac{1}{l_{0}}\sum_{i}\mathrm{Tr}(\dot{\bfx}^{i}\dot{\bfx}^{i})+\frac{1}{l_{0}^{5}}\sum_{i,j}\mathrm{Tr}([{\bfx}^{i},{\bfx}^{j}]^{\dagger}[{\bfx}^{i},{\bfx}^{j}]).","H_{0}=\frac{1}{l_{0}}\sum_{i}\mathrm{Tr}(\dot{\bfx}^{i}{\bfx}^{i})+\frac{1}{l_{0}^{5}}\sum_{i,j}\mathrm{Tr}([{\bfx}^{i},{\bfx}^{j}]^{\dagger}[{\bfx}^{i},{\bfx}^{j}]).","H_{0=\frac{1}{l_{0}\sum_{i}\mathrm{Tr}(\dot\bfx^{i}\dot\bfx^{i)+\frac{1}{l_0^{5}\sum_{i,j}\mathrm{Tr}([\bfx^{i,\bfx^{j]^{\dagger}[\bfx^{i,\bfx^{j]).","H_{0=\frac{1}{l_{0}\sum_{i}\mathrm{Tr}(\dot\bfx^{i}\bfx^{i)+\frac{1}{l_0^{5}\sum_{i,j}\mathrm{Tr}([\bfx^{i,\bfx^{j]^{\dagger}[\bfx^{i,\bfx^{j])."
270,2133376982.png,1,1,100.0,exact,57,57,"\Phi\left(g_{1},g_{2}\right)=\Phi\left(g_{2},g_{1}\right)","\Phi\left(g_{1},g_{2}\right)=\Phi\left(g_{2},g_{1}\right)","\Phi(g_{1,g_{2)=\Phi(g_{2,g_{1)","\Phi(g_{1,g_{2)=\Phi(g_{2,g_{1)"
271,4ac37c1816.png,0,0,87.879,semantic_or_token_error,99,91,"\rho(t)\sim(1+3\lambda(t-t_{0}))\rho,\hspace{0.3in}\omega^{2}(t)\sim(1+4\lambda(t-t_{0}))\omega^{2}","\rho(t)\sim(1+3\lambda(t-t_{0}))\rho,\qquad\omega^{2}(t)\sim(1+4\lambda(t-t_{0}))\omega^{2}","\rho(t)\sim(1+3\lambda(t-t_{0))\rho,\hspace{0.3in}\omega^{2}(t)\sim(1+4\lambda(t-t_{0))\omega^{2}","\rho(t)\sim(1+3\lambda(t-t_{0))\rho,\omega^{2}(t)\sim(1+4\lambda(t-t_{0))\omega^{2}"
272,3a4caa5758.png,1,1,100.0,exact,33,33,X=d\alpha+\delta\frac{1}{\Delta}M,X=d\alpha+\delta\frac{1}{\Delta}M,X=d\alpha+\delta\frac{1}{\Delta}M,X=d\alpha+\delta\frac{1}{\Delta}M
273,d9f38b68fe.png,0,0,82.278,semantic_or_token_error,79,71,"[E_{0},H_{1}]=-2E_{1}\;,\;\;[F_{0},H_{1}]=2F_{1}\;,\;\;[H_{0},F_{1}]=-2F_{1}\;,","[E_{0},H_{1}]=-2E_{1}~,~~[F_{0},H_{1}]=2F_{1}~,~[H_{0},F_{1}]=-2F_{1}~,","[E_{0,H_{1]=-2E_{1,[F_{0,H_{1]=2F_{1,[H_{0,F_{1]=-2F_{1,","[E_{0,H_{1]=-2E_{1}~,~~[F_{0,H_{1]=2F_{1}~,~[H_{0,F_{1]=-2F_{1}~,"
274,1dc692e3f4.png,0,0,88.889,semantic_or_token_error,108,99,Z(\tau)~=~Tr~e^{2\piiH\tau}~=~Tr~exp\left[2\pii\tau\left(\frac{(p^{i})^{2}}{2}~+~{\calN}~-~a\right)~\right].,Z(\tau)=Tre^{2\piiH\tau}=Trexp\left[2\pii\tau\left(\frac{(p^{i})^{2}}{2}+{\calN}-a\right)\;\right].,Z(\tau)~=~Tr~e^{2\piiH\tau}~=~Tr~exp[2\pii\tau(\frac{(p^{i)^{2}{2}~+~{\calN}~-~a)~].,Z(\tau)=Tre^{2\piiH\tau=Trexp[2\pii\tau(\frac{(p^{i)^{2}{2+{\calN-a)].
275,79483b74fb.png,0,1,89.691,canonical_equivalent,87,97,"\psi=\pi_{t}+H_{0}(q,p,t)\approx0,\phi_{\alpha}(q,p,t)\approx0,\psi_{A}(q,p,t)\approx0.","\psi=\pi_{t}+H_{0}(q,p,t)\approx0,\quad\phi_{\alpha}(q,p,t)\approx0,\quad\psi_{A}(q,p,t)\approx0.","\psi=\pi_{t+H_{0}(q,p,t)\approx0,\phi_{\alpha}(q,p,t)\approx0,\psi_{A}(q,p,t)\approx0.","\psi=\pi_{t+H_{0}(q,p,t)\approx0,\phi_{\alpha}(q,p,t)\approx0,\psi_{A}(q,p,t)\approx0."
276,a38b4f658b.png,1,1,100.0,exact,42,42,ch_{M\beta}=\sum_{K}c_{\xiM}^{K}h_{K\beta},ch_{M\beta}=\sum_{K}c_{\xiM}^{K}h_{K\beta},ch_{M\beta=\sum_{K}c_\xiM^{K}h_{K\beta},ch_{M\beta=\sum_{K}c_\xiM^{K}h_{K\beta}
277,4503b3912e.png,1,1,100.0,exact,40,40,\gamma_{\varphi}=-\frac{N}{8\pi}g^{2}<0.,\gamma_{\varphi}=-\frac{N}{8\pi}g^{2}<0.,\gamma_{\varphi=-\frac{N}{8\pi}g^{2}<0.,\gamma_{\varphi=-\frac{N}{8\pi}g^{2}<0.
278,f4d6e41e2e.png,1,1,100.0,exact,64,64,"\phi_{2}(\omega,\vec{k},r)\approxr^{-\Delta_{+}}C(\omega,\vec{x}","\phi_{2}(\omega,\vec{k},r)\approxr^{-\Delta_{+}}C(\omega,\vec{x}","\phi_{2}(\omega,\vec{k,r)\approxr^{-\Delta_{+}C(\omega,\vec{x}","\phi_{2}(\omega,\vec{k,r)\approxr^{-\Delta_{+}C(\omega,\vec{x}"
279,695fce816e.png,1,1,100.0,exact,30,30,"\{P_{1},P_{2}\}=4\pi\kappa\muN","\{P_{1},P_{2}\}=4\pi\kappa\muN","\{P_{1,P_{2}\=4\pi\kappa\muN","\{P_{1,P_{2}\=4\pi\kappa\muN"
280,419b599b65.png,0,0,95.122,almost_correct,41,39,Z~=~\int{\calD}g{\calD}\phie^{-S_{\beta}},Z=\int{\calD}g{\calD}\phie^{-S_{\beta}},Z~=~\int{\calD}g{\calD}\phie^{-S_{\beta},Z=\int{\calD}g{\calD}\phie^{-S_{\beta}
281,4058e0f47f.png,0,0,98.718,almost_correct,78,78,\omega_{before}\rightarrow\omega_{after}=\sum_{i}\lambda_{i}\omega_{after}^{i},\omega_{bcfore}\rightarrow\omega_{after}=\sum_{i}\lambda_{i}\omega_{after}^{i},\omega_{before}arrow\omega_{after=\sum_{i}\lambda_{i}\omega_{after^{i},\omega_{bcfore}arrow\omega_{after=\sum_{i}\lambda_{i}\omega_{after^{i}
282,3dc4d3ecb3.png,0,1,95.238,canonical_equivalent,84,80,"\psi_{0}=p\star\psi\starp,\quadt=q\star\psi\starp,\quad\bar{t}=p\star\psi\starq\,\,.","\psi_{0}=p\star\psi\starp,\quadt=q\star\psi\starp,\quad\bar{t}=p\star\psi\starq.","\psi_{0=p\star\psi\starp,t=q\star\psi\starp,\bar{t=p\star\psi\starq.","\psi_{0=p\star\psi\starp,t=q\star\psi\starp,\bar{t=p\star\psi\starq."
283,7b08f115b4.png,0,0,92.093,semantic_or_token_error,215,206,{{\calH}}_{\mathrm{coll}}=\frac{1}{2}{\calI}^{\alpha\beta}I_{\alpha}I_{\beta}-{\calI}^{\alpha\beta}I_{\alpha}\overline{{J_{\beta}^{(2)}}}+\frac{1}{2}{\calI}^{\alpha\beta}\overline{{J_{\alpha}^{(2)}J_{\beta}^{(2)}}}.,{\calH}_{\mathrm{coll}}={\frac{1}{2}}{\calI}^{\alpha\beta}I_{\alpha}I_{\beta}-{\calI}^{\alpha\beta}I_{\alpha}\overline{{J_{\beta}^{(2)}}}+{\frac{1}{2}}{\calI}^{\alpha\beta}{J_{\alpha}^{(2)}J_{\beta}^{(2)}}.,{\calH_\mathrm{coll=\frac{1}{2}\calI^{\alpha\beta}I_{\alpha}I_{\beta-\calI^{\alpha\beta}I_{\alpha}\overline{{J_\beta^{(2)+\frac{1}{2}\calI^{\alpha\beta}\overline{{J_\alpha^{(2)}J_\beta^{(2)}.,\calH_\mathrm{coll=\frac{1}{2}\calI^{\alpha\beta}I_{\alpha}I_{\beta-\calI^{\alpha\beta}I_{\alpha}\overline{{J_\beta^{(2)+\frac{1}{2}\calI^{\alpha\beta}{J_\alpha^{(2)}J_\beta^{(2)}.
284,e4b3e175df.png,0,1,93.243,canonical_equivalent,211,222,"\Omega=2\,\operatorname{sin}^{-1}\left\{{\frac{(\operatorname{sin}\theta)\operatorname{sinh}^{2}(\eta/2)}{\sqrt{\operatorname{cosh}^{2}\eta-\operatorname{sinh}^{2}\eta\operatorname{sin}^{2}(\theta/2)}}}\right\}.","\Omega=2\,\operatorname{sin}^{-1}\left\{\frac{\left(\operatorname{sin}\theta\right)\operatorname{sinh}^{2}(\eta/2)}{\sqrt{\operatorname{cosh}^{2}\eta-\operatorname{sinh}^{2}\eta\operatorname{sin}^{2}(\theta/2)}}\right\}\,.",\Omega=2\operatorname{sin^{-1}\\frac{(\operatorname{sin}\theta)\operatorname{sinh^{2}(\eta/2)}\sqrt\operatorname{cosh^{2}\eta-\operatorname{sinh^{2}\eta\operatorname{sin^{2}(\theta/2)}\}.,\Omega=2\operatorname{sin^{-1}\\frac{(\operatorname{sin}\theta)\operatorname{sinh^{2}(\eta/2)}\sqrt\operatorname{cosh^{2}\eta-\operatorname{sinh^{2}\eta\operatorname{sin^{2}(\theta/2)}\}.
285,69af822f9e.png,1,1,100.0,exact,42,42,"A(x,y)\;=\;\sum_{j=g}^{\infty}A^{[j]}(x,y)","A(x,y)\;=\;\sum_{j=g}^{\infty}A^{[j]}(x,y)","A(x,y)=\sum_{j=g^{\infty}A^{[j]}(x,y)","A(x,y)=\sum_{j=g^{\infty}A^{[j]}(x,y)"
286,2dea0e824a.png,0,1,94.186,canonical_equivalent,86,81,"\epsilon_{0}=\operatorname{cos}\pia_{0}\quad\epsilon_{1}=\operatorname{cos}\pia_{1}\,.","\epsilon_{0}=\operatorname{cos}\pia_{0}\epsilon_{1}=\operatorname{cos}\pia_{1}\,.",\epsilon_{0=\operatorname{cos}\pia_{0}\epsilon_{1=\operatorname{cos}\pia_{1}.,\epsilon_{0=\operatorname{cos}\pia_{0}\epsilon_{1=\operatorname{cos}\pia_{1}.
287,50f13e5862.png,1,1,100.0,exact,63,63,"\sum_{n}f(n)=\sum_{p}\int_{-\infty}^{\infty}dxf(x)e^{-2\piipx},","\sum_{n}f(n)=\sum_{p}\int_{-\infty}^{\infty}dxf(x)e^{-2\piipx},","\sum_{n}f(n)=\sum_{p}\int_{-\infty^{\infty}dxf(x)e^{-2\piipx,","\sum_{n}f(n)=\sum_{p}\int_{-\infty^{\infty}dxf(x)e^{-2\piipx,"
288,152be682b7.png,1,1,100.0,exact,52,52,"\Psi_{e}(x)=\frac{1}{\sqrt{S^{\prime}(x)}}U(S(x))\,.","\Psi_{e}(x)=\frac{1}{\sqrt{S^{\prime}(x)}}U(S(x))\,.",\Psi_{e}(x)=\frac{1}\sqrt{S^{\prime}(x)}U(S(x)).,\Psi_{e}(x)=\frac{1}\sqrt{S^{\prime}(x)}U(S(x)).
289,23c88bad51.png,0,0,71.605,semantic_or_token_error,75,81,"\lbrack\frack2Q_{v}(n),\frack2Q_{v}(m)]=-\frack2Q_{v}([n,m])+{\frack{4\pi}}","[\frac{k}{2}Q_{v}(n),\frac{k}{2}Q_{v}(m)]=-\frac{k}{2}Q_{v}([n,m])+\frac{k}{4\pi}","\lbrack\frack2Q_{v}(n),\frack2Q_{v}(m)]=-\frack2Q_{v}([n,m])+\frack{4\pi}","[\frac{k}{2}Q_{v}(n),\frac{k}{2}Q_{v}(m)]=-\frac{k}{2}Q_{v}([n,m])+\frac{k}{4\pi}"
290,76718340d4.png,1,1,100.0,exact,54,54,R_{abcd}={\calK}\left(g_{ac}g_{bd}-g_{ad}g_{bc}\right),R_{abcd}={\calK}\left(g_{ac}g_{bd}-g_{ad}g_{bc}\right),R_{abcd={\calK}(g_{ac}g_{bd-g_{ad}g_{bc),R_{abcd={\calK}(g_{ac}g_{bd-g_{ad}g_{bc)
291,27e43fd719.png,1,1,100.0,exact,63,63,"O(\psi_{a},\psi_{b})=(L_{-1}^{a}+L_{0}^{a})\psi_{a}*\psi_{b}\,.","O(\psi_{a},\psi_{b})=(L_{-1}^{a}+L_{0}^{a})\psi_{a}*\psi_{b}\,.","O(\psi_{a,\psi_{b)=(L_{-1^{a+L_0^{a)\psi_{a}*\psi_{b}.","O(\psi_{a,\psi_{b)=(L_{-1^{a+L_0^{a)\psi_{a}*\psi_{b}."
292,68af912d5c.png,1,1,100.0,exact,50,50,x^{i}(fg)=(x^{i}f)g=(\tilde{\zeta}_{j}^{i}f)x^{j}g,x^{i}(fg)=(x^{i}f)g=(\tilde{\zeta}_{j}^{i}f)x^{j}g,x^{i}(fg)=(x^{i}f)g=(\tilde\zeta_j^{i}f)x^{j}g,x^{i}(fg)=(x^{i}f)g=(\tilde\zeta_j^{i}f)x^{j}g
293,7b871a732d.png,0,0,97.561,almost_correct,80,82,"\xi_{B}^{\prime}=\left(\frac{\sqrt3\,c^{3}}{128\hbarGr_{0}}\right)^{1/2}\xi_{B},","\xi_{B}^{\prime}=\left(\frac{\sqrt{3}\,c^{3}}{128\hbarGr_{0}}\right)^{1/2}\xi_{B},","\xi_B^{\prime=(\frac\sqrt3c^{3}{128\hbarGr_{0)^{1/2}\xi_{B,","\xi_B^{\prime=(\frac\sqrt{3}c^{3}{128\hbarGr_{0)^{1/2}\xi_{B,"
294,1cc91114f2.png,0,0,98.077,almost_correct,156,153,"\Omega=1-e^{4aL\mu}\left[\frac{(\mu+\nu)^{2}-\lambda^{2}}{(\mu-\nu)^{2}-\lambda^{2}}\right]\frac{B^{2}(2\mu,-\mu-\nu+\lambda)}{B^{2}(-2\mu,\mu-\nu-\lambda)}","\Omega=1-e^{4aL}\left[\frac{(\mu+\nu)^{2}-\lambda^{2}}{(\mu-\nu)^{2}-\lambda^{2}}\right]\frac{B^{2}(2\mu,-\mu-\nu+\lambda)}{B^{2}(-2\mu,\mu-\nu-\lambda)}","\Omega=1-e^{4aL\mu}[\frac{(\mu+\nu)^{2-\lambda^{2}{(\mu-\nu)^{2-\lambda^{2]\frac{B^{2}(2\mu,-\mu-\nu+\lambda)}{B^{2}(-2\mu,\mu-\nu-\lambda)}","\Omega=1-e^{4aL}[\frac{(\mu+\nu)^{2-\lambda^{2}{(\mu-\nu)^{2-\lambda^{2]\frac{B^{2}(2\mu,-\mu-\nu+\lambda)}{B^{2}(-2\mu,\mu-\nu-\lambda)}"
295,68b49e1b4a.png,1,1,100.0,exact,64,64,"ds^{2}=-N^{2}dt^{2}+g_{yy}dy^{2}+r^{2}\left(y\right)d\Omega^{2},","ds^{2}=-N^{2}dt^{2}+g_{yy}dy^{2}+r^{2}\left(y\right)d\Omega^{2},","ds^{2=-N^{2}dt^{2+g_{yy}dy^{2+r^{2}(y)d\Omega^{2,","ds^{2=-N^{2}dt^{2+g_{yy}dy^{2+r^{2}(y)d\Omega^{2,"
296,b07bfd5f28.png,1,1,100.0,exact,54,54,\psi(1+z)=-\gamma+z\sum_{n=1}^{\infty}\frac{1}{n(z+n)},\psi(1+z)=-\gamma+z\sum_{n=1}^{\infty}\frac{1}{n(z+n)},\psi(1+z)=-\gamma+z\sum_{n=1^{\infty}\frac{1}{n(z+n)},\psi(1+z)=-\gamma+z\sum_{n=1^{\infty}\frac{1}{n(z+n)}
297,59a7eeae33.png,0,0,97.701,almost_correct,174,174,"\Gamma_{L}^{~~K}\left[-\frac{1}{2}\partial_{K}F_{L}+\sum_{R}\frac{h_{R}}{2}\left\{\Delta_{RL}-\frac{1}{3}\right\}\partial_{K}C_{R}\frac{\Gamma(R)}{2}\right]\varepsilon_{0}=0,","\Gamma_{L}{}^{K}\left[-\frac{1}{2}\partial_{K}F_{L}+\sum_{R}\frac{h_{R}}{2}\left\{\Delta_{RL}-\frac{1}{3}\right\}\partial_{K}C_{R}\frac{\Gamma(R)}{2}\right]\varepsilon_{0}=0,","\Gamma_L^{~~K}[-\frac{1}{2}\partial_{K}F_{L+\sum_{R}\frac{h_{R}{2}\{\Delta_{RL-\frac{1}{3}\}\partial_{K}C_{R}\frac{\Gamma(R)}{2]\varepsilon_{0=0,","\Gamma_{L}{^{K}[-\frac{1}{2}\partial_{K}F_{L+\sum_{R}\frac{h_{R}{2}\{\Delta_{RL-\frac{1}{3}\}\partial_{K}C_{R}\frac{\Gamma(R)}{2]\varepsilon_{0=0,"
298,3ddf248dd3.png,0,0,92.126,semantic_or_token_error,121,127,"U_{(x_{1},x_{2})}\rightarrow\,Gamma_{1}^{x_{1}}\Gamma_{2}^{x_{2}}U(\Gamma_{2}^{\dag})^{x_{2}}(\Gamma_{1}^{\dag})^{x_{1}},","U_{(x_{1},x_{2})}\;\rightarrowGamma_{1}^{x_{1}}\Gamma_{2}^{x_{2}}U(\Gamma_{2}^{\dagger})^{x_{2}}(\Gamma_{1}^{\dagger})^{x_{1}},","U_{(x_{1,x_{2)}arrowGamma_1^{x_{1}\Gamma_2^{x_{2}U(\Gamma_2^{\dag)^{x_{2}(\Gamma_1^{\dag)^{x_{1,","U_{(x_{1,x_{2)}arrowGamma_1^{x_{1}\Gamma_2^{x_{2}U(\Gamma_2^{\dagger)^{x_{2}(\Gamma_1^{\dagger)^{x_{1,"
299,5f46ab2bad.png,1,1,100.0,exact,31,31,"[P_{l},J]=-i\epsilon_{ln}P_{n},","[P_{l},J]=-i\epsilon_{ln}P_{n},","[P_{l,J]=-i\epsilon_{ln}P_{n,","[P_{l,J]=-i\epsilon_{ln}P_{n,"
300,32bb708eb9.png,0,0,75.743,semantic_or_token_error,202,159,"\Re\left\{\frac{-\nu^{-s}}{\pi}\,e^{\displaystyle{-i\frac{\pi}{2}(s+1)}}\int_{-iz}^{\infty-iz}t^{-s}\,\displaystyle{\frac{d\left(\operatorname{ln}{I_{\nu}\left(\nu\,t\right)}\right)}{d\,t}}\,dt\right\}.","\Re\left\{\frac{-\nu^{-s}}{\pi}\,e^{-i\frac{\pi}{2}}(s+1)\int_{-iz}^{\infty-iz}\,t^{-s}\,\frac{d\left(\operatorname{ln}I_{\nu}(\nu\,t)\right)}{dt}\,dt\right\}.",\Re\\frac{-\nu^{-s}{\pi}e^{\displaystyle{-i\frac{\pi}{2}(s+1)}\int_{-iz^{\infty-iz}t^{-s}\displaystyle\frac{d(\operatorname{ln}{I_{\nu}(\nut))}{dt}dt\}.,\Re\\frac{-\nu^{-s}{\pi}e^{-i\frac{\pi}{2}(s+1)\int_{-iz^{\infty-iz}t^{-s}\frac{d(\operatorname{ln}I_{\nu}(\nut))}{dt}dt\}.
301,13938594a7.png,1,1,100.0,exact,168,168,e^{-2\rho}\simeq2(\Delta_{0}-\operatorname{log}2-\frac{2\mu^{2}}{\lambda^{2}})-\lambda^{2}(x^{+}+\frac{2\gamma_{+}}{\lambda^{2}})(x^{-}+\frac{2\gamma_{-}}{\lambda^{2}}),e^{-2\rho}\simeq2(\Delta_{0}-\operatorname{log}2-\frac{2\mu^{2}}{\lambda^{2}})-\lambda^{2}(x^{+}+\frac{2\gamma_{+}}{\lambda^{2}})(x^{-}+\frac{2\gamma_{-}}{\lambda^{2}}),e^{-2\rho}\simeq2(\Delta_{0-\operatorname{log}2-\frac{2\mu^{2}{\lambda^{2)-\lambda^{2}(x^{++\frac{2\gamma_{+}{\lambda^{2)(x^{-+\frac{2\gamma_{-}{\lambda^{2),e^{-2\rho}\simeq2(\Delta_{0-\operatorname{log}2-\frac{2\mu^{2}{\lambda^{2)-\lambda^{2}(x^{++\frac{2\gamma_{+}{\lambda^{2)(x^{-+\frac{2\gamma_{-}{\lambda^{2)
302,26ede6a5dc.png,0,1,87.705,canonical_equivalent,122,107,"\left\{Q_{\alphaA},Q_{\betaB}\right\}=P_{\mu}\left(C\gamma^{\mu}\right)_{\alpha\beta}\Omega_{AB}+C_{\alpha\beta}\,\,Z_{AB}","\{Q_{\alphaA},Q_{\betaB}\}=P_{\mu}\left(C\gamma^{\mu}\right)_{\alpha\beta}\Omega_{AB}+C_{\alpha\beta}Z_{AB}","\{Q_{\alphaA,Q_{\betaB}\=P_{\mu}(C\gamma^{\mu)_{\alpha\beta}\Omega_{AB+C_{\alpha\beta}Z_{AB}","\{Q_{\alphaA,Q_{\betaB}\=P_{\mu}(C\gamma^{\mu)_{\alpha\beta}\Omega_{AB+C_{\alpha\beta}Z_{AB}"
303,431e14e2b9.png,0,0,93.388,semantic_or_token_error,121,113,"H^{2}+{\frac{k}{a^{2}}}={\frac{2\kappa_{5}^{~2}}{9}}\left(\rho_{\phi}+\Delta\rho_{\phi}\right)+{\frac{1}{3}}E_{~0}^{0}\,.","H^{2}+\frac{k}{a^{2}}=\frac{2\kappa_{5}^{2}}{9}\left(\rho_{\phi}+\Delta\rho_{\phi}\right)+\frac{1}{3}E_{0}^{0}\,.",H^{2+\frac{k}{a^{2=\frac{2\kappa_5^{~2}{9}(\rho_{\phi+\Delta\rho_{\phi)+\frac{1}{3}E_{~0^{0}.,H^{2+\frac{k}{a^{2=\frac{2\kappa_5^{2}{9}(\rho_{\phi+\Delta\rho_{\phi)+\frac{1}{3}E_0^{0}.
304,379df39c0a.png,0,0,96.667,almost_correct,90,88,"\phi(\kappa,y)=\sqrt{8\pi\alpha^{5}m^{6}}\Bigl(\kappa^{2}+(1-2y)^{2}m^{2}+mE\Bigr)^{-2}\;,","\phi(\kappa,y)=\sqrt{8\pi\alpha^{5}m^{6}}\Big(\kappa^{2}+(1-2y)^{2}m^{2}+mE\Big)^{-2}\,,","\phi(\kappa,y)=\sqrt{8\pi\alpha^{5}m^{6}\Bigl(\kappa^{2+(1-2y)^{2}m^{2+mE\Bigr)^{-2,","\phi(\kappa,y)=\sqrt{8\pi\alpha^{5}m^{6}\Big(\kappa^{2+(1-2y)^{2}m^{2+mE\Big)^{-2,"
305,7e25cfe8e7.png,1,1,100.0,exact,49,49,"1=\alpha_{1}^{2}=\alpha_{2}^{2}=\alpha_{3}^{2}\,.","1=\alpha_{1}^{2}=\alpha_{2}^{2}=\alpha_{3}^{2}\,.",1=\alpha_1^{2=\alpha_2^{2=\alpha_3^{2}.,1=\alpha_1^{2=\alpha_2^{2=\alpha_3^{2}.
306,33aeae5faa.png,1,1,100.0,exact,175,175,"\left(\frac{1}{G_{4}(\mu)}-\frac{1}{G_{4}^{*}(g)}\right)=\left(\frac{g^{2}(\Lambda)}{g^{2}(\mu)}\right)^{2-cg^{2}}\left(\frac{1}{G_{4}(\Lambda)}-\frac{1}{G_{4}^{*}(g)}\right),","\left(\frac{1}{G_{4}(\mu)}-\frac{1}{G_{4}^{*}(g)}\right)=\left(\frac{g^{2}(\Lambda)}{g^{2}(\mu)}\right)^{2-cg^{2}}\left(\frac{1}{G_{4}(\Lambda)}-\frac{1}{G_{4}^{*}(g)}\right),","(\frac{1}{G_{4}(\mu)-\frac{1}{G_4^{*}(g))=(\frac{g^{2}(\Lambda)}{g^{2}(\mu))^{2-cg^{2}(\frac{1}{G_{4}(\Lambda)-\frac{1}{G_4^{*}(g)),","(\frac{1}{G_{4}(\mu)-\frac{1}{G_4^{*}(g))=(\frac{g^{2}(\Lambda)}{g^{2}(\mu))^{2-cg^{2}(\frac{1}{G_{4}(\Lambda)-\frac{1}{G_4^{*}(g)),"
307,39c0e64d0d.png,0,1,94.975,canonical_equivalent,199,189,{\frac{1}{g^{2}(q^{2})}}={\frac{R}{g_{5}^{2}}}+\lambda_{k}(k/2)+\lambda_{T}(2T)-{\frac{1}{48\pi^{2}}}\left[\operatorname{ln}\left({\frac{2+\nu}{2\nu}}\right)+\nu\operatorname{ln}{\frac{k}{T}}\right].,\frac{1}{g^{2}(q^{2})}=\frac{R}{g_{5}^{2}}+\lambda_{k}(k/2)+\lambda_{T}(2T)-\frac{1}{48\pi^{2}}\left[\operatorname{ln}\left(\frac{2+\nu}{2\nu}\right)+\nu\operatorname{ln}\frac{k}{T}\right].,\frac{1}{g^{2}(q^{2)=\frac{R}{g_5^{2+\lambda_{k}(k/2)+\lambda_{T}(2T)-\frac{1}{48\pi^{2}[\operatorname{ln}(\frac{2+\nu}{2\nu)+\nu\operatorname{ln}\frac{k}{T].,\frac{1}{g^{2}(q^{2)=\frac{R}{g_5^{2+\lambda_{k}(k/2)+\lambda_{T}(2T)-\frac{1}{48\pi^{2}[\operatorname{ln}(\frac{2+\nu}{2\nu)+\nu\operatorname{ln}\frac{k}{T].
308,1222b2a1d6.png,1,1,100.0,exact,115,115,L_{3}=\left(\begin{array}{llll}{0}&{-i}&{0}&{0}\{i}&{0}&{0}&{0}\{0}&{0}&{0}&{0}\{0}&{0}&{0}&{0}\\end{array}\right).,L_{3}=\left(\begin{array}{llll}{0}&{-i}&{0}&{0}\{i}&{0}&{0}&{0}\{0}&{0}&{0}&{0}\{0}&{0}&{0}&{0}\\end{array}\right).,L_{3=(\begin{array}{llll}{0}&{-i}&{0}&{0}\{i}&{0}&{0}&{0}\{0}&{0}&{0}&{0}\{0}&{0}&{0}&{0}\\end{array).,L_{3=(\begin{array}{llll}{0}&{-i}&{0}&{0}\{i}&{0}&{0}&{0}\{0}&{0}&{0}&{0}\{0}&{0}&{0}&{0}\\end{array).
309,6029ade37e.png,1,1,100.0,exact,49,49,"(x|y)=g_{\mu\nu}\xi^{\mu}\zeta^{\nu}=(\xi|\zeta),","(x|y)=g_{\mu\nu}\xi^{\mu}\zeta^{\nu}=(\xi|\zeta),","(x|y)=g_{\mu\nu}\xi^{\mu}\zeta^{\nu=(\xi|\zeta),","(x|y)=g_{\mu\nu}\xi^{\mu}\zeta^{\nu=(\xi|\zeta),"
310,334a03f56d.png,1,1,100.0,exact,66,66,"\sigma(\omega,\omega^{\prime})=\rho(\omega)-\rho(\omega^{\prime}).","\sigma(\omega,\omega^{\prime})=\rho(\omega)-\rho(\omega^{\prime}).","\sigma(\omega,\omega^{\prime)=\rho(\omega)-\rho(\omega^{\prime).","\sigma(\omega,\omega^{\prime)=\rho(\omega)-\rho(\omega^{\prime)."
311,7095f1ad15.png,0,0,91.453,semantic_or_token_error,111,117,\deltaN={\frac{u}{2}}\;\ell_{r}\;\mathrm{sin}^{2}\theta_{r}\;(\partial_{+}^{3}\xi^{+}+\partial_{-}^{3}\xi^{-}).,\deltaN={\frac{u}{2}}\;\ell_{r}\operatorname{sin}^{2}\theta_{r}\;(\partial_{+}^{3}\xi^{+}+\partial_{-}^{3}\xi^{-})\;.,\deltaN=\frac{u}{2}\ell_{r}\mathrm{sin^{2}\theta_{r}(\partial_{+^{3}\xi^{++\partial_{-^{3}\xi^{-).,\deltaN=\frac{u}{2}\ell_{r}\operatorname{sin^{2}\theta_{r}(\partial_{+^{3}\xi^{++\partial_{-^{3}\xi^{-).
312,6505300ec2.png,1,1,100.0,exact,77,77,-\frac{1}{r^{3}}\frac{d}{dr}\left(r^{3}\frac{dh}{dr}\right)+(\rho\mu)^{2}h=0.,-\frac{1}{r^{3}}\frac{d}{dr}\left(r^{3}\frac{dh}{dr}\right)+(\rho\mu)^{2}h=0.,-\frac{1}{r^{3}\frac{d}{dr}(r^{3}\frac{dh}{dr)+(\rho\mu)^{2}h=0.,-\frac{1}{r^{3}\frac{d}{dr}(r^{3}\frac{dh}{dr)+(\rho\mu)^{2}h=0.
313,289be98d06.png,0,0,93.966,missing_factorial,116,109,\operatorname{exp}(-W(A))=\intd\psid\bar{\psi}\operatorname{exp}(-\int_{M}\bar{\psi}\partial\!\!\!/_{A}\psid^{2n}x).,\operatorname{exp}(-W(A))=\intd\psid\bar{\psi}\operatorname{exp}(-\int_{M}\bar{\psi}\partial_{A}\psid^{2n}x).,\operatorname{exp}(-W(A))=\intd\psid\bar{\psi}\operatorname{exp}(-\int_{M}\bar{\psi}\partial/_{A}\psid^{2n}x).,\operatorname{exp}(-W(A))=\intd\psid\bar{\psi}\operatorname{exp}(-\int_{M}\bar{\psi}\partial_{A}\psid^{2n}x).
314,1419553546.png,1,1,100.0,exact,90,90,"(x,x)=\sum_{\alpha>0}\left[(x_{s}^{\alpha})^{2}+(x_{c}^{\alpha})^{2}\right]+(x_{H},x_{H}),","(x,x)=\sum_{\alpha>0}\left[(x_{s}^{\alpha})^{2}+(x_{c}^{\alpha})^{2}\right]+(x_{H},x_{H}),","(x,x)=\sum_{\alpha>0}[(x_s^{\alpha)^{2+(x_c^{\alpha)^{2]+(x_{H,x_{H),","(x,x)=\sum_{\alpha>0}[(x_s^{\alpha)^{2+(x_c^{\alpha)^{2]+(x_{H,x_{H),"
315,11785e9736.png,1,1,100.0,exact,81,81,"\phi=\Lambda^{++}\intdp_{0}\,\Phi(p_{0}),\qquadV=-2i\pi\,\beta_{1}\beta_{2}K^{0},","\phi=\Lambda^{++}\intdp_{0}\,\Phi(p_{0}),\qquadV=-2i\pi\,\beta_{1}\beta_{2}K^{0},","\phi=\Lambda^{++}\intdp_{0}\Phi(p_{0),V=-2i\pi\beta_{1}\beta_{2}K^{0,","\phi=\Lambda^{++}\intdp_{0}\Phi(p_{0),V=-2i\pi\beta_{1}\beta_{2}K^{0,"
316,51af336407.png,0,0,99.398,almost_correct,166,165,"\delta\tilde{\lambda}(t,s,\{\vec{k}\})=[i\delta(0)]~\frac{3}{2}a(t)^{-1}\tilde{\lambda}^{2}(t)(2\pi)^{-3}\intd^{3}\vec{q}[\vec{q}^{2}+\tilde{m}^{2}(t)-i\epsilon]^{-1}","\delta\tilde{\lambda}(t,s,\{\vec{k}\})=[i\delta(0)]\frac{3}{2}a(t)^{-1}\tilde{\lambda}^{2}(t)(2\pi)^{-3}\intd^{3}\vec{q}[\vec{q}^{2}+\tilde{m}^{2}(t)-i\epsilon]^{-1}","\delta\tilde{\lambda}(t,s,\\vec{k}\)=[i\delta(0)]~\frac{3}{2}a(t)^{-1}\tilde\lambda^{2}(t)(2\pi)^{-3}\intd^{3}\vec{q}[\vecq^{2+\tildem^{2}(t)-i\epsilon]^{-1}","\delta\tilde{\lambda}(t,s,\\vec{k}\)=[i\delta(0)]\frac{3}{2}a(t)^{-1}\tilde\lambda^{2}(t)(2\pi)^{-3}\intd^{3}\vec{q}[\vecq^{2+\tildem^{2}(t)-i\epsilon]^{-1}"
317,11aec73b81.png,1,1,100.0,exact,53,53,m_{R}=\frac{1}{2}l+\frac{1}{4}\left(d-2\right)+n_{r}.,m_{R}=\frac{1}{2}l+\frac{1}{4}\left(d-2\right)+n_{r}.,m_{R=\frac{1}{2}l+\frac{1}{4}(d-2)+n_{r}.,m_{R=\frac{1}{2}l+\frac{1}{4}(d-2)+n_{r}.
318,bc8fcaa52c.png,1,1,100.0,exact,68,68,"a^{\mu}=\frac{1}{4}\,a_{(\psi)}^{\mu}-\frac{1}{6}a_{(\phi)}^{\mu}\,,","a^{\mu}=\frac{1}{4}\,a_{(\psi)}^{\mu}-\frac{1}{6}a_{(\phi)}^{\mu}\,,","a^{\mu=\frac{1}{4}a_{(\psi)^{\mu-\frac{1}{6}a_{(\phi)^{\mu,","a^{\mu=\frac{1}{4}a_{(\psi)^{\mu-\frac{1}{6}a_{(\phi)^{\mu,"
319,1e028620f6.png,1,1,100.0,exact,56,56,"\mathrm{Tr}(\gamma_{\theta,7_{3}}\gamma_{W,7_{3}}^{p})=0","\mathrm{Tr}(\gamma_{\theta,7_{3}}\gamma_{W,7_{3}}^{p})=0","\mathrm{Tr}(\gamma_{\theta,7_{3}\gamma_{W,7_3^{p)=0","\mathrm{Tr}(\gamma_{\theta,7_{3}\gamma_{W,7_3^{p)=0"
320,642fd74a5a.png,1,1,100.0,exact,49,49,"d_{2r-1}B_{2r}^{0}=\mu(A,F),\;d_{2r-1}\mu(A,F)=0.","d_{2r-1}B_{2r}^{0}=\mu(A,F),\;d_{2r-1}\mu(A,F)=0.","d_{2r-1}B_{2r^{0=\mu(A,F),d_{2r-1}\mu(A,F)=0.","d_{2r-1}B_{2r^{0=\mu(A,F),d_{2r-1}\mu(A,F)=0."
321,5f3df121af.png,1,1,100.0,exact,33,33,"W[z+(m+in)L]=W(z),\qquad\forallt,","W[z+(m+in)L]=W(z),\qquad\forallt,","W[z+(m+in)L]=W(z),\forallt,","W[z+(m+in)L]=W(z),\forallt,"
322,4da4d8c65d.png,1,1,100.0,exact,180,180,"\tilde{\alpha}_{i}=\alpha_{i}-\frac{\varphi}{D-2}=\tilde{\alpha}_{i0}+\tilde{p}_{i}\operatorname{ln}\tilde{t},\qquad\varphi=\tilde{\varphi}_{0}+\tilde{K}\operatorname{ln}\tilde{t},","\tilde{\alpha}_{i}=\alpha_{i}-\frac{\varphi}{D-2}=\tilde{\alpha}_{i0}+\tilde{p}_{i}\operatorname{ln}\tilde{t},\qquad\varphi=\tilde{\varphi}_{0}+\tilde{K}\operatorname{ln}\tilde{t},","\tilde\alpha_{i=\alpha_{i-\frac{\varphi}{D-2=\tilde\alpha_{i0+\tildep_{i}\operatorname{ln}\tilde{t,\varphi=\tilde\varphi_{0+\tilde{K}\operatorname{ln}\tilde{t,","\tilde\alpha_{i=\alpha_{i-\frac{\varphi}{D-2=\tilde\alpha_{i0+\tildep_{i}\operatorname{ln}\tilde{t,\varphi=\tilde\varphi_{0+\tilde{K}\operatorname{ln}\tilde{t,"
323,562d42b1f9.png,1,1,100.0,exact,52,52,{\calD}^{2}\equiv{\calR}^{ab}J_{ab}+{\calR}^{a}P_{a},{\calD}^{2}\equiv{\calR}^{ab}J_{ab}+{\calR}^{a}P_{a},\calD^{2}\equiv\calR^{ab}J_{ab+\calR^{a}P_{a},\calD^{2}\equiv\calR^{ab}J_{ab+\calR^{a}P_{a}
324,c2d4963f7f.png,0,1,91.837,canonical_equivalent,46,49,"|\vec{k}>=a^{\dagger}(\vec{k}\,)\,|0>,<0|0>=1.","|\vec{k}>=a^{\dagger}(\vec{k}\,)\left|0>,<0|0>=1.","|\vec{k}>=a^{\dagger}(\vec{k)|0>,<0|0>=1.","|\vec{k}>=a^{\dagger}(\vec{k)|0>,<0|0>=1."
325,4c0370ba4b.png,0,0,94.737,semantic_or_token_error,57,54,"V(S,\phi)=\frac{1}{2}\left(Y_{a}Y_{a}+F^{\dagger}F\right)","V(S,\phi)=\frac{1}{2}\left(Y_{a}Y_{a}+F^{\dag}F\right)","V(S,\phi)=\frac{1}{2}(Y_{a}Y_{a+F^{\dagger}F)","V(S,\phi)=\frac{1}{2}(Y_{a}Y_{a+F^{\dag}F)"
326,67783171d3.png,0,0,96.875,almost_correct,62,64,"\operatorname{sinh}\psi=\frac{2\,d}3\sqrt{2|\lambda|}\,\kappa.","\operatorname{sinh}\psi=\frac{2\,d}{3}\sqrt{2|\lambda|}\,\kappa.",\operatorname{sinh}\psi=\frac{2d}3\sqrt{2|\lambda|}\kappa.,\operatorname{sinh}\psi=\frac{2d}{3}\sqrt{2|\lambda|}\kappa.
327,7ca8da8195.png,1,1,100.0,exact,139,139,\tilde{H}=H_{c}+H^{(1)}+H^{(2)}=\frac{m}{2}[q^{i}q^{i}+\frac{2}{\sqrt{\kappa}}\epsilon_{ij}\Phi^{i}q^{j}+\frac{1}{\kappa}\Phi^{i}\Phi^{i}].,\tilde{H}=H_{c}+H^{(1)}+H^{(2)}=\frac{m}{2}[q^{i}q^{i}+\frac{2}{\sqrt{\kappa}}\epsilon_{ij}\Phi^{i}q^{j}+\frac{1}{\kappa}\Phi^{i}\Phi^{i}].,\tilde{H=H_{c+H^{(1)+H^{(2)=\frac{m}{2}[q^{i}q^{i+\frac{2}\sqrt{\kappa}\epsilon_{ij}\Phi^{i}q^{j+\frac{1}{\kappa}\Phi^{i}\Phi^{i].,\tilde{H=H_{c+H^{(1)+H^{(2)=\frac{m}{2}[q^{i}q^{i+\frac{2}\sqrt{\kappa}\epsilon_{ij}\Phi^{i}q^{j+\frac{1}{\kappa}\Phi^{i}\Phi^{i].
328,5aa683410b.png,1,1,100.0,exact,29,29,\begin{array}{rcl}\end{array},\begin{array}{rcl}\end{array},\begin{array}{rcl}\end{array},\begin{array}{rcl}\end{array}
329,470dc34018.png,0,0,91.011,semantic_or_token_error,89,89,"P_{0}=\frac\kappa2\,\left(1-e^{-2p_{0}/\kappa}+\frac{\vec{p}\,{}^{2}}{\kappa^{2}}\right).","P_{0}=\frac{\kappa}{2}\,\left(1-e^{-2p_{0}/\kappa}+\frac{\vec{p}^{2}}{\kappa^{2}}\right).",P_{0=\frac\kappa2(1-e^{-2p_{0}/\kappa+\frac\vec{p}{^{2}{\kappa^{2).,P_{0=\frac{\kappa}{2}(1-e^{-2p_{0}/\kappa+\frac\vecp^{2}{\kappa^{2).
330,3b6a2243dc.png,1,1,100.0,exact,47,47,D[A]=\gamma_{\mu}(i\partial_{\mu}+eA_{\mu})+im.,D[A]=\gamma_{\mu}(i\partial_{\mu}+eA_{\mu})+im.,D[A]=\gamma_{\mu}(i\partial_{\mu+eA_{\mu)+im.,D[A]=\gamma_{\mu}(i\partial_{\mu+eA_{\mu)+im.
331,2194308f10.png,1,1,100.0,exact,49,49,"M=g_{0}\mu_{\mathrm{B}}s=-\frac{e^{2}}{8\pi|m|}B,","M=g_{0}\mu_{\mathrm{B}}s=-\frac{e^{2}}{8\pi|m|}B,","M=g_{0}\mu_\mathrm{B}s=-\frac{e^{2}{8\pi|m|}B,","M=g_{0}\mu_\mathrm{B}s=-\frac{e^{2}{8\pi|m|}B,"
332,6682b6abfd.png,0,0,60.0,too_short,155,108,"A^{i_{1}\ldotsi_{n}}A^{j_{1}\ldotsj_{n}}\bar{B}_{k_{1}\ldotsl_{m}}\bar{B}_{l_{1}\ldotsl_{m}}D_{i_{1}j_{1},\ldots,i_{n}j_{n}}^{k_{1}l_{1},\ldots,k_{m}l_{m}}","A^{i_{1}...i_{n}}A^{j_{1}...j_{n}}\bar{B}_{k_{1}...l_{m}}\bar{B}_{l_{1}..l_{m}}D_{i_{1}j_{1},...,i_{m}j_{n}}","A^{i_{1}\ldotsi_{n}A^{j_{1}\ldotsj_{n}\barB_{k_{1}\ldotsl_{m}\barB_{l_{1}\ldotsl_{m}D_{i_{1}j_{1,\ldots,i_{n}j_n^{k_{1}l_{1,\ldots,k_{m}l_{m}","A^{i_{1}...i_{n}A^{j_{1}...j_{n}\barB_{k_{1}...l_{m}\barB_{l_{1}..l_{m}D_{i_{1}j_{1,...,i_{m}j_{n}"
333,3c98602f26.png,0,0,98.182,almost_correct,110,109,"{\calR}={\bfV}=\{{\bfe}_{j},\j=1,\ldots,r+1|{\bfe}_{j}\in{\bfR}^{r+1},{\bfe}_{j}\cdot{\bfe}_{k}=\delta_{jk}\},","{\calR}={\bfV}=\{{\bfe}_{j},1=1,\ldots,r+1|{\bfe}_{j}\in{\bfR}^{r+1},{\bfe}_{j}\cdot{\bfe}_{k}=\delta_{jk}\},","{\calR={\bfV=\{\bfe_{j,\j=1,\ldots,r+1|\bfe_{j}\in\bfR^{r+1,\bfe_{j}\cdot\bfe_{k=\delta_{jk}\,","{\calR={\bfV=\{\bfe_{j,1=1,\ldots,r+1|\bfe_{j}\in\bfR^{r+1,\bfe_{j}\cdot\bfe_{k=\delta_{jk}\,"
334,3e15574c63.png,1,1,100.0,exact,58,58,(A-A^{\prime})_{\mu}T=0\RightarrowA_{\mu}=A_{\mu}^{\prime},(A-A^{\prime})_{\mu}T=0\RightarrowA_{\mu}=A_{\mu}^{\prime},(A-A^{\prime)_{\mu}T=0\RightarrowA_{\mu=A_\mu^{\prime},(A-A^{\prime)_{\mu}T=0\RightarrowA_{\mu=A_\mu^{\prime}
335,ccec07606e.png,0,1,94.595,canonical_equivalent,37,35,"T(z)=\sum_{n}{\frac{L_{n}}{z^{n+2}}},","T(z)=\sum_{n}\frac{L_{n}}{z^{n+2}},","T(z)=\sum_{n}\frac{L_{n}{z^{n+2,","T(z)=\sum_{n}\frac{L_{n}{z^{n+2,"
336,449310d68e.png,0,0,97.279,almost_correct,147,147,"{\Gamma^{m}}_{\alpha}{}^{\beta}\equiv[{\Gamma^{M}}_{\alpha}{}^{\beta},i{\Gamma^{11}}_{\alpha}{}^{\beta}],\qquadm=0,\dots,10;\quad\alpha=1,\dots,32,","{\Gamma^{m}}_{\alpha}{}^{\beta}\equiv[{\Gamma^{M}}_{\alpha}{}^{\beta},i{\Gamma^{11}}_{\alpha}^{\beta}],\qquadm=0,\ldots,10;\quad\alpha=1,\ldots,32,","{\Gamma^m_{\alpha}{^{\beta}\equiv[{\Gamma^M_{\alpha}{^{\beta,i{\Gamma^{11_{\alpha}{^{\beta],m=0,\dots,10;\alpha=1,\dots,32,","{\Gamma^m_{\alpha}{^{\beta}\equiv[{\Gamma^M_{\alpha}{^{\beta,i{\Gamma^{11_\alpha^{\beta],m=0,\ldots,10;\alpha=1,\ldots,32,"
337,19015cf791.png,0,0,96.61,almost_correct,59,57,"V=\frac{1}{128\pi^{6}R^{4}}Tr\Bigl(V(r_{F})-V(r_{B})\Bigr),","V=\frac{1}{128\pi^{6}R^{4}}Tr\Big(V(r_{F})-V(r_{B})\Big),","V=\frac{1}{128\pi^{6}R^{4}Tr\Bigl(V(r_{F)-V(r_{B)\Bigr),","V=\frac{1}{128\pi^{6}R^{4}Tr\Big(V(r_{F)-V(r_{B)\Big),"
338,28da861cbd.png,0,0,87.023,semantic_or_token_error,131,116,"\Gamma_{\lambda\nu}^{\hspace{.3truecm}\alpha}=\{_{\lambda\nu}^{\alpha}\}+S^{\alpha}g_{\lambda\nu}-S_{\lambda}\delta_{\nu}^{\alpha},","\Gamma_{\lambda\nu}^{~~\alpha}=\{_{\lambda\nu}^{\alpha}\}+S^{\alpha}g_{\lambda\nu}-S_{\lambda}\delta_{\nu}^{\alpha},","\Gamma_{\lambda\nu^{\hspace{.3truecm}\alpha=\{_{\lambda\nu^{\alpha}\+S^{\alpha}g_{\lambda\nu-S_{\lambda}\delta_\nu^{\alpha,","\Gamma_{\lambda\nu^{~~\alpha=\{_{\lambda\nu^{\alpha}\+S^{\alpha}g_{\lambda\nu-S_{\lambda}\delta_\nu^{\alpha,"
339,2b5906b4b6.png,0,1,93.684,canonical_equivalent,95,89,r^{2}=\rho^{2}-\frac{Q^{2}\rho}{GM}={\tilde{\rho}}^{2}+\frac{{\tilde{Q}}^{2}{\tilde{\rho}}}{GM},r^{2}=\rho^{2}-\frac{Q^{2}\rho}{GM}=\tilde{\rho}^{2}+\frac{\tilde{Q}^{2}\tilde{\rho}}{GM},r^{2=\rho^{2-\frac{Q^{2}\rho}{GM=\tilde\rho^{2+\frac\tildeQ^{2}\tilde{\rho}{GM},r^{2=\rho^{2-\frac{Q^{2}\rho}{GM=\tilde\rho^{2+\frac\tildeQ^{2}\tilde{\rho}{GM}
340,4a059e26e9.png,0,0,83.908,semantic_or_token_error,87,75,"W=-{\frac{1}{2}}\int\int\hat{\rho}(x)\hat{\rho}(y)\operatorname{log}\vertx-y\vert\,dxdy",W=-\frac{1}{2}\int\int\hat{\rho}(x)\hat{\rho}(y)\operatorname{log}|x-y|dxdy,W=-\frac{1}{2}\int\int\hat{\rho}(x)\hat{\rho}(y)\operatorname{log}\vertx-y\vertdxdy,W=-\frac{1}{2}\int\int\hat{\rho}(x)\hat{\rho}(y)\operatorname{log}|x-y|dxdy
341,7ee3ee3ba0.png,0,0,96.774,almost_correct,124,122,"J_{orb}=-4\pi\kappa[R^{i}\varepsilon_{ij}v_{j}(\vec{R})-R^{i}\varepsilon_{ij}v_{j}(-\vec{R})]=-8\pi\kappaRv_{\theta}(R)\;\;,","J_{orb}=-4\pi\kappa[R^{i}\varepsilon_{ij}v_{j}(\vec{R})-R^{i}\varepsilon_{ij}v_{j}(-\vec{R})]=-8\pi\kappaRv_{\theta}(R)~~,","J_{orb=-4\pi\kappa[R^{i}\varepsilon_{ij}v_{j}(\vec{R)-R^{i}\varepsilon_{ij}v_{j}(-\vec{R)]=-8\pi\kappaRv_{\theta}(R),","J_{orb=-4\pi\kappa[R^{i}\varepsilon_{ij}v_{j}(\vec{R)-R^{i}\varepsilon_{ij}v_{j}(-\vec{R)]=-8\pi\kappaRv_{\theta}(R)~~,"
342,1b5bd5e7e4.png,0,1,94.845,canonical_equivalent,97,97,"^{(k)}\nablaA^{\mu}\:=\:(\partial_{\nu}A^{\mu}\:+\:\Gamma_{\omega\nu}^{\mu}A^{\omega})dx^{\nu}\:,","^{(k)}\nablaA^{\mu}\,=\,(\partial_{\nu}A^{\mu}\,+\,\Gamma_{\omega\nu}^{\mu}A^{\omega})dx^{\nu}\,,","^{(k)}\nablaA^{\mu=(\partial_{\nu}A^{\mu+\Gamma_{\omega\nu^{\mu}A^{\omega)dx^{\nu,","^{(k)}\nablaA^{\mu=(\partial_{\nu}A^{\mu+\Gamma_{\omega\nu^{\mu}A^{\omega)dx^{\nu,"
343,4e72833b09.png,0,1,96.313,canonical_equivalent,217,209,"\frac{d}{d\tau}(g_{\mu\nu}{\dot{x}}^{\nu})-\frac{1}{2}\partial_{\mu}g_{\nu\lambda}{\dot{x}}^{\nu}{\dot{x}}^{\lambda}=(\frac{kd_{\tau}}{R}F_{\mu\nu}+\frac{mkR}{\sqrt{\alpha^{\prime}}}\tilde{F}_{\mu\nu}){\dot{x}}^{\nu},","\frac{d}{d\tau}(g_{\mu\nu}\dot{x}^{\nu})-\frac{1}{2}\partial_{\mu}g_{\nu\lambda}\dot{x}^{\nu}\dot{x}^{\lambda}=(\frac{kd_{\tau}}{R}F_{\mu\nu}+\frac{mkR}{\sqrt{\alpha^{\prime}}}\tilde{F}_{\mu\nu})\dot{x}^{\nu},","\frac{d}{d\tau}(g_{\mu\nu}\dotx^{\nu)-\frac{1}{2}\partial_{\mu}g_{\nu\lambda}\dotx^{\nu}\dotx^{\lambda=(\frac{kd_{\tau}{R}F_{\mu\nu+\frac{mkR}\sqrt{\alpha^{\prime}\tildeF_{\mu\nu)\dotx^{\nu,","\frac{d}{d\tau}(g_{\mu\nu}\dotx^{\nu)-\frac{1}{2}\partial_{\mu}g_{\nu\lambda}\dotx^{\nu}\dotx^{\lambda=(\frac{kd_{\tau}{R}F_{\mu\nu+\frac{mkR}\sqrt{\alpha^{\prime}\tildeF_{\mu\nu)\dotx^{\nu,"
344,50ac13499c.png,0,0,97.5,almost_correct,40,39,"\phi_{p}=\sum_{A,B=SC,SS,M,N}\phi_{A/B}.","\phi_{p}=\sum_{A,B=SC,S,M,N}\phi_{A/B}.","\phi_{p=\sum_{A,B=SC,SS,M,N}\phi_{A/B}.","\phi_{p=\sum_{A,B=SC,S,M,N}\phi_{A/B}."
345,32051b19dc.png,1,1,100.0,exact,117,117,|\frac{1}{c^{2}}\frac{\partial^{2}}{\partialt^{2}}\phi(x)|\ll\frac{2}{\lambdac}|\frac{\partial}{\partialt}\phi(x)|\;.,|\frac{1}{c^{2}}\frac{\partial^{2}}{\partialt^{2}}\phi(x)|\ll\frac{2}{\lambdac}|\frac{\partial}{\partialt}\phi(x)|\;.,|\frac{1}{c^{2}\frac{\partial^{2}{\partialt^{2}\phi(x)|\ll\frac{2}{\lambdac}|\frac{\partial}{\partialt}\phi(x)|.,|\frac{1}{c^{2}\frac{\partial^{2}{\partialt^{2}\phi(x)|\ll\frac{2}{\lambdac}|\frac{\partial}{\partialt}\phi(x)|.
346,233be4fcc1.png,0,0,94.444,semantic_or_token_error,144,136,S_{{W-Z}}\equiv-(c\alpha^{\prime})^{-{1}}\intd\taud\sigma\epsilon^{\mu\nu}i\omega_{\mu}^{{m}}\left(\partial_{\nu}\theta\sigma_{{m}}\theta\right),S_{W-Z}\equiv-(c\alpha^{\prime})^{-1}\intd\taud\sigma\epsilon^{\mu\nu}i\omega_{\mu}^{m}\left(\partial_{\nu}\theta\sigma_{m}\theta\right),S_{{W-Z}\equiv-(c\alpha^{\prime)^{-{1}\intd\taud\sigma\epsilon^{\mu\nu}i\omega_\mu^{{m}(\partial_{\nu}\theta\sigma_{{m}\theta),S_{W-Z}\equiv-(c\alpha^{\prime)^{-1}\intd\taud\sigma\epsilon^{\mu\nu}i\omega_\mu^{m}(\partial_{\nu}\theta\sigma_{m}\theta)
347,5431c7ed78.png,1,1,100.0,exact,127,127,T^{00}=\frac{1}{2}B^{2}+\frac{1}{2}E^{2}+\frac{1}{2e^{2}\kappa\Lambda}(\partial_{i}E_{i})^{2}+\frac{e^{2}}{2}\kappa\LambdaA^{2},T^{00}=\frac{1}{2}B^{2}+\frac{1}{2}E^{2}+\frac{1}{2e^{2}\kappa\Lambda}(\partial_{i}E_{i})^{2}+\frac{e^{2}}{2}\kappa\LambdaA^{2},T^{00=\frac{1}{2}B^{2+\frac{1}{2}E^{2+\frac{1}{2e^{2}\kappa\Lambda}(\partial_{i}E_{i)^{2+\frac{e^{2}{2}\kappa\LambdaA^{2},T^{00=\frac{1}{2}B^{2+\frac{1}{2}E^{2+\frac{1}{2e^{2}\kappa\Lambda}(\partial_{i}E_{i)^{2+\frac{e^{2}{2}\kappa\LambdaA^{2}
348,71c3f92268.png,0,1,97.222,canonical_equivalent,72,70,"<\mathrm{Tr}\varphi^{n}\mathrm{Tr}\varphi^{m}>_{c}={a}^{n+m}\alpha_{n,m}","<\mathrm{Tr}\varphi^{n}\mathrm{Tr}\varphi^{m}>_{c}=a^{n+m}\alpha_{n,m}","<\mathrm{Tr}\varphi^{n}\mathrm{Tr}\varphi^{m}>_{c=a^{n+m}\alpha_{n,m}","<\mathrm{Tr}\varphi^{n}\mathrm{Tr}\varphi^{m}>_{c=a^{n+m}\alpha_{n,m}"
349,2d82b8ac1e.png,0,0,95.531,almost_correct,179,174,\Omega(p)\bigg|_{\mathrm{div}}^{\Lambda^{0}}=-g^{2}c_{v}\int\frac{\mathrm{d}^{4}k}{(2\pi)^{4}}\frac{kp}{k^{2}q^{2}}=-\frac{g^{2}c_{v}}{16\pi^{2}}p^{2}\operatorname{ln}\mathcal{M}.,\Omega(p)\Big|_{\mathrm{div}}^{\Lambda^{0}}=-g^{2}c_{v}\int\frac{\mathrm{d}^{4}k}{(2\pi)^{4}}\frac{kp}{k^{2}q^{2}}=-\frac{g^{2}c_{v}}{16\pi^{2}}p^{2}\operatorname{ln}{\calM}.,\Omega(p)\bigg|_\mathrm{div^{\Lambda^{0=-g^{2}c_{v}\int\frac\mathrmd^{4}k}{(2\pi)^{4}\frac{kp}{k^{2}q^{2=-\frac{g^{2}c_{v}{16\pi^{2}p^{2}\operatorname{ln}\mathcal{M}.,\Omega(p)\Big|_\mathrm{div^{\Lambda^{0=-g^{2}c_{v}\int\frac\mathrmd^{4}k}{(2\pi)^{4}\frac{kp}{k^{2}q^{2=-\frac{g^{2}c_{v}{16\pi^{2}p^{2}\operatorname{ln}{\calM}.
350,478a8c653c.png,0,0,80.357,semantic_or_token_error,56,45,{\Gamma^{\prime}}^{(2)}=\Gamma^{(2)}+\delta\Gamma^{(1)}.,\Gamma^{(2)}=\Gamma^{(2)}+\delta\Gamma^{(1)}.,{\Gamma^\prime^{(2)=\Gamma^{(2)+\delta\Gamma^{(1)}.,\Gamma^{(2)=\Gamma^{(2)+\delta\Gamma^{(1)}.
351,6f1d9dbc10.png,1,1,100.0,exact,54,54,"<y_{ma}>=\delta_{ma},\qquad<{\calZ}^{M}>=(1,i,0,...,0)","<y_{ma}>=\delta_{ma},\qquad<{\calZ}^{M}>=(1,i,0,...,0)","<y_{ma}>=\delta_{ma,<\calZ^{M}>=(1,i,0,...,0)","<y_{ma}>=\delta_{ma,<\calZ^{M}>=(1,i,0,...,0)"
352,58a8fa6be9.png,0,0,84.416,semantic_or_token_error,154,138,\rho_{c_{1}}^{|1|\mathrm{t}}\stackrel{1}{\Pi}\lambda_{\alpha_{0}}^{|0|}dA_{0}^{\alpha_{0}}(x):=\mathcal{M}_{c_{1}\alpha_{0}}^{|0|}dA_{0}^{\alpha_{0}}(x)=0,\rho_{c_{1}}^{||\mathrm{k}}\Pi^{1}\lambda_{\alpha_{0}}^{|0}dA_{0}^{\alpha_{0}}(x):={\calM}_{c_{1}\alpha_{0}}^{[0]}dA_{0}^{\alpha_{0}}(x)=0,\rho_{c_1^{|1|\mathrm{t}\stackrel{1}{\Pi}\lambda_{\alpha_0^{|0|}dA_0^{\alpha_{0}(x):=\mathcalM_{c_{1}\alpha_0^{|0|}dA_0^{\alpha_{0}(x)=0,\rho_{c_1^{||\mathrm{k}\Pi^{1}\lambda_{\alpha_0^{|0}dA_0^{\alpha_{0}(x):=\calM_{c_{1}\alpha_0^{[0]}dA_0^{\alpha_{0}(x)=0
353,64a1a52c35.png,0,0,80.488,semantic_or_token_error,82,72,"K(N)=\lbraceD\inW(N)\midD\Omega=f\Omega\mathrm{~for~some~}f\in\Lambda(1,N)\rbrace,","K(N)=\{D\inW(N)\midD\Omega=f\Omega~\mathrm{for~some}~f\in\Lambda(1,N)\},","K(N)=\lbraceD\inW(N)\midD\Omega=f\Omega\mathrm{~for~some~}f\in\Lambda(1,N)\rbrace,","K(N)=\{D\inW(N)\midD\Omega=f\Omega~\mathrm{for~some}~f\in\Lambda(1,N)\,"
354,149f2427f5.png,1,1,100.0,exact,87,87,V(x)=A^{2}+B^{2}e^{-2\alphax}-2B\left(A+\frac{\alpha}{2\sqrt{2\mu}}\right)e^{-\alphax}.,V(x)=A^{2}+B^{2}e^{-2\alphax}-2B\left(A+\frac{\alpha}{2\sqrt{2\mu}}\right)e^{-\alphax}.,V(x)=A^{2+B^{2}e^{-2\alphax-2B(A+\frac{\alpha}{2\sqrt{2\mu)e^{-\alphax}.,V(x)=A^{2+B^{2}e^{-2\alphax-2B(A+\frac{\alpha}{2\sqrt{2\mu)e^{-\alphax}.
355,63514b45be.png,0,1,95.745,canonical_equivalent,47,45,"A(\xi)={\frac{u_{2}(\xi)}{W(u_{1},u_{2};\xi)}},","A(\xi)=\frac{u_{2}(\xi)}{W(u_{1},u_{2};\xi)},","A(\xi)=\frac{u_{2}(\xi)}{W(u_{1,u_{2};\xi),","A(\xi)=\frac{u_{2}(\xi)}{W(u_{1,u_{2};\xi),"
356,4ba099b63b.png,1,1,100.0,exact,53,53,"S_{t}(x)=-D_{t}G_{t}(x)=\gamma_{\mu}S_{t}^{(\mu)}(x),","S_{t}(x)=-D_{t}G_{t}(x)=\gamma_{\mu}S_{t}^{(\mu)}(x),","S_{t}(x)=-D_{t}G_{t}(x)=\gamma_{\mu}S_t^{(\mu)}(x),","S_{t}(x)=-D_{t}G_{t}(x)=\gamma_{\mu}S_t^{(\mu)}(x),"
357,460daf9685.png,1,1,100.0,exact,52,52,"\{Q_{i}+\deltaQ_{i},P_{j}+\deltaP_{j}\}=\delta_{ij},","\{Q_{i}+\deltaQ_{i},P_{j}+\deltaP_{j}\}=\delta_{ij},","\{Q_{i+\deltaQ_{i,P_{j+\deltaP_{j}\=\delta_{ij,","\{Q_{i+\deltaQ_{i,P_{j+\deltaP_{j}\=\delta_{ij,"
358,56a7b35550.png,1,1,100.0,exact,58,58,"-(X^{0})^{2}+(X^{1})^{2}+\ldots+(X^{D-2})^{2}=-\tau^{2}\,,","-(X^{0})^{2}+(X^{1})^{2}+\ldots+(X^{D-2})^{2}=-\tau^{2}\,,","-(X^{0)^{2+(X^{1)^{2+\ldots+(X^{D-2)^{2=-\tau^{2,","-(X^{0)^{2+(X^{1)^{2+\ldots+(X^{D-2)^{2=-\tau^{2,"
359,5cee9a4d60.png,0,0,90.476,semantic_or_token_error,126,114,"{\frac{1}{i}}K^{-1}dK={\calE}^{\underline{a}}P_{\underline{a}}+{\calE}^{\underline{\alpha}}\underline{Q}_{\underline{\alpha}},","{\frac{1}{i}}K^{-1}dK={\calE}^{\underline{a}}P_{\underline{a}}+{\calE}^{\underline{\alpha}}Q_{\underline{\alpha}},","\frac{1}{i}K^{-1}dK=\calE^{\underline{a}P_{\underline{a+\calE^{\underline{\alpha}\underlineQ_{\underline{\alpha,","\frac{1}{i}K^{-1}dK=\calE^{\underline{a}P_{\underline{a+\calE^{\underline{\alpha}Q_{\underline{\alpha,"
360,1525892fe2.png,1,1,100.0,exact,64,64,ds^{2}=-(4br|X|+1-4br^{2})dT^{2}+\frac{dX^{2}}{4br|X|+1-4br^{2}},ds^{2}=-(4br|X|+1-4br^{2})dT^{2}+\frac{dX^{2}}{4br|X|+1-4br^{2}},ds^{2=-(4br|X|+1-4br^{2)dT^{2+\frac{dX^{2}{4br|X|+1-4br^{2},ds^{2=-(4br|X|+1-4br^{2)dT^{2+\frac{dX^{2}{4br|X|+1-4br^{2}
361,16aac9ebe7.png,1,1,100.0,exact,57,57,"ds_{(\epsilon)}^{2}=-dt^{2}+\epsilondu^{2}+dx^{2}+dy^{2},","ds_{(\epsilon)}^{2}=-dt^{2}+\epsilondu^{2}+dx^{2}+dy^{2},","ds_{(\epsilon)^{2=-dt^{2+\epsilondu^{2+dx^{2+dy^{2,","ds_{(\epsilon)^{2=-dt^{2+\epsilondu^{2+dx^{2+dy^{2,"
362,4ec2a9b3cf.png,1,1,100.0,exact,72,72,"\int(1-\rho(|\xi|))a_{\alpha-k}(x,\xi)\operatorname{exp}(i(x-y,\xi))d\xi","\int(1-\rho(|\xi|))a_{\alpha-k}(x,\xi)\operatorname{exp}(i(x-y,\xi))d\xi","\int(1-\rho(|\xi|))a_{\alpha-k}(x,\xi)\operatorname{exp}(i(x-y,\xi))d\xi","\int(1-\rho(|\xi|))a_{\alpha-k}(x,\xi)\operatorname{exp}(i(x-y,\xi))d\xi"
363,54a8426ab1.png,0,0,92.361,semantic_or_token_error,144,133,"Z_{m}(\kappa)={\frac{\Gamma(1/(2m))\,e^{-1/(4\kappa)}}{2^{1-1/m+(-1)^{m}/2}\sqrt{2\pi}\kappa^{1/2-1/(2m)}}}\,{}_{1}F_{1}(1/(2m),1/2;1/(4\kappa))","Z_{m}(\kappa)=\frac{\Gamma(1/(2m))e^{-1/(4\kappa)}}{2^{1-1/m+(-1)^{m}/2}\sqrt{2\pi\kappa^{1/2-1/(2m)}}}\,_{1}(1/(2m),1/2;1/(4\kappa))","Z_{m}(\kappa)=\frac{\Gamma(1/(2m))e^{-1/(4\kappa)}{2^{1-1/m+(-1)^{m}/2}\sqrt{2\pi}\kappa^{1/2-1/(2m)}{_{1}F_{1}(1/(2m),1/2;1/(4\kappa))","Z_{m}(\kappa)=\frac{\Gamma(1/(2m))e^{-1/(4\kappa)}{2^{1-1/m+(-1)^{m}/2}\sqrt{2\pi\kappa^{1/2-1/(2m)_{1}(1/(2m),1/2;1/(4\kappa))"
364,6622342995.png,1,1,100.0,exact,69,69,c(\epsilon^{*})={\frac{2k}{k+2}}~+~{\frac{12}{k}}~+~{\calO}(1/k^{2}).,c(\epsilon^{*})={\frac{2k}{k+2}}~+~{\frac{12}{k}}~+~{\calO}(1/k^{2}).,c(\epsilon^{*)=\frac{2k}{k+2}~+~\frac{12}{k}~+~{\calO}(1/k^{2).,c(\epsilon^{*)=\frac{2k}{k+2}~+~\frac{12}{k}~+~{\calO}(1/k^{2).
365,666d93e8b8.png,0,0,85.43,semantic_or_token_error,151,149,"h=\intd^{2}x\;\left[\frac{1}{2L}p_{-}^{3\,\dagger}({x}_{\bot})p_{-}^{3}({x}_{\bot})+\frac{L}{2\eta^{2}}(\nabla_{\bot}a_{-}^{3}({x}_{\bot}))^{2}\right].","h=\intd^{2}x\;\left[\frac{1}{2L}p_{-}^{3\,\dagger}(x_{\perp})p_{-}^{3}(x_{\perp})+\frac{L}{2\eta^{2}}(\nabla_{\perp}a_{-}^{3}(x_{\perp}))^{2}\right].",h=\intd^{2}x[\frac{1}{2L}p_{-^{3\dagger}(x_{\bot)p_{-^{3}(x_{\bot)+\frac{L}{2\eta^{2}(\nabla_{\bot}a_{-^{3}(x_{\bot))^{2].,h=\intd^{2}x[\frac{1}{2L}p_{-^{3\dagger}(x_{\perp)p_{-^{3}(x_{\perp)+\frac{L}{2\eta^{2}(\nabla_{\perp}a_{-^{3}(x_{\perp))^{2].
366,7d446c7b15.png,0,0,45.109,semantic_or_token_error,172,184,\phi(x)=\frac{\displaystylec\left(\sqrt{1+\frac{4x}{a}}+1\right)}{\displaystyle2x}\left(1+\frac{\displaystylec\left(\sqrt{1+\frac{4x}{a}}+1\right)}{\displaystyle2ax}\right),\phi_{(2)}=\frac{c\left(\sqrt{+\frac{4}{4}}+1\right)}{2x}\left(\begin{array}{c}{2x}&{\left(\sqrt{\frac{1}{l}-{x}_{1}+1}\right)}\{+\frac{d_{1}}{a_{2}+1}\right)}&{2ax}\\end{array}\right),\phi(x)=\frac{\displaystylec(\sqrt{1+\frac{4x}{a+1)}{\displaystyle2x}(1+\frac{\displaystylec(\sqrt{1+\frac{4x}{a+1)}{\displaystyle2ax),\phi_{(2)=\frac{c(\sqrt{+\frac{4}{4+1)}{2x}(\begin{array}{c}{2x}&{(\sqrt\frac{1}{l-x_{1+1)}\{+\frac{d_{1}{a_{2+1)}&{2ax}\\end{array)
367,5a382a6dfc.png,1,1,100.0,exact,58,58,"[J_{mn},J_{pq}]=i(\delta_{q[m}J_{n]p}-\delta_{p[m}J_{n]q})","[J_{mn},J_{pq}]=i(\delta_{q[m}J_{n]p}-\delta_{p[m}J_{n]q})","[J_{mn,J_{pq]=i(\delta_{q[m}J_{n]p-\delta_{p[m}J_{n]q)","[J_{mn,J_{pq]=i(\delta_{q[m}J_{n]p-\delta_{p[m}J_{n]q)"
368,40f13d416a.png,0,1,94.937,canonical_equivalent,79,75,"\mathrm{at}\;\;p^{2}=-\omega^{2}\qquad{\calD}(-\omega^{2})=\frac{i}{\mu^{2}}\,.","\mathrm{at}p^{2}=-\omega^{2}\qquad{\calD}(-\omega^{2})=\frac{i}{\mu^{2}}\,.",\mathrm{at}p^{2=-\omega^{2}{\calD}(-\omega^{2)=\frac{i}{\mu^{2}.,\mathrm{at}p^{2=-\omega^{2}{\calD}(-\omega^{2)=\frac{i}{\mu^{2}.
369,6ce44af8f8.png,0,0,93.617,semantic_or_token_error,141,134,\left.\frac{\Delta}{(2\sigma)^{2}}\right|_{R}^{M}=\frac{1}{2}\nabla_{a}\sigma^{a}\frac{\Delta\operatorname{ln}(2M^{2}\sigma)}{(2\sigma)^{2}}.,\frac{\Delta}{(2\sigma)^{2}}\bigg|_{R}^{M}=\frac{1}{2}\nabla_{a}\sigma^{a}\frac{\Delta\operatorname{ln}(2M^{2}\sigma)}{(2\sigma)^{2}}.,.\frac{\Delta}{(2\sigma)^{2}|_R^{M=\frac{1}{2}\nabla_{a}\sigma^{a}\frac{\Delta\operatorname{ln}(2M^{2}\sigma)}{(2\sigma)^{2}.,\frac{\Delta}{(2\sigma)^{2}\bigg|_R^{M=\frac{1}{2}\nabla_{a}\sigma^{a}\frac{\Delta\operatorname{ln}(2M^{2}\sigma)}{(2\sigma)^{2}.
370,28cdd3fc2a.png,0,0,91.736,semantic_or_token_error,121,121,"\Sigma_{\,\,j}^{i}\equiv\frac{\sqrt{2}}{2}Tr\left(U^{i}\overline{U}_{j}+\overline{V}^{i}V_{j}\right)-\mathrm{flavortrace}",\Sigma_{j}^{i}\equiv\frac{\sqrt{2}}{2}Tr\left(U^{i}\overline{{U}}_{j}+\overline{{V}}^{i}V_{j}\right)-\mathrm{favor~trace},\Sigma_j^{i}\equiv\frac\sqrt{2}{2}Tr(U^{i}\overlineU_{j+\overlineV^{i}V_{j)-\mathrm{flavortrace},\Sigma_j^{i}\equiv\frac\sqrt{2}{2}Tr(U^{i}\overline{U_{j+\overline{V^{i}V_{j)-\mathrm{favor~trace}
371,3ea958d501.png,0,0,91.453,semantic_or_token_error,107,117,"\mu\,v=\mu\frac{\sqrt{r^{4}-a^{4}}}{2r}\simeq_{r\toa}\mu\,\frac{\sqrt{r^{2}-a^{2}}}{\sqrt{2}}=2\,\sqrt{\xi}","\mu\,v=\mu\frac{\sqrt{r^{4}-a^{4}}}{2r}\simeq_{r\rightarrowa}\,\mu\,\frac{\sqrt{r^{2}-a^{2}}}{\sqrt{2}}=2\,\sqrt{\xi}",\muv=\mu\frac\sqrt{r^{4-a^{4}{2r}\simeq_{r\rightarrowa}\mu\frac\sqrt{r^{2-a^{2}\sqrt{2=2\sqrt{\xi},\muv=\mu\frac\sqrt{r^{4-a^{4}{2r}\simeq_{rarrowa}\mu\frac\sqrt{r^{2-a^{2}\sqrt{2=2\sqrt{\xi}
372,2977ccb95f.png,1,1,100.0,exact,48,48,"C_{ABCD}=0,\qquad\nabla_{AB^{\prime}}\,F_{CD}=0.","C_{ABCD}=0,\qquad\nabla_{AB^{\prime}}\,F_{CD}=0.","C_{ABCD=0,\nabla_{AB^{\prime}F_{CD=0.","C_{ABCD=0,\nabla_{AB^{\prime}F_{CD=0."
373,1a814233b7.png,1,1,100.0,exact,90,90,"\Psi\,=\,\frac{e^{-imt}}{\sqrt{2m}}\left(\begin{array}{c}{\psi}\{\chi}\\end{array}\right).","\Psi\,=\,\frac{e^{-imt}}{\sqrt{2m}}\left(\begin{array}{c}{\psi}\{\chi}\\end{array}\right).",\Psi=\frac{e^{-imt}\sqrt{2m}(\begin{array}{c}{\psi}\{\chi}\\end{array).,\Psi=\frac{e^{-imt}\sqrt{2m}(\begin{array}{c}{\psi}\{\chi}\\end{array).
374,89256f58f4.png,0,0,81.875,semantic_or_token_error,132,160,"\deltaS=\,fraci4\intd\tau\,(\partial_{\tau}\hat{\Lambda}^{\hat{m}\hat{n}})\bar{\calZ}^{I}\hat{\gamma}_{\hat{m}\hat{n}}{\calZ}^{I}\,.","\deltaS=\,frac{4}\intd\tau\,(\partial_{\tau}{\hat{\Lambda}}^{\hat{m}{\hat{n}}}){\bar{\calZ}}^{I}{\hat{\calZ}}^{I}{\hat{\gamma}}_{\hat{m}{\hat{n}}}{\calZ}^{I}\,.",\deltaS=fraci4\intd\tau(\partial_{\tau}\hat\Lambda^\hat{m}\hat{n)\bar\calZ^{I}\hat\gamma_\hat{m}\hat{n}\calZ^{I}.,\deltaS=frac{4}\intd\tau(\partial_{\tau}\hat\Lambda^\hat{m}\hat{n)\bar\calZ^{I}\hat\calZ^{I}\hat\gamma_\hat{m}\hat{n}\calZ^{I}.
375,fc774db39f.png,1,1,100.0,exact,49,49,m_{\pi^{+}}=3\cdot(\frac{10}{3}m+90m)=280m=140Mev,m_{\pi^{+}}=3\cdot(\frac{10}{3}m+90m)=280m=140Mev,m_{\pi^{+=3\cdot(\frac{10}{3}m+90m)=280m=140Mev,m_{\pi^{+=3\cdot(\frac{10}{3}m+90m)=280m=140Mev
376,7bae6d0043.png,0,0,95.0,almost_correct,200,200,Q_{\lambda\kappa;\sigma}+Q_{\sigma\kappa;\lambda}-\frac{2}{3}\left(g_{\sigma\lambda}Q^{\nu}{_{\kappa;\nu}}+g_{\kappa(\lambda}Q_{\sigma)}{^{\mu}}{_{;\mu}}\right)={\calQ}_{\lambda\kappa\sigma}=O(r^{-1}),"Q_{\lambda\kappa,\sigma}+Q_{\sigma\kappa;\lambda}-\frac{2}{3}\left(g_{\sigma\lambda}Q^{\nu}{}_{\kappa,\nu}+g_{\kappa(\lambda)}Q_{\sigma}{}^{\mu}{}_{;\mu}\right)={\calQ}_{\lambda\kappa\sigma}=O(r^{-1})",Q_{\lambda\kappa;\sigma+Q_{\sigma\kappa;\lambda-\frac{2}{3}(g_{\sigma\lambda}Q^{\nu}{_{\kappa;\nu+g_{\kappa(\lambda}Q_{\sigma)}{^{\mu}{_{;\mu)=\calQ_{\lambda\kappa\sigma=O(r^{-1),"Q_{\lambda\kappa,\sigma+Q_{\sigma\kappa;\lambda-\frac{2}{3}(g_{\sigma\lambda}Q^{\nu}{_{\kappa,\nu+g_{\kappa(\lambda)}Q_{\sigma}{^{\mu}{_{;\mu)=\calQ_{\lambda\kappa\sigma=O(r^{-1)"
377,87187833b7.png,1,1,100.0,exact,68,68,"\tilde{S}_{a\bar{a}}=\{S_{a\bar{a}}\}/\mathrm{ad}(G_{L}\timesG_{R}),","\tilde{S}_{a\bar{a}}=\{S_{a\bar{a}}\}/\mathrm{ad}(G_{L}\timesG_{R}),","\tildeS_{a\bar{a=\{S_{a\bar{a}\}/\mathrm{ad}(G_{L}\timesG_{R),","\tildeS_{a\bar{a=\{S_{a\bar{a}\}/\mathrm{ad}(G_{L}\timesG_{R),"
378,5ef897a228.png,1,1,100.0,exact,67,67,"(\partial_{x}+gH_{z}(x)+\lambda)\Phi_{4,3}-(m-ik_{y})\Phi_{1,2}~=~0","(\partial_{x}+gH_{z}(x)+\lambda)\Phi_{4,3}-(m-ik_{y})\Phi_{1,2}~=~0","(\partial_{x+gH_{z}(x)+\lambda)\Phi_{4,3-(m-ik_{y)\Phi_{1,2}~=~0","(\partial_{x+gH_{z}(x)+\lambda)\Phi_{4,3-(m-ik_{y)\Phi_{1,2}~=~0"
379,6ea752010b.png,1,1,100.0,exact,56,56,"D_{\mu}V^{a}=\partial_{\mu}V^{a}-\omega_{\mub}^{a}V^{b},","D_{\mu}V^{a}=\partial_{\mu}V^{a}-\omega_{\mub}^{a}V^{b},","D_{\mu}V^{a=\partial_{\mu}V^{a-\omega_\mub^{a}V^{b,","D_{\mu}V^{a=\partial_{\mu}V^{a-\omega_\mub^{a}V^{b,"
380,67ca21b336.png,0,0,96.04,almost_correct,202,194,"\left(\mu{\frac{\partial}{\partial\mu}}+\beta(\lambda){\frac{\partial}{\partial\lambda}}+m\gamma_{m}(\lambda){\frac{\partial}{\partial{m}}}-\gamma_{\phi}(\lambda)\right)\Gamma^{(2)}(p,\lambda,m,\mu,T)=0","\left(\mu\frac{\partial}{\partial\mu}+\beta(\lambda)\frac{\partial}{\partial\lambda}+m\gamma_{m}(\lambda)\frac{\partial}{\partialm}-\gamma_{\phi}(\lambda)\right)\Gamma^{(2)}(p,\lambda,m,\mu,T)=0","(\mu\frac{\partial}{\partial\mu+\beta(\lambda)\frac{\partial}{\partial\lambda+m\gamma_{m}(\lambda)\frac{\partial}{\partial{m-\gamma_{\phi}(\lambda))\Gamma^{(2)}(p,\lambda,m,\mu,T)=0","(\mu\frac{\partial}{\partial\mu+\beta(\lambda)\frac{\partial}{\partial\lambda+m\gamma_{m}(\lambda)\frac{\partial}{\partialm-\gamma_{\phi}(\lambda))\Gamma^{(2)}(p,\lambda,m,\mu,T)=0"
381,36a8c94ea7.png,0,0,93.431,semantic_or_token_error,137,129,B\equiv{\frac{S_{\mathrm{vN}}}{x}}\equiv{\frac{S_{\mathrm{vN}}}{2\piRE}}\approx{\frac{y}{x}}\left(\operatorname{ln}{\frac{1}{y}}+1\right),B\equiv\frac{S_{\mathrm{vM}}}{x}\equiv\frac{S_{\mathrm{vN}}}{2\piRE}\approx\frac{y}{x}\left(\operatorname{ln}\frac{1}{y}+1\right),B\equiv\frac{S_\mathrm{vN}{x}\equiv\frac{S_\mathrm{vN}{2\piRE}\approx\frac{y}{x}(\operatorname{ln}\frac{1}{y+1),B\equiv\frac{S_\mathrm{vM}{x}\equiv\frac{S_\mathrm{vN}{2\piRE}\approx\frac{y}{x}(\operatorname{ln}\frac{1}{y+1)
382,71e459c490.png,0,0,88.679,semantic_or_token_error,52,53,"a_{1}=\frac{q+r}{q(r+2q)},~~~~~a_{2}=\frac{1}{r+2q},","a_{1}=\frac{q+r}{q(r+2q)},\qquada_{2}=\frac{1}{r+2q},","a_{1=\frac{q+r}{q(r+2q),~~~~~a_{2=\frac{1}{r+2q,","a_{1=\frac{q+r}{q(r+2q),a_{2=\frac{1}{r+2q,"
383,79bdbd94dc.png,0,1,95.276,canonical_equivalent,121,127,{\calL}_{L}^{EPF}=\frac{1}{2}h_{ab}\left[R_{L}^{ab}-\frac{1}{2}\eta^{ab}R_{L}\right]-\frac{\mu^{2}}{2}(h_{ab}^{2}-h^{2}).,{\calL}_{L}^{EPF}={\frac{1}{2}}h_{ab}\left[R_{L}^{ab}-{\frac{1}{2}}\eta^{ab}R_{L}\right]-{\frac{\mu^{2}}{2}}(h_{ab}^{2}-h^{2}).,\calL_L^{EPF=\frac{1}{2}h_{ab}[R_L^{ab-\frac{1}{2}\eta^{ab}R_{L]-\frac{\mu^{2}{2}(h_{ab^{2-h^{2).,\calL_L^{EPF=\frac{1}{2}h_{ab}[R_L^{ab-\frac{1}{2}\eta^{ab}R_{L]-\frac{\mu^{2}{2}(h_{ab^{2-h^{2).
384,5ea9d01a52.png,1,1,100.0,exact,77,77,\omega_{y}=i(b+c-1/2)\operatorname{ln}(\overline{{g}}^{\prime}/g^{\prime})~~.,\omega_{y}=i(b+c-1/2)\operatorname{ln}(\overline{{g}}^{\prime}/g^{\prime})~~.,\omega_{y=i(b+c-1/2)\operatorname{ln}(\overline{g^{\prime}/g^{\prime)~~.,\omega_{y=i(b+c-1/2)\operatorname{ln}(\overline{g^{\prime}/g^{\prime)~~.
385,7093068031.png,0,0,84.524,semantic_or_token_error,84,74,"s=\nu-\frac{d-3}{2}=0,1,2,3,...=2n+\varsigma\;;\;n=0,1,2,3,...\,\;\,,\,\varsigma=0,1","s=\nu-\frac{d-3}{2}=0,1,2,3,...=2n+\zeta\;;\;n=0,1,2,3,...\;,\varsigma=0,1","s=\nu-\frac{d-3}{2=0,1,2,3,...=2n+\varsigma;n=0,1,2,3,...,\varsigma=0,1","s=\nu-\frac{d-3}{2=0,1,2,3,...=2n+\zeta;n=0,1,2,3,...,\varsigma=0,1"
386,7c4e70f698.png,0,0,90.123,semantic_or_token_error,77,81,"e^{A_{\mu}(x,n+1)/\surd\beta}=e^{-F_{\mu}(x,n)}e^{A_{\mu}(x,n)/\surd\beta}\,,","e^{A_{\mu}(x,n+1)/\sqrt{\beta}}=e^{-F_{\mu}(x,n)}e^{A_{\mu}(x,n)/\sqrt{\beta}}\,,","e^{A_{\mu}(x,n+1)/\surd\beta=e^{-F_{\mu}(x,n)}e^{A_{\mu}(x,n)/\surd\beta,","e^{A_{\mu}(x,n+1)/\sqrt{\beta=e^{-F_{\mu}(x,n)}e^{A_{\mu}(x,n)/\sqrt{\beta,"
387,23816bdcbd.png,0,0,98.276,almost_correct,116,114,"\partial_{5}\xi^{i}=-\frac{\sigma^{\prime}}{2}H_{j}^{i}\gamma_{5}\xi^{j}-\frac{i\sigma^{\prime}}{2}K_{j}^{i}\xi^{j},","\partial_{5}\xi^{i}=-\frac{\sigma^{\prime}}2H_{j}^{i}\gamma_{5}\xi^{j}-\frac{i\sigma^{\prime}}{2}K_{j}^{i}\xi^{j},","\partial_{5}\xi^{i=-\frac{\sigma^{\prime}{2}H_j^{i}\gamma_{5}\xi^{j-\frac{i\sigma^{\prime}{2}K_j^{i}\xi^{j,","\partial_{5}\xi^{i=-\frac{\sigma^{\prime}2H_j^{i}\gamma_{5}\xi^{j-\frac{i\sigma^{\prime}{2}K_j^{i}\xi^{j,"
388,465ca43431.png,0,0,94.615,semantic_or_token_error,127,130,Z^{(2)}[\alpha]\;=\;Z^{(0)}[\alpha]\;\frac{2}{(2\pi)^{2}}\sum_{a=1}^{N}\Big(m^{(a)}c^{(a)}\Big)^{2}\int_{\Lambda}d^{2}x\;d^{2}y,Z^{(2)}[\alpha]\;=\;Z^{(0)}[\alpha]\;\frac{2}{(2\pi)^{2}}\sum_{a=1}^{N}\left(m^{(a)}c^{(a)}\right)^{2}\int_{\Lambda}d^{2}x\;d^{2}y,Z^{(2)}[\alpha]=Z^{(0)}[\alpha]\frac{2}{(2\pi)^{2}\sum_{a=1^{N}\Big(m^{(a)}c^{(a)}\Big)^{2}\int_{\Lambda}d^{2}xd^{2}y,Z^{(2)}[\alpha]=Z^{(0)}[\alpha]\frac{2}{(2\pi)^{2}\sum_{a=1^{N}(m^{(a)}c^{(a))^{2}\int_{\Lambda}d^{2}xd^{2}y
389,31426a7d38.png,0,0,94.545,semantic_or_token_error,55,52,\psi(\vec{v})=B_{l}(v_{1})\ldotsB_{l}(v_{n})\;|0\rangle,\psi(\vec{v})=B_{l}(v_{1})\dotsB_{l}(v_{n})|0\rangle,\psi(\vec{v)=B_{l}(v_{1)\ldotsB_{l}(v_{n)|0\rangle,\psi(\vec{v)=B_{l}(v_{1)\dotsB_{l}(v_{n)|0\rangle
390,700c216e2d.png,0,1,98.701,canonical_equivalent,154,152,"S=\intdt\left\{\,P_{ax}\dot{X}^{ax}-\left[\frac{g^{2}}{2}\,X^{ax}X^{ax}+\frac{1}{4g^{2}}\,(\partial_{[a}P_{b]x})^{2}\right]+\lambda_{x}X_{,a}^{ax}\right\}","S=\intdt\left\{P_{ax}\dot{X}^{ax}-\left[\frac{g^{2}}{2}\,X^{ax}X^{ax}+\frac{1}{4g^{2}}\,(\partial_{[a}P_{b]x})^{2}\right]+\lambda_{x}X_{,a}^{ax}\right\}","S=\intdt\{P_{ax}\dotX^{ax-[\frac{g^{2}{2}X^{ax}X^{ax+\frac{1}{4g^{2}(\partial_{[a}P_{b]x)^{2]+\lambda_{x}X_{,a^{ax}\}","S=\intdt\{P_{ax}\dotX^{ax-[\frac{g^{2}{2}X^{ax}X^{ax+\frac{1}{4g^{2}(\partial_{[a}P_{b]x)^{2]+\lambda_{x}X_{,a^{ax}\}"
391,5911df7629.png,0,0,92.308,semantic_or_token_error,78,73,\deltaB_{\hat{0}\alpha}^{g}={\bar{e}}_{\alpha}^{\;\;i}\sqrt{a}\deltaB_{i}^{v}.,\deltaB_{\hat{0}\alpha}^{g}=\bar{e}_{\alpha}^{~i}\sqrt{a}\deltaB_{i}^{v}.,\deltaB_\hat{0}\alpha^{g=\bare_\alpha^{i}\sqrt{a}\deltaB_i^{v}.,\deltaB_\hat{0}\alpha^{g=\bare_\alpha^{~i}\sqrt{a}\deltaB_i^{v}.
392,319ca178b3.png,0,0,94.545,semantic_or_token_error,52,55,"\theta^{i}\longrightarrow\theta^{i}+\epsilon\xi^{i},","\theta^{i}~\longrightarrow~\theta^{i}+\epsilon\xi^{i}~,","\theta^{i}\longrightarrow\theta^{i+\epsilon\xi^{i,","\theta^{i}~\longrightarrow~\theta^{i+\epsilon\xi^{i}~,"
393,18f8744647.png,0,0,99.048,almost_correct,104,105,"m_{|n_{1},n_{2},\dots,n_{k}\rangle}=\sum_{j=1}^{k}M\operatorname{sin}u_{2n_{j}}=\sum_{j=1}^{k}e_{n_{j}}.","m_{|n_{1},n_{2},\ldots,n_{k}\rangle}=\sum_{j=1}^{k}M\operatorname{sin}u_{2n_{j}}=\sum_{j=1}^{k}e_{n_{j}}.","m_{|n_{1,n_{2,\dots,n_{k}\rangle=\sum_{j=1^{k}M\operatorname{sin}u_{2n_{j=\sum_{j=1^{k}e_{n_{j}.","m_{|n_{1,n_{2,\ldots,n_{k}\rangle=\sum_{j=1^{k}M\operatorname{sin}u_{2n_{j=\sum_{j=1^{k}e_{n_{j}."
394,5671696fa3.png,1,1,100.0,exact,75,75,"\delta\phi_{\mu\nu}=-\frac{1}{2}\overline{{\epsilon}}\Gamma_{\mu\nu}\theta,","\delta\phi_{\mu\nu}=-\frac{1}{2}\overline{{\epsilon}}\Gamma_{\mu\nu}\theta,","\delta\phi_{\mu\nu=-\frac{1}{2}\overline{{\epsilon}\Gamma_{\mu\nu}\theta,","\delta\phi_{\mu\nu=-\frac{1}{2}\overline{{\epsilon}\Gamma_{\mu\nu}\theta,"
395,441ca4f0eb.png,1,1,100.0,exact,86,86,"\varphi(z)=-\frac{4}{3}\sqrt{\frac{2}{3}}\left(1-i\right)\left(1+\frac{1}{z-1}\right),","\varphi(z)=-\frac{4}{3}\sqrt{\frac{2}{3}}\left(1-i\right)\left(1+\frac{1}{z-1}\right),","\varphi(z)=-\frac{4}{3}\sqrt\frac{2}{3}(1-i)(1+\frac{1}{z-1),","\varphi(z)=-\frac{4}{3}\sqrt\frac{2}{3}(1-i)(1+\frac{1}{z-1),"
396,28c830bfc8.png,0,1,96.178,canonical_equivalent,157,151,"{\calL}^{ct}(\phi,\lambda)={\frac{1}{2}}A(\lambda)\partial_{\mu}\phi\partial^{\mu}\phi-{\frac{1}{2}}B(\lambda)m^{2}\phi^{2}-{\frac{1}{4!}}C(\lambda)\phi^{4}.","{\calL}^{ct}(\phi,\lambda)=\frac{1}{2}A(\lambda)\partial_{\mu}\phi\partial^{\mu}\phi-\frac{1}{2}B(\lambda)m^{2}\phi^{2}-\frac{1}{4!}C(\lambda)\phi^{4}.","\calL^{ct}(\phi,\lambda)=\frac{1}{2}A(\lambda)\partial_{\mu}\phi\partial^{\mu}\phi-\frac{1}{2}B(\lambda)m^{2}\phi^{2-\frac{1}{4!}C(\lambda)\phi^{4}.","\calL^{ct}(\phi,\lambda)=\frac{1}{2}A(\lambda)\partial_{\mu}\phi\partial^{\mu}\phi-\frac{1}{2}B(\lambda)m^{2}\phi^{2-\frac{1}{4!}C(\lambda)\phi^{4}."
397,197498f80f.png,0,1,97.674,canonical_equivalent,129,127,"\Gamma={\frac{i}{2}}\mathrm{Tr}\,\operatorname{log}\widehat{\calH}-\frac{i}{4}\mathrm{Tr}\,\operatorname{log}\widehat{\Omega}^{2}","\Gamma=\frac{i}{2}\mathrm{Tr}\,\operatorname{log}\widehat{\calH}-\frac{i}{4}\mathrm{Tr}\;\operatorname{log}\widehat{\Omega}^{2}",\Gamma=\frac{i}{2}\mathrm{Tr}\operatorname{log}\widehat{\calH-\frac{i}{4}\mathrm{Tr}\operatorname{log}\widehat\Omega^{2},\Gamma=\frac{i}{2}\mathrm{Tr}\operatorname{log}\widehat{\calH-\frac{i}{4}\mathrm{Tr}\operatorname{log}\widehat\Omega^{2}
398,1f65782bae.png,0,0,84.211,missing_subscript,57,48,"X^{r}{}_{0}^{s}=(\delta^{rs}+X^{rs})\frac{w}{\sqrt{2}}\,.","X^{rs}=(\delta^{rs}+X^{rs})\frac{w}{\sqrt{2}}\,.",X^{r}{_0^{s=(\delta^{rs+X^{rs)\frac{w}\sqrt{2}.,X^{rs=(\delta^{rs+X^{rs)\frac{w}\sqrt{2}.
399,6128a6f433.png,0,1,96.721,canonical_equivalent,59,61,"\tilde{R}(t)+\intdt^{\prime}K(t,t^{\prime})S(t^{\prime})=0,","\tilde{R}(t)+\intdt^{\prime}\;K(t,t^{\prime})S(t^{\prime})=0,","\tilde{R}(t)+\intdt^{\prime}K(t,t^{\prime)S(t^{\prime)=0,","\tilde{R}(t)+\intdt^{\prime}K(t,t^{\prime)S(t^{\prime)=0,"
400,4578c9e362.png,0,0,87.5,semantic_or_token_error,112,120,(t_{n(r)j})_{n(s)l}{}^{n(t)m}\equiv\chi_{n(r)j}\sum_{I}U_{n(r)j}{}^{I}U_{n(s)l}{}^{I}(U^{\dagger})_{I}{}^{n(t)m},\left(t_{n(r)j}\right)_{n(s)l}l^{n(t)m}\equiv\chi_{n(r)j}\sum_{I}U_{n(r)j}{}^{I}U_{n(s)l}{}^{I}(U^{\dagger})_{I}^{n(t)m},(t_{n(r)j)_{n(s)l}{^{n(t)m}\equiv\chi_{n(r)j}\sum_{I}U_{n(r)j}{^{I}U_{n(s)l}{^{I}(U^{\dagger)_{I}{^{n(t)m},(t_{n(r)j)_{n(s)l}l^{n(t)m}\equiv\chi_{n(r)j}\sum_{I}U_{n(r)j}{^{I}U_{n(s)l}{^{I}(U^{\dagger)_I^{n(t)m}
401,5e93bf5e9a.png,1,1,100.0,exact,83,83,"[J^{AB},J^{CD}]=i(\eta^{AC}J^{BD}+\eta^{BD}J^{AC}-\eta^{AD}J^{BC}-\eta^{BC}J^{AD}),","[J^{AB},J^{CD}]=i(\eta^{AC}J^{BD}+\eta^{BD}J^{AC}-\eta^{AD}J^{BC}-\eta^{BC}J^{AD}),","[J^{AB,J^{CD]=i(\eta^{AC}J^{BD+\eta^{BD}J^{AC-\eta^{AD}J^{BC-\eta^{BC}J^{AD),","[J^{AB,J^{CD]=i(\eta^{AC}J^{BD+\eta^{BD}J^{AC-\eta^{AD}J^{BC-\eta^{BC}J^{AD),"
402,78e8934937.png,1,1,100.0,exact,59,59,"\Phi_{C}=\operatorname{exp}ie\oint_{C}A_{\mu}(x)\,dx^{\mu}.","\Phi_{C}=\operatorname{exp}ie\oint_{C}A_{\mu}(x)\,dx^{\mu}.",\Phi_{C=\operatorname{exp}ie\oint_{C}A_{\mu}(x)dx^{\mu}.,\Phi_{C=\operatorname{exp}ie\oint_{C}A_{\mu}(x)dx^{\mu}.
403,58e0807ed9.png,1,1,100.0,exact,62,62,\nablaK^{x}\equivdK^{x}+\epsilon^{xyz}\omega^{y}\wedgeK^{z}=0.,\nablaK^{x}\equivdK^{x}+\epsilon^{xyz}\omega^{y}\wedgeK^{z}=0.,\nablaK^{x}\equivdK^{x+\epsilon^{xyz}\omega^{y}\wedgeK^{z=0.,\nablaK^{x}\equivdK^{x+\epsilon^{xyz}\omega^{y}\wedgeK^{z=0.
404,45d9406e11.png,1,1,100.0,exact,69,69,"\sqrt{G}\omega_{i}^{a}e^{ak}=e^{a}\epsilon^{jk}\partial_{i}e_{j}^{a},","\sqrt{G}\omega_{i}^{a}e^{ak}=e^{a}\epsilon^{jk}\partial_{i}e_{j}^{a},","\sqrt{G}\omega_i^{a}e^{ak=e^{a}\epsilon^{jk}\partial_{i}e_j^{a,","\sqrt{G}\omega_i^{a}e^{ak=e^{a}\epsilon^{jk}\partial_{i}e_j^{a,"
405,4389d9b8ea.png,0,0,77.778,too_long,7,9,\Gamma=,{\Gamma}=,\Gamma=,{\Gamma=
406,2482e9edfe.png,0,0,96.045,almost_correct,171,177,"S_{Z.M.}\left(\beta\right)=-\beta^{2}\frac{d}{d\beta}\frac{1}{\beta}\operatorname{log}\,Z_{Z.M.}\left(\beta\right)=-\operatorname{log}\left(\frac{\mu\beta}{2\pi}\right)+1.","S_{Z.M.}\left(\beta\right)=-\beta^{2}{\frac{d}{d\beta}}{\frac{1}{\beta}}\operatorname{log}\,Z_{Z,M.}\left(\beta\right)=-\operatorname{log}\left({\frac{\mu\beta}{2\pi}}\right)+1.",S_{Z.M.}(\beta)=-\beta^{2}\frac{d}{d\beta}\frac{1}{\beta}\operatorname{log}Z_{Z.M.}(\beta)=-\operatorname{log}(\frac{\mu\beta}{2\pi)+1.,"S_{Z.M.}(\beta)=-\beta^{2}\frac{d}{d\beta}\frac{1}{\beta}\operatorname{log}Z_{Z,M.}(\beta)=-\operatorname{log}(\frac{\mu\beta}{2\pi)+1."
407,6d066be05b.png,0,0,96.25,almost_correct,80,77,"\mu_{0}\approx\pi\eta^{2}\operatorname{ln}\left(\frac{\Lambda}{m_{V}^{}}\right),","\mu_{0}\approx\pi\eta^{2}\operatorname{ln}\left(\frac{\Lambda}{m_{V}}\right),","\mu_{0}\approx\pi\eta^{2}\operatorname{ln}(\frac{\Lambda}{m_V^{),","\mu_{0}\approx\pi\eta^{2}\operatorname{ln}(\frac{\Lambda}{m_{V),"
408,29828d9625.png,1,1,100.0,exact,38,38,\sigma_{i}=mK_{i}^{n}v_{nc}\sigma^{c}.,\sigma_{i}=mK_{i}^{n}v_{nc}\sigma^{c}.,\sigma_{i=mK_i^{n}v_{nc}\sigma^{c}.,\sigma_{i=mK_i^{n}v_{nc}\sigma^{c}.
409,250588ebd5.png,0,1,94.872,canonical_equivalent,39,39,"\tilde{\phi},\:\tilde{\psi},\:\tilde{H}","\tilde{\phi},\,\tilde{\psi},\,\tilde{H}","\tilde{\phi,\tilde{\psi,\tilde{H}","\tilde{\phi,\tilde{\psi,\tilde{H}"
410,5223211724.png,1,1,100.0,exact,81,81,"(g^{\prime}(0),h^{\prime}(0))=-Tr(g_{o}^{-1}g^{\prime}(0)g_{o}^{-1}h^{\prime}(0))","(g^{\prime}(0),h^{\prime}(0))=-Tr(g_{o}^{-1}g^{\prime}(0)g_{o}^{-1}h^{\prime}(0))","(g^{\prime}(0),h^{\prime}(0))=-Tr(g_o^{-1}g^{\prime}(0)g_o^{-1}h^{\prime}(0))","(g^{\prime}(0),h^{\prime}(0))=-Tr(g_o^{-1}g^{\prime}(0)g_o^{-1}h^{\prime}(0))"
411,250518285c.png,1,1,100.0,exact,128,128,\frac{\partialS}{\partialz_{m}}=\operatorname*{lim}_{\epsilon\rightarrow0}\int_{X_{\epsilon}}d\mu\frac{\partialF}{\partialz_{m}},\frac{\partialS}{\partialz_{m}}=\operatorname*{lim}_{\epsilon\rightarrow0}\int_{X_{\epsilon}}d\mu\frac{\partialF}{\partialz_{m}},\frac{\partialS}{\partialz_{m=\operatorname*{lim_{\epsilonarrow0}\int_{X_{\epsilon}d\mu\frac{\partialF}{\partialz_{m},\frac{\partialS}{\partialz_{m=\operatorname*{lim_{\epsilonarrow0}\int_{X_{\epsilon}d\mu\frac{\partialF}{\partialz_{m}
412,acbd5c55d9.png,1,1,100.0,exact,133,133,"\oint_{a_{i}}dX_{\mathrm{cl}}^{0}=\betam_{i}+\sqrt{2}\piRip_{i}~~~,~~~\oint_{b_{i}}dX_{\mathrm{cl}}^{0}=\betan_{i}+\sqrt{2}\piRiq_{i}","\oint_{a_{i}}dX_{\mathrm{cl}}^{0}=\betam_{i}+\sqrt{2}\piRip_{i}~~~,~~~\oint_{b_{i}}dX_{\mathrm{cl}}^{0}=\betan_{i}+\sqrt{2}\piRiq_{i}","\oint_{a_{i}dX_\mathrm{cl^{0=\betam_{i+\sqrt{2}\piRip_{i}~~~,~~~\oint_{b_{i}dX_\mathrm{cl^{0=\betan_{i+\sqrt{2}\piRiq_{i}","\oint_{a_{i}dX_\mathrm{cl^{0=\betam_{i+\sqrt{2}\piRip_{i}~~~,~~~\oint_{b_{i}dX_\mathrm{cl^{0=\betan_{i+\sqrt{2}\piRiq_{i}"
413,1bf836f325.png,0,1,96.97,canonical_equivalent,66,64,"{\calC}=\frac{d\,P_{0}}{d\,|\vec{P}|}=\frac{1}{1-|\vec{P}|/\kappa}","{\calC}=\frac{d\,P_{0}}{d|\vec{P}|}=\frac{1}{1-|\vec{P}|/\kappa}",\calC=\frac{dP_{0}{d|\vec{P}|=\frac{1}{1-|\vec{P}|/\kappa,\calC=\frac{dP_{0}{d|\vec{P}|=\frac{1}{1-|\vec{P}|/\kappa
414,3bd6ae2033.png,1,1,100.0,exact,37,37,e\deltaA_{\mu}~=~\partial_{\mu}\alpha,e\deltaA_{\mu}~=~\partial_{\mu}\alpha,e\deltaA_{\mu}~=~\partial_{\mu}\alpha,e\deltaA_{\mu}~=~\partial_{\mu}\alpha
415,1135a04377.png,0,0,87.952,semantic_or_token_error,80,83,"\fbox{\tilde{\varphi}(z,\bar{z},u)=\varphi_{0}(z,\bar{z})+u\theta(z,\bar{z})\,.}","\left[\widetilde{\varphi}(z,\bar{z},u)=\varphi_{0}(z,\bar{z})+u\theta(z,\bar{z})\,.","\fbox\tilde{\varphi}(z,\bar{z,u)=\varphi_{0}(z,\bar{z)+u\theta(z,\bar{z).}","[\widetilde{\varphi}(z,\bar{z,u)=\varphi_{0}(z,\bar{z)+u\theta(z,\bar{z)."
416,7a1a6d4310.png,0,0,97.959,almost_correct,48,49,"[\bar{A}]=\cup_{\chi}[^{\chi}\bar{A}]\subset[A],","[\bar{A}]=\cup_{\chi}[^{\chi}\bar{A}]\subset[A]~,","[\bar{A]=\cup_{\chi}[^{\chi}\bar{A]\subset[A],","[\bar{A]=\cup_{\chi}[^{\chi}\bar{A]\subset[A]~,"
417,370080c5d5.png,0,0,87.097,semantic_or_token_error,54,62,{\calI_{C}}(M)=\omega_{\calC}(L)x^{-|L|}y^{-\sigma(L)},{\calI}_{{\calC}}(M)=\omega_{{\calC}}(L)x^{-|L|}y^{-\sigma(L)},\calI_{C}(M)=\omega_{\calC}(L)x^{-|L|}y^{-\sigma(L),\calI_{{\calC}(M)=\omega_{{\calC}(L)x^{-|L|}y^{-\sigma(L)}
418,44ecec2787.png,0,0,90.278,semantic_or_token_error,72,66,"F_{mn}\equiv\partial_{\lbrackm}A_{n]}+[A_{m},A_{n}]=[\hat{D}_{m},\hat{D}","F_{mn}\equiv\partial_{[m}A_{n]}+[A_{m},A_{n}]=[\hat{D}_{m},\hat{D}","F_{mn}\equiv\partial_{\lbrackm}A_{n]+[A_{m,A_{n]=[\hatD_{m,\hat{D}","F_{mn}\equiv\partial_{[m}A_{n]+[A_{m,A_{n]=[\hatD_{m,\hat{D}"
419,3ed5c545c3.png,1,1,100.0,exact,136,136,"\intdX_{w}\int_{E(p)=X_{w}}{\calD}E\int{\calD}A\operatorname{exp}\left(i\int_{w}\left[\mathrm{Tr}(F\,E)+\mathrm{Tr}(J\,E)\right]\right).","\intdX_{w}\int_{E(p)=X_{w}}{\calD}E\int{\calD}A\operatorname{exp}\left(i\int_{w}\left[\mathrm{Tr}(F\,E)+\mathrm{Tr}(J\,E)\right]\right).",\intdX_{w}\int_{E(p)=X_{w}{\calD}E\int{\calD}A\operatorname{exp}(i\int_{w}[\mathrm{Tr}(FE)+\mathrm{Tr}(JE)]).,\intdX_{w}\int_{E(p)=X_{w}{\calD}E\int{\calD}A\operatorname{exp}(i\int_{w}[\mathrm{Tr}(FE)+\mathrm{Tr}(JE)]).
420,3a6857a1fb.png,0,1,96.923,canonical_equivalent,63,65,"\rho_{A}(a,a^{\prime})=\sum_{b}\psi(a,b)\psi^{*}(a^{\prime},b).","\rho_{A}(a,a^{\prime})=\sum_{b}\psi(a,b)\psi^{*}(a^{\prime},b)\;.","\rho_{A}(a,a^{\prime)=\sum_{b}\psi(a,b)\psi^{*}(a^{\prime,b).","\rho_{A}(a,a^{\prime)=\sum_{b}\psi(a,b)\psi^{*}(a^{\prime,b)."
421,2e2ceaadff.png,1,1,100.0,exact,72,72,"{\calC}_{j}|\Phi_{w}\rangle=w_{j}|\Phi_{w}\rangle,\quadj=0,1,\ldots,n-1.","{\calC}_{j}|\Phi_{w}\rangle=w_{j}|\Phi_{w}\rangle,\quadj=0,1,\ldots,n-1.","\calC_{j}|\Phi_{w}\rangle=w_{j}|\Phi_{w}\rangle,j=0,1,\ldots,n-1.","\calC_{j}|\Phi_{w}\rangle=w_{j}|\Phi_{w}\rangle,j=0,1,\ldots,n-1."
422,1a681d5d77.png,0,0,88.136,semantic_or_token_error,171,177,"\tilde{\omega}=4\pi\sum_{\rho,\rho^{\prime},i=1}^{g}(w_{i\rho}{\bar{w}}_{i+g\rho^{\prime}}-{\bar{w}}_{i\rho^{\prime}}w_{i+g\rho})dc_{\rho}\wedged{\bar{c}}_{\rho^{\prime}}.","\tilde{\omega}=4\pi\sum_{\rho,\rho^{\prime},i=1}^{g}\left(w_{i\rho}\bar{w}_{i+g\rho^{\prime}}-\bar{w}_{i\beta^{\prime}}w_{i+g\rho}\right)dc_{\rho}\wedged\bar{c}_{\rho^{\prime}}.","\tilde{\omega=4\pi\sum_{\rho,\rho^{\prime,i=1^{g}(w_{i\rho}\barw_{i+g\rho^{\prime-\barw_{i\rho^{\prime}w_{i+g\rho)dc_{\rho}\wedged\barc_{\rho^{\prime}.","\tilde{\omega=4\pi\sum_{\rho,\rho^{\prime,i=1^{g}(w_{i\rho}\barw_{i+g\rho^{\prime-\barw_{i\beta^{\prime}w_{i+g\rho)dc_{\rho}\wedged\barc_{\rho^{\prime}."
423,6e334d8f89.png,0,0,89.552,semantic_or_token_error,65,67,"t_{i}t_{j}+t_{j}t_{i}=P_{ij}(x_{1},x_{2}),~~~~i,j=1,2,3~(i\neqj).","t_{i}t_{j}+t_{j}t_{i}=P_{ij}(x_{1},x_{2}),\quadi,j=1,2,3\;(i\neqj).","t_{i}t_{j+t_{j}t_{i=P_{ij}(x_{1,x_{2),~~~~i,j=1,2,3~(i\neqqj).","t_{i}t_{j+t_{j}t_{i=P_{ij}(x_{1,x_{2),i,j=1,2,3(i\neqqj)."
424,2bc73f49ac.png,0,0,98.425,almost_correct,127,125,"{\calK}[A;U_{2},U_{1}]=\sum_{R}\chi_{R}(U_{1})\chi_{R}^{\dagger}(U_{2})\operatorname{exp}\Bigl[-\frac{g^{2}A}{4}C_{2}(R)\Bigr],","{\calK}[A;U_{2},U_{1}]=\sum_{R}\chi_{R}(U_{1})\chi_{R}^{\dagger}(U_{2})\operatorname{exp}\Big[-\frac{g^{2}A}{4}C_{2}(R)\Big],","{\calK}[A;U_{2,U_{1]=\sum_{R}\chi_{R}(U_{1)\chi_R^{\dagger}(U_{2)\operatorname{exp}\Bigl[-\frac{g^{2}A}{4}C_{2}(R)\Bigr],","{\calK}[A;U_{2,U_{1]=\sum_{R}\chi_{R}(U_{1)\chi_R^{\dagger}(U_{2)\operatorname{exp}\Big[-\frac{g^{2}A}{4}C_{2}(R)\Big],"
425,e80c879695.png,1,1,100.0,exact,73,73,(\frac{\ddot{a}}{a})=-\frac{8\piG}{3}[\frac{1}{2}\rho_{M}+2p_{\Phi}+V(R)],(\frac{\ddot{a}}{a})=-\frac{8\piG}{3}[\frac{1}{2}\rho_{M}+2p_{\Phi}+V(R)],(\frac\ddot{a}{a)=-\frac{8\piG}{3}[\frac{1}{2}\rho_{M+2p_{\Phi+V(R)],(\frac\ddot{a}{a)=-\frac{8\piG}{3}[\frac{1}{2}\rho_{M+2p_{\Phi+V(R)]
426,6d9f2e885f.png,1,1,100.0,exact,27,27,"f_{C}=m_{4}z+m_{2}x+m_{1}y,","f_{C}=m_{4}z+m_{2}x+m_{1}y,","f_{C=m_{4}z+m_{2}x+m_{1}y,","f_{C=m_{4}z+m_{2}x+m_{1}y,"
427,19ff5fe86d.png,1,1,100.0,exact,86,86,"\operatorname*{det}\frac{\partial^{2}L_{\mathrm{Q}}}{\partialV_{a}\partialV_{b}}\neq0,","\operatorname*{det}\frac{\partial^{2}L_{\mathrm{Q}}}{\partialV_{a}\partialV_{b}}\neq0,","\operatorname*{det}\frac{\partial^{2}L_\mathrm{Q}{\partialV_{a}\partialV_{b}\neqq0,","\operatorname*{det}\frac{\partial^{2}L_\mathrm{Q}{\partialV_{a}\partialV_{b}\neqq0,"
428,2fcf6034c6.png,0,0,80.702,semantic_or_token_error,57,47,"(\psi,\phi)_{\calC}\equiv\frac{1-i\verti}{2}\,<\psi,\phi>","(\psi,\phi)_{c}\equiv\frac{1-i|i}{2}<\psi,\phi>","(\psi,\phi)_{\calC}\equiv\frac{1-i\verti}{2}<\psi,\phi>","(\psi,\phi)_{c}\equiv\frac{1-i|i}{2}<\psi,\phi>"
429,593c394db3.png,0,0,94.34,semantic_or_token_error,106,104,"\left(v_{I}^{i}-v_{J}^{i}\right){\frac{\partial}{\partialr_{I}^{i}}}\Theta_{IJ}={\frac{d}{dt}}\Theta_{IJ},","\left(v_{I}^{i}-v_{J}^{i}\right)\frac{\partial}{\partialr_{I}^{i}}\Theta_{IJ}=\frac{d}{dt}\Theta_{IJ}~~,","(v_I^{i-v_J^{i)\frac{\partial}{\partialr_I^{i}\Theta_{IJ=\frac{d}{dt}\Theta_{IJ,","(v_I^{i-v_J^{i)\frac{\partial}{\partialr_I^{i}\Theta_{IJ=\frac{d}{dt}\Theta_{IJ}~~,"
430,94ad419d55.png,0,0,95.21,almost_correct,163,167,"\hat{a}{\calP}=\frac{1}{q^{2}}{\calP}\hat{a}-\frac{\mu}{q^{3}}\hat{a}~~,~~\hat{b}{\calP}=\frac{1}{q^{2}}{\calP}\hat{b}-\frac{\mu}{q^{3}}\hat{d}\hat{c}^{-1}\hat{a},","\hat{a}{\calP}=\frac{1}{q^{2}}{\calP}\hat{a}-\frac{\mu}{q^{3}}\hat{a}\;\;,\;\;\hat{b}{\calP}=\frac{1}{q^{2}}{\calP}\hat{b}-\frac{\mu}{q^{3}}\hat{d}\hat{c}^{-1}\hat{a},","\hat{a}{\calP=\frac{1}{q^{2}{\calP}\hat{a-\frac{\mu}{q^{3}\hat{a}~~,~~\hat{b}{\calP=\frac{1}{q^{2}{\calP}\hat{b-\frac{\mu}{q^{3}\hat{d}\hatc^{-1}\hat{a,","\hat{a}{\calP=\frac{1}{q^{2}{\calP}\hat{a-\frac{\mu}{q^{3}\hat{a,\hat{b}{\calP=\frac{1}{q^{2}{\calP}\hat{b-\frac{\mu}{q^{3}\hat{d}\hatc^{-1}\hat{a,"
431,1c02bed55c.png,1,1,100.0,exact,56,56,m_{0}\equiv\sigma_{\mathrm{min}}=-\frac{\pi}{\lambda}\;.,m_{0}\equiv\sigma_{\mathrm{min}}=-\frac{\pi}{\lambda}\;.,m_{0}\equiv\sigma_\mathrm{min=-\frac{\pi}{\lambda}.,m_{0}\equiv\sigma_\mathrm{min=-\frac{\pi}{\lambda}.
432,76770d3acd.png,0,0,91.045,semantic_or_token_error,132,134,"\xi_{0}=\frac{\tau_{\pm}^{2}}{{2}|\mu|},~~~\xi_{1}=\frac{\tau_{\pm}}{\sqrt{2}|\mu|},~~~\xi_{2}=\frac{\pmi\tau_{\pm}}{\sqrt{2}|\mu|}.","\xi_{0}=\frac{\tau_{\pm}^{2}}{2|\mu|},\quad\xi_{1}=\frac{\tau_{\pm}}{\sqrt{2}|\mu|},\quad\xi_{2}=\frac{\pmi\tau_{\pm}}{\sqrt{2}|\mu|}.","\xi_{0=\frac{\tau_\pm^{2}{{2}|\mu|,~~~\xi_{1=\frac{\tau_{\pm}\sqrt{2}|\mu|,~~~\xi_{2=\frac{\pmi\tau_{\pm}\sqrt{2}|\mu|}.","\xi_{0=\frac{\tau_\pm^{2}{2|\mu|,\xi_{1=\frac{\tau_{\pm}\sqrt{2}|\mu|,\xi_{2=\frac{\pmi\tau_{\pm}\sqrt{2}|\mu|}."
433,64f78ba1f5.png,1,1,100.0,exact,49,49,"H=\intdx\,(|\psi^{\prime}|^{2}+\kappa|\psi|^{4}).","H=\intdx\,(|\psi^{\prime}|^{2}+\kappa|\psi|^{4}).",H=\intdx(|\psi^{\prime}|^{2+\kappa|\psi|^{4).,H=\intdx(|\psi^{\prime}|^{2+\kappa|\psi|^{4).
434,413aad1a43.png,0,0,98.413,almost_correct,63,62,"J_{G}[u]\int{\calD}a(t)~\delta\left(a^{\prime}-u(a,t)\right)=1,","J_{G}[u]\int{\calD}a(t)\delta\left(a^{\prime}-u(a,t)\right)=1,","J_{G}[u]\int{\calD}a(t)~\delta(a^{\prime-u(a,t))=1,","J_{G}[u]\int{\calD}a(t)\delta(a^{\prime-u(a,t))=1,"
435,6cc05aa255.png,0,0,92.105,semantic_or_token_error,70,76,{\calR}_{abcd}=\frac12(G_{ad}G_{bc}-G_{ac}G_{bd}){\calR}+G_{ac}{\calR},{\calR}_{abcd}={\frac{1}{2}}(G_{ad}G_{bc}-G_{ac}G_{bd}){\calR}+G_{ac}{\calR},\calR_{abcd=\frac12(G_{ad}G_{bc-G_{ac}G_{bd){\calR+G_{ac}{\calR},\calR_{abcd=\frac{1}{2}(G_{ad}G_{bc-G_{ac}G_{bd){\calR+G_{ac}{\calR}
436,1885e9f277.png,0,0,94.681,semantic_or_token_error,94,92,"p_{i}^{\alpha}=p_{j}^{\beta}\frac{\dx_{\beta}^{j}}{\dx_{\alpha}^{i}}+\phi_{i}^{\alpha\beta}\,.","p_{i}^{\alpha}=p_{j}^{\beta}\frac{5_{\beta}^{j}}{\xi_{\alpha}^{i}}+\phi_{i}^{\alpha\beta}\,.",p_i^{\alpha=p_j^{\beta}\frac{\dx_\beta^{j}{\dx_\alpha^{i+\phi_i^{\alpha\beta}.,p_i^{\alpha=p_j^{\beta}\frac{5_\beta^{j}{\xi_\alpha^{i+\phi_i^{\alpha\beta}.
437,ea400c04f5.png,1,1,100.0,exact,113,113,"\beta_{\hat{\lambda}}=-\hat{\lambda}+\frac{1}{8\pi^{2}}\hat{\lambda}\nu-\frac{25}{12\pi^{2}}\,e^{4}\hat{\lambda},","\beta_{\hat{\lambda}}=-\hat{\lambda}+\frac{1}{8\pi^{2}}\hat{\lambda}\nu-\frac{25}{12\pi^{2}}\,e^{4}\hat{\lambda},","\beta_\hat{\lambda=-\hat{\lambda+\frac{1}{8\pi^{2}\hat{\lambda}\nu-\frac{25}{12\pi^{2}e^{4}\hat{\lambda,","\beta_\hat{\lambda=-\hat{\lambda+\frac{1}{8\pi^{2}\hat{\lambda}\nu-\frac{25}{12\pi^{2}e^{4}\hat{\lambda,"
438,2e5d47e12b.png,1,1,100.0,exact,89,89,-\nu^{2}(\nu^{2}-(mr)^{2})[(i\nu)^{j-n}e^{i\pi(1-j/2-s)}-(-i\nu)^{j-n}e^{-i\pi(1-j/2-s)}],-\nu^{2}(\nu^{2}-(mr)^{2})[(i\nu)^{j-n}e^{i\pi(1-j/2-s)}-(-i\nu)^{j-n}e^{-i\pi(1-j/2-s)}],-\nu^{2}(\nu^{2-(mr)^{2)[(i\nu)^{j-n}e^{i\pi(1-j/2-s)-(-i\nu)^{j-n}e^{-i\pi(1-j/2-s)],-\nu^{2}(\nu^{2-(mr)^{2)[(i\nu)^{j-n}e^{i\pi(1-j/2-s)-(-i\nu)^{j-n}e^{-i\pi(1-j/2-s)]
439,275acd7e39.png,0,0,15.842,too_long,122,303,S_{eff}=\intd^{2}x\sqrt{g}[{\bar{\psi}}(i{D\!\!\!/}-{A\!\!/}-{j\!\!/})\psi+L_{g}]+\frac{i}{2\pi}\int_{\Sigma}(dB{\wedge}A),S_{eff}=\intd^{2}x\sqrt{g}(iD\!\!\!\!\!\!\!\!\!\!\!\!\!\!\!\!\!\!\!\!\!\!\!\!\!\!\!\!\!\!\!\!\!\!\!\!\!\!\!\!\!\!\!\!\!\!\!\!\!\!\!\!\!\!\!\!\!\!\!\!\!\!\!\!\!\!\!\!\!\!\!\!\!\!\!\!\!\!\!\!\!\!\!\!\!\!\!\!\!\!\!\!\!\!\!\!\!\!\!\!\!\!\!\!\!\!\!\!\!\!\!\!\!\!\!\!\!\!\!\!\!\!\!\!\!\!\!\!\!\!\!\!\!\!\!\!\!,S_{eff=\intd^{2}x\sqrt{g}[\bar{\psi}(i{D/-{A/-{j/)\psi+L_{g]+\frac{i}{2\pi}\int_{\Sigma}(dB{\wedge}A),S_{eff=\intd^{2}x\sqrt{g}(iD
440,3ba5fa8798.png,0,1,98.438,canonical_equivalent,128,126,T_{\pm\pm}={\frac{1}{12}}\left(\partial_{\pm}^{2}\rho-\partial_{\pm}\rho\partial_{\pm}\rho+t_{\pm}\left(x^{\pm}\right)\right)\;.,T_{\pm\pm}={\frac{1}{12}}\left(\partial_{\pm}^{2}\rho-\partial_{\pm}\rho\partial_{\pm}\rho+t_{\pm}\left(x^{\pm}\right)\right).,T_{\pm\pm=\frac{1}{12}(\partial_\pm^{2}\rho-\partial_{\pm}\rho\partial_{\pm}\rho+t_{\pm}(x^{\pm)).,T_{\pm\pm=\frac{1}{12}(\partial_\pm^{2}\rho-\partial_{\pm}\rho\partial_{\pm}\rho+t_{\pm}(x^{\pm)).
441,7ac48f16e5.png,0,1,88.889,canonical_equivalent,54,48,A_{0}={\frac{-{\frac{F^{2}}{4}}}{1-{\frac{F^{2}}{4}}}},A_{0}=\frac{-\frac{F^{2}}{4}}{1-\frac{F^{2}}{4}},A_{0=\frac{-\frac{F^{2}{4}{1-\frac{F^{2}{4},A_{0=\frac{-\frac{F^{2}{4}{1-\frac{F^{2}{4}
442,7d81829ab5.png,1,1,100.0,exact,143,143,"\frac{1}{i}{\calG}(x,x;\chi)=\frac{1}{(2\pi)^{2}}\int\frac{d^{2}k_{E}}{(k_{E}^{2}+\chi)}\equiv\frac{1}{(2\pi)}\int\frac{dk}{2\sqrt{k^{2}+\chi}}","\frac{1}{i}{\calG}(x,x;\chi)=\frac{1}{(2\pi)^{2}}\int\frac{d^{2}k_{E}}{(k_{E}^{2}+\chi)}\equiv\frac{1}{(2\pi)}\int\frac{dk}{2\sqrt{k^{2}+\chi}}","\frac{1}{i}{\calG}(x,x;\chi)=\frac{1}{(2\pi)^{2}\int\frac{d^{2}k_{E}{(k_E^{2+\chi)}\equiv\frac{1}{(2\pi)}\int\frac{dk}{2\sqrt{k^{2+\chi}","\frac{1}{i}{\calG}(x,x;\chi)=\frac{1}{(2\pi)^{2}\int\frac{d^{2}k_{E}{(k_E^{2+\chi)}\equiv\frac{1}{(2\pi)}\int\frac{dk}{2\sqrt{k^{2+\chi}"
443,7e16b8d8e2.png,0,0,92.045,semantic_or_token_error,176,163,"W[{\Phi}]=\frac{1}{2}\int_{-\infty}^{\infty}dx^{+}\int_{0}^{L}dx_{1}^{-}\int_{0}^{L}dx_{2}^{-}{\Phi}^{\star,++}(x_{1}^{-},x^{+}|x_{2}^{-},x^{+})({\pi}_{(1)}^{-}+{\pi}_{(2)}^{-}","W[\Phi]=\frac{1}{2}\int_{-\infty}^{\infty}dx^{+}\int_{0}^{L}dx_{1}^{-}\int_{0}^{L}dx_{2}^{-}\Phi^{*++}(x_{1}^{-},x^{+}|x_{2}^{-},x^{+})(\pi_{(1)}^{-}+\pi_{(2)}^{-}","W[{\Phi]=\frac{1}{2}\int_{-\infty^{\infty}dx^{+}\int_0^{L}dx_1^{-}\int_0^{L}dx_2^{-}\Phi^{\star,++}(x_1^{-,x^{+}|x_2^{-,x^{+)(\pi_{(1)^{-+\pi_{(2)^{-}","W[\Phi]=\frac{1}{2}\int_{-\infty^{\infty}dx^{+}\int_0^{L}dx_1^{-}\int_0^{L}dx_2^{-}\Phi^{*++}(x_1^{-,x^{+}|x_2^{-,x^{+)(\pi_{(1)^{-+\pi_{(2)^{-}"
444,18f39d5faa.png,1,1,100.0,exact,65,65,\langlex_{0}|=\langle\bar{x}+\sum_{e>0}x_{e}w_{e}|=\langle\bar{x},\langlex_{0}|=\langle\bar{x}+\sum_{e>0}x_{e}w_{e}|=\langle\bar{x},\langlex_{0}|=\langle\bar{x+\sum_{e>0}x_{e}w_{e}|=\langle\bar{x},\langlex_{0}|=\langle\bar{x+\sum_{e>0}x_{e}w_{e}|=\langle\bar{x}
445,36243d996c.png,1,1,100.0,exact,71,71,T_{2}^{a}=\partial_{i}\pi^{ia}-gf^{abc}\pi^{ib}A_{i}^{c}+m^{2}A_{0}^{a},T_{2}^{a}=\partial_{i}\pi^{ia}-gf^{abc}\pi^{ib}A_{i}^{c}+m^{2}A_{0}^{a},T_2^{a=\partial_{i}\pi^{ia-gf^{abc}\pi^{ib}A_i^{c+m^{2}A_0^{a},T_2^{a=\partial_{i}\pi^{ia-gf^{abc}\pi^{ib}A_i^{c+m^{2}A_0^{a}
446,ad646e4bb5.png,1,1,100.0,exact,55,55,f_{abc}^{1}+f_{acb}^{1}-f_{bca}^{1}-f_{cba}^{1}=0\quad.,f_{abc}^{1}+f_{acb}^{1}-f_{bca}^{1}-f_{cba}^{1}=0\quad.,f_{abc^{1+f_{acb^{1-f_{bca^{1-f_{cba^{1=0.,f_{abc^{1+f_{acb^{1-f_{bca^{1-f_{cba^{1=0.
447,7e383839af.png,0,1,97.368,canonical_equivalent,76,74,"{\widetilde\Sigma}\sim\sum_{p=0}^{\infty}{\frac{c_{p}}{(\alpha_{\nu})^{p}}},","{\widetilde\Sigma}\sim\sum_{p=0}^{\infty}\frac{c_{p}}{(\alpha_{\nu})^{p}},","\widetilde\Sigma}\sim\sum_{p=0^{\infty}\frac{c_{p}{(\alpha_{\nu)^{p,","\widetilde\Sigma}\sim\sum_{p=0^{\infty}\frac{c_{p}{(\alpha_{\nu)^{p,"
448,3fbd7dff5b.png,1,1,100.0,exact,28,28,G=\frac{1}{(p-eA)^{2}+m^{2}},G=\frac{1}{(p-eA)^{2}+m^{2}},G=\frac{1}{(p-eA)^{2+m^{2},G=\frac{1}{(p-eA)^{2+m^{2}
449,357aa5001b.png,0,0,76.316,semantic_or_token_error,76,64,\mathcal{E}(\mathbf{x})=\int\prod_{i}^{n}dy_{i}\operatorname{exp}(\mathbf{x},{\calE}({\bfx})=\int\prod_{i}^{n}dy_{i}\operatorname{exp}({\bfx},\mathcal{E}(\mathbf{x)=\int\prod_i^{n}dy_{i}\operatorname{exp}(\mathbf{x},{\calE}({\bfx)=\int\prod_i^{n}dy_{i}\operatorname{exp}({\bfx}
450,6b77b99f88.png,0,0,95.0,almost_correct,100,99,"\Delta\lambda=(r^{2}\lambda_{,r})_{,r}+{\frac{1}{sin\theta}}(sin\theta\lambda_{,\theta})_{,\theta}=0","\Delta\lambda=(r^{2}\lambda_{,r})_{,\,r}+\frac{1}{sin\theta}(sin\theta\lambda_{\theta})_{,\theta}=0","\Delta\lambda=(r^{2}\lambda_{,r)_{,r+\frac{1}{sin\theta}(sin\theta\lambda_{,\theta)_{,\theta=0","\Delta\lambda=(r^{2}\lambda_{,r)_{,r+\frac{1}{sin\theta}(sin\theta\lambda_{\theta)_{,\theta=0"
451,22056fb6bd.png,1,1,100.0,exact,71,71,x^{-3}((157)(236)(4)...)\congA_{15}A_{17}\left(A_{23}A_{26}\right)E_{0},x^{-3}((157)(236)(4)...)\congA_{15}A_{17}\left(A_{23}A_{26}\right)E_{0},x^{-3}((157)(236)(4)...)\congA_{15}A_{17}(A_{23}A_{26)E_{0},x^{-3}((157)(236)(4)...)\congA_{15}A_{17}(A_{23}A_{26)E_{0}
452,2fb3ef5a52.png,0,0,69.863,too_short,73,54,"T_{\mathit{G}}(-t,-t^{-1})=\sum_{B\subseteq\mathcal{B}}x^{i(B)}x^{-e(B)},","T_{G}(-t,-t^{-1})=\sum_{B\in{\calB}}x^{i(B)}x^{-e(B)},","T_\mathit{G}(-t,-t^{-1)=\sum_{B\subseteq\mathcal{B}x^{i(B)}x^{-e(B),","T_{G}(-t,-t^{-1)=\sum_{B\in{\calB}x^{i(B)}x^{-e(B),"
453,5e524b9dda.png,1,1,100.0,exact,46,46,\deltaZ_{AB}=\frac{1}{2}\xi_{ABCD}\bar{Z}^{CD},\deltaZ_{AB}=\frac{1}{2}\xi_{ABCD}\bar{Z}^{CD},\deltaZ_{AB=\frac{1}{2}\xi_{ABCD}\barZ^{CD},\deltaZ_{AB=\frac{1}{2}\xi_{ABCD}\barZ^{CD}
454,6c2709552d.png,1,1,100.0,exact,51,51,(\partial_{k_{1}k_{2}}h_{ij})I_{h}^{ij(k_{1}k_{2})},(\partial_{k_{1}k_{2}}h_{ij})I_{h}^{ij(k_{1}k_{2})},(\partial_{k_{1}k_{2}h_{ij)I_h^{ij(k_{1}k_{2)},(\partial_{k_{1}k_{2}h_{ij)I_h^{ij(k_{1}k_{2)}
455,61424600d0.png,1,1,100.0,exact,121,121,"\Phi^{*(E)}=\int_{S}{\bfE}^{*}({\bfr},t)\,d{\bfS}\qquad\mathrm{or}\qquad\Phi^{*(B)}=\int_{S}{\bfB}^{*}({\bfr},t)\,d{\bfS}","\Phi^{*(E)}=\int_{S}{\bfE}^{*}({\bfr},t)\,d{\bfS}\qquad\mathrm{or}\qquad\Phi^{*(B)}=\int_{S}{\bfB}^{*}({\bfr},t)\,d{\bfS}","\Phi^{*(E)=\int_{S}\bfE^{*}({\bfr,t)d{\bfS}\mathrm{or}\Phi^{*(B)=\int_{S}\bfB^{*}({\bfr,t)d{\bfS}","\Phi^{*(E)=\int_{S}\bfE^{*}({\bfr,t)d{\bfS}\mathrm{or}\Phi^{*(B)=\int_{S}\bfB^{*}({\bfr,t)d{\bfS}"
456,29cf45489c.png,0,0,91.176,semantic_or_token_error,133,136,"G_{F}(x,y)=e^{-{\frac{ie^{2}}{2}}\intd^{2}z_{1}\intd^{2}z_{2}j^{\mu}(z_{1};x,y)G_{\mu\nu}(z_{1},z_{2})j^{\nu}(z_{2};x,y)}~S_{F}(x,y),","G_{F}(x,y)=e^{-\frac{i\epsilon^{2}}{2}\intd^{2}z_{1}\intd^{2}z_{2}j^{\mu}(z_{1};x,y)G_{\mu\nu}(z_{1},z_{2})^{\nu}(x_{2};x,y)}S_{F}(x,y),","G_{F}(x,y)=e^{-\frac{ie^{2}{2}\intd^{2}z_{1}\intd^{2}z_{2}j^{\mu}(z_{1};x,y)G_{\mu\nu}(z_{1,z_{2)j^{\nu}(z_{2};x,y)}~S_{F}(x,y),","G_{F}(x,y)=e^{-\frac{i\epsilon^{2}{2}\intd^{2}z_{1}\intd^{2}z_{2}j^{\mu}(z_{1};x,y)G_{\mu\nu}(z_{1,z_{2)^{\nu}(x_{2};x,y)}S_{F}(x,y),"
457,71b207ef43.png,1,1,100.0,exact,29,29,\alpha_{i}\geq\frac{1}{2}D-1.,\alpha_{i}\geq\frac{1}{2}D-1.,\alpha_{i}\geq\frac{1}{2}D-1.,\alpha_{i}\geq\frac{1}{2}D-1.
458,1743e97533.png,0,1,96.721,canonical_equivalent,59,61,D_{M}=\partial_{M}+\frac{1}{4}\omega_{M}{}^{AB}\Gamma_{AB}.,D_{M}=\partial_{M}+{\frac{1}{4}}\omega_{M}{}^{AB}\Gamma_{AB}.,D_{M=\partial_{M+\frac{1}{4}\omega_{M}{^{AB}\Gamma_{AB}.,D_{M=\partial_{M+\frac{1}{4}\omega_{M}{^{AB}\Gamma_{AB}.
459,d171ab09c2.png,0,0,90.598,semantic_or_token_error,117,109,"\frac{z_{k}^{2}+q}{z_{k}^{2}q+1}=q^{Q}\prod_{j=1}^{Q-1}\frac{z_{k}q-z_{j}}{z_{k}-z_{j}q},\hspace{10pt}k=1,\ldots,Q-1,","\frac{z_{k}^{2}+q}{z_{k}^{2}q+1}=q^{Q}\prod_{j=1}^{Q-1}\frac{z_{k}q-z_{j}}{z_{k}-z_{j}q},\quadk=1,\ldots,Q-1,","\frac{z_k^{2+q}{z_k^{2}q+1=q^{Q}\prod_{j=1^{Q-1}\frac{z_{k}q-z_{j}{z_{k-z_{j}q,\hspace{10pt}k=1,\ldots,Q-1,","\frac{z_k^{2+q}{z_k^{2}q+1=q^{Q}\prod_{j=1^{Q-1}\frac{z_{k}q-z_{j}{z_{k-z_{j}q,k=1,\ldots,Q-1,"
460,7c43943488.png,0,0,93.939,semantic_or_token_error,132,129,"{\partial}_{-}E(x)=-\frac{2}{(2{\pi})^{3}}\int\frac{dk_{1}dk_{2}}{k_{\bot}^{2}}\mathrm{exp}[-i(k_{1}x^{1}+k_{2}x^{2})]I(x^{-},x^{+})","\partial_{-}E(x)=-\frac{2}{(2\pi)^{3}}\int\frac{dk_{1}dk_{2}}{k_{\perp}^{2}}\mathrm{exp}[-i(k_{1}x^{1}+k_{2}x^{2})]I(x^{-},x^{+})","\partial_{-}E(x)=-\frac{2}{(2{\pi)^{3}\int\frac{dk_{1}dk_{2}{k_\bot^{2}\mathrm{exp}[-i(k_{1}x^{1+k_{2}x^{2)]I(x^{-,x^{+)","\partial_{-}E(x)=-\frac{2}{(2\pi)^{3}\int\frac{dk_{1}dk_{2}{k_\perp^{2}\mathrm{exp}[-i(k_{1}x^{1+k_{2}x^{2)]I(x^{-,x^{+)"
461,20c2677079.png,1,1,100.0,exact,39,39,\mu\left(m^{ij}\right)=\sum_{n|m^{ij}}n,\mu\left(m^{ij}\right)=\sum_{n|m^{ij}}n,\mu(m^{ij)=\sum_{n|m^{ij}n,\mu(m^{ij)=\sum_{n|m^{ij}n
462,2436b34831.png,0,0,95.48,almost_correct,177,177,"\mathcalL_{\mathrmC}=-\frac{\kappa}{2}\sqrt{|\eta|}\,c_{\alpha\beta}\,\theta_{\mu}^{\alpha}(\xi)\theta_{\nu}^{\beta}(\xi)\,\eta^{ij}\,\partial_{i}\xi^{\mu}\partial_{j}\xi^{\nu},","{\calL}_{\mathrm{C}}=-\frac{\kappa}{2}\sqrt{|\eta|}\,c_{\alpha\beta}\,\theta_{\mu}^{\alpha}(\xi)\theta_{\nu}^{\beta}(\xi)\,\eta^{ij}\,\partial_{i}\xi^{\mu}\partial_{j}\xi^{\nu},","\mathcalL_\mathrmC=-\frac{\kappa}{2}\sqrt{|\eta|}c_{\alpha\beta}\theta_\mu^{\alpha}(\xi)\theta_\nu^{\beta}(\xi)\eta^{ij}\partial_{i}\xi^{\mu}\partial_{j}\xi^{\nu,","\calL_\mathrm{C=-\frac{\kappa}{2}\sqrt{|\eta|}c_{\alpha\beta}\theta_\mu^{\alpha}(\xi)\theta_\nu^{\beta}(\xi)\eta^{ij}\partial_{i}\xi^{\mu}\partial_{j}\xi^{\nu,"
463,1361cf7a00.png,0,0,95.041,almost_correct,120,121,\psi_{k}^{-}=\frac{1}{r}\left(\begin{array}{l}{F(r){\calY}_{|q|j}^{M}}\{-iG(r){\calY}_{(|q|-1)j}^{M}}\\end{array}\right),\psi_{k}^{-}=\frac{1}{r}\left(\begin{array}{l}{F(r){\calY}_{dlj}^{M}}\{-iG(r){\calY}_{(|q|-1)j}^{\mu}}\\end{array}\right),\psi_k^{-=\frac{1}{r}(\begin{array}{l}{F(r)\calY_{|q|j^{M}\{-iG(r)\calY_{(|q|-1)j^{M}\\end{array),\psi_k^{-=\frac{1}{r}(\begin{array}{l}{F(r)\calY_{dlj^{M}\{-iG(r)\calY_{(|q|-1)j^{\mu}\\end{array)
464,6e3580044c.png,0,0,97.368,almost_correct,37,38,"\left[\hat{p},\hat{W}\right]=\hat{W},","\left[\hat{p},\hat{W}\right]=\hat{W}~,","[\hat{p,\hat{W]=\hat{W,","[\hat{p,\hat{W]=\hat{W}~,"
465,48c606e1a5.png,1,1,100.0,exact,47,47,\epsilon^{mnpq}\partial_{q}(a_{mnp}-C_{mnp})=0.,\epsilon^{mnpq}\partial_{q}(a_{mnp}-C_{mnp})=0.,\epsilon^{mnpq}\partial_{q}(a_{mnp-C_{mnp)=0.,\epsilon^{mnpq}\partial_{q}(a_{mnp-C_{mnp)=0.
466,1c921ea156.png,1,1,100.0,exact,107,107,b_{l}^{n}=(-\partial_{a_{l}})(U_{l}^{n})Str\left(\ldots\phi^{j_{l}}\ldots\right)-k(A_{1}+A_{2})-nD_{l}^{n}.,b_{l}^{n}=(-\partial_{a_{l}})(U_{l}^{n})Str\left(\ldots\phi^{j_{l}}\ldots\right)-k(A_{1}+A_{2})-nD_{l}^{n}.,b_l^{n=(-\partial_{a_{l)(U_l^{n)Str(\ldots\phi^{j_{l}\ldots)-k(A_{1+A_{2)-nD_l^{n}.,b_l^{n=(-\partial_{a_{l)(U_l^{n)Str(\ldots\phi^{j_{l}\ldots)-k(A_{1+A_{2)-nD_l^{n}.
467,40c7e04212.png,1,1,100.0,exact,53,53,"\thetae_{1}=e_{2}\;,\qquad\thetae_{2}=-e_{1}-e_{2}\;.","\thetae_{1}=e_{2}\;,\qquad\thetae_{2}=-e_{1}-e_{2}\;.","\thetae_{1=e_{2,\thetae_{2=-e_{1-e_{2}.","\thetae_{1=e_{2,\thetae_{2=-e_{1-e_{2}."
468,380ca5bd47.png,0,0,97.403,almost_correct,77,75,\operatorname{ln}{\calZ}=\sum_{R}G_{_R}\operatorname{ln}\{\bar{\nu}_{_R}+1\}.,\operatorname{ln}{\calZ}=\sum_{R}G_{R}\operatorname{ln}\{\bar{\nu}_{R}+1\}.,\operatorname{ln}{\calZ=\sum_{R}G_{_R}\operatorname{ln}\\bar\nu_{_R+1\}.,\operatorname{ln}{\calZ=\sum_{R}G_{R}\operatorname{ln}\\bar\nu_{R+1\}.
469,5a64963194.png,0,0,94.783,semantic_or_token_error,115,112,"f^{\mu\nu,\lambda\sigma}=g^{\mu\lambda}\;g^{\nu\sigma}+g^{\nu\lambda}\;g^{\mu\sigma}-g^{\mu\nu}\;g^{\lambda\sigma}.","f^{\mu\nu,\lambda\sigma}=g^{\mu\lambda}~g^{\nu\sigma}+g^{\nu\lambda}~g^{\mu\sigma}-g^{\mu\nu}~g^{\lambda\sigma}.","f^{\mu\nu,\lambda\sigma=g^{\mu\lambda}g^{\nu\sigma+g^{\nu\lambda}g^{\mu\sigma-g^{\mu\nu}g^{\lambda\sigma}.","f^{\mu\nu,\lambda\sigma=g^{\mu\lambda}~g^{\nu\sigma+g^{\nu\lambda}~g^{\mu\sigma-g^{\mu\nu}~g^{\lambda\sigma}."
470,260c798a6a.png,0,1,75.556,canonical_equivalent,45,39,"t_{0}\neq0,\,\,\,\,,t_{1}=1,\,\,\,\,t_{k}=-1.","t_{0}\neq0,\;\;,t_{1}=1,\;\;\;t_{k}=-1.","t_{0}\neqq0,,t_{1=1,t_{k=-1.","t_{0}\neqq0,,t_{1=1,t_{k=-1."
471,6d9b6df843.png,1,1,100.0,exact,90,90,"\{Q_{\gamma},\overline{{Q}}_{\lambda}\}=J_{\gamma\lambda}-\delta_{\gamma\lambda}J_{\nu\nu}","\{Q_{\gamma},\overline{{Q}}_{\lambda}\}=J_{\gamma\lambda}-\delta_{\gamma\lambda}J_{\nu\nu}","\{Q_{\gamma,\overline{Q_{\lambda}\=J_{\gamma\lambda-\delta_{\gamma\lambda}J_{\nu\nu}","\{Q_{\gamma,\overline{Q_{\lambda}\=J_{\gamma\lambda-\delta_{\gamma\lambda}J_{\nu\nu}"
472,4cbc651564.png,1,1,100.0,exact,83,83,"A_{i}^{I}[A+\delta_{L}A]-A_{i}^{I}[A]=\delta_{L}A^{I}+\partial_{i}\Lambda[A^{I}]\;,","A_{i}^{I}[A+\delta_{L}A]-A_{i}^{I}[A]=\delta_{L}A^{I}+\partial_{i}\Lambda[A^{I}]\;,","A_i^{I}[A+\delta_{L}A]-A_i^{I}[A]=\delta_{L}A^{I+\partial_{i}\Lambda[A^{I],","A_i^{I}[A+\delta_{L}A]-A_i^{I}[A]=\delta_{L}A^{I+\partial_{i}\Lambda[A^{I],"
473,711e6d6d82.png,1,1,100.0,exact,131,131,"G(x,x^{\perp})=\frac{1}{(2\pi)^{5}}\intd^{4}p\,dp_{\perp}\,G(p,p_{\perp})\operatorname{exp}[\mathrm{i}(p\cdotx+p_{\perp}x^{\perp})]","G(x,x^{\perp})=\frac{1}{(2\pi)^{5}}\intd^{4}p\,dp_{\perp}\,G(p,p_{\perp})\operatorname{exp}[\mathrm{i}(p\cdotx+p_{\perp}x^{\perp})]","G(x,x^{\perp)=\frac{1}{(2\pi)^{5}\intd^{4}pdp_{\perp}G(p,p_{\perp)\operatorname{exp}[\mathrm{i}(p\cdotx+p_{\perp}x^{\perp)]","G(x,x^{\perp)=\frac{1}{(2\pi)^{5}\intd^{4}pdp_{\perp}G(p,p_{\perp)\operatorname{exp}[\mathrm{i}(p\cdotx+p_{\perp}x^{\perp)]"
474,70f72151ab.png,0,1,94.18,canonical_equivalent,189,188,"\Omega=2iJ\left[\frac{d{\bar{\xi}}\wedged\xi}{1+\mid\xi\mid^{2}}-\frac{(\xid{\bar{\xi}})\wedge({\bar{\xi}}d\xi)}{(1+\mid\xi\mid^{2})^{2}}\right],\mid\xi\mid^{2}=\sum_{p}\mid\xi_{p}\mid^{2}.","\Omega=2iJ\left[\frac{d\bar{\xi}\wedged\xi}{1+\mid\xi\mid^{2}}-\frac{(\xid\bar{\xi})\wedge(\bar{\xi}d\xi)}{(1+\mid\xi\mid^{2})^{2}}\right],\quad\mid\xi\mid^{2}=\sum_{p}\mid\xi_{p}\mid^{2}.","\Omega=2iJ[\frac{d\bar{\xi}\wedged\xi}{1+\mid\xi\mid^{2-\frac{(\xid\bar{\xi)\wedge(\bar{\xi}d\xi)}{(1+\mid\xi\mid^{2)^{2],\mid\xi\mid^{2=\sum_{p}\mid\xi_{p}\mid^{2}.","\Omega=2iJ[\frac{d\bar{\xi}\wedged\xi}{1+\mid\xi\mid^{2-\frac{(\xid\bar{\xi)\wedge(\bar{\xi}d\xi)}{(1+\mid\xi\mid^{2)^{2],\mid\xi\mid^{2=\sum_{p}\mid\xi_{p}\mid^{2}."
475,28216bc367.png,0,0,82.184,semantic_or_token_error,174,143,"\displaystyle{\left(\delta^{IJ}-\frac{(x_{a}^{I}-x_{b}^{I})(x_{a}^{J}-x_{b}^{J})}{(x_{a}-x_{b})^{2}}\right)}(\textstyle{\frac{d\,}{dt}x_{a}^{J}-\frac{d\,}{dt}x_{b}^{J}})=0\,,","\left(\delta^{IJ}-\frac{(x_{a}^{I}-x_{b}^{I})(x_{a}^{J}-x_{b}^{J})}{(x_{a}-x_{b})^{2}}\right)(\frac{d}{dt}x_{a}^{J}-\frac{d}{dt}x_{b}^{J})=0\,,","\displaystyle{(\delta^{IJ-\frac{(x_a^{I-x_b^{I)(x_a^{J-x_b^{J)}{(x_{a-x_{b)^{2)}(\textstyle\frac{d}{dt}x_a^{J-\frac{d}{dt}x_b^{J)=0,","(\delta^{IJ-\frac{(x_a^{I-x_b^{I)(x_a^{J-x_b^{J)}{(x_{a-x_{b)^{2)(\frac{d}{dt}x_a^{J-\frac{d}{dt}x_b^{J)=0,"
476,4bc7bab7e3.png,1,1,100.0,exact,54,54,\deltaL\mid_{on-shell}=\frac{d}{dt}(p_{i}\deltaq^{i});,\deltaL\mid_{on-shell}=\frac{d}{dt}(p_{i}\deltaq^{i});,\deltaL\mid_{on-shell=\frac{d}{dt}(p_{i}\deltaq^{i);,\deltaL\mid_{on-shell=\frac{d}{dt}(p_{i}\deltaq^{i);
477,3953d95512.png,0,0,97.143,almost_correct,140,137,"e\,\nabla_{\mu}\Theta_{\lambda}^{~\mu}\left(x\right)=w_{\lambda}\left(x\right)\Sigma+\nabla_{\mu}w_{\lambda}^{~\mu}\left(x\right)\Sigma\,\,,","e\,\nabla_{\mu}\Theta_{\lambda}^{~\mu}\left(x\right)=w_{\lambda}\left(x\right)\Sigma+\nabla_{\mu}w_{\lambda}^{~\mu}\left(x\right)\Sigma~,","e\nabla_{\mu}\Theta_\lambda^{~\mu}(x)=w_{\lambda}(x)\Sigma+\nabla_{\mu}w_\lambda^{~\mu}(x)\Sigma,","e\nabla_{\mu}\Theta_\lambda^{~\mu}(x)=w_{\lambda}(x)\Sigma+\nabla_{\mu}w_\lambda^{~\mu}(x)\Sigma~,"
478,4bcaa4636f.png,1,1,100.0,exact,75,75,\frac{1}{4g_{YM}^{2}}F^{2}=\frac{1}{32\pi^{2}}g_{YM}\sqrt{N}\frac{1}{r^{4}},\frac{1}{4g_{YM}^{2}}F^{2}=\frac{1}{32\pi^{2}}g_{YM}\sqrt{N}\frac{1}{r^{4}},\frac{1}{4g_{YM^{2}F^{2=\frac{1}{32\pi^{2}g_{YM}\sqrt{N}\frac{1}{r^{4},\frac{1}{4g_{YM^{2}F^{2=\frac{1}{32\pi^{2}g_{YM}\sqrt{N}\frac{1}{r^{4}
479,46f23c2ed8.png,0,0,98.049,almost_correct,205,203,"f_{n,m}(z)=\operatorname{exp}\int_{P_{0}}^{z}\omega_{n,m},\quad\omega_{n,m}(z)=\sum_{k=1}^{h}\left({\frac{\operatorname*{det}\Omega^{(2;k)}}{\operatorname*{det}\Omega^{(2)}}}+i\pin_{k}\right)\omega_{k}(z).","f_{n,m}(z)=\operatorname{exp}\int_{P_{0}}^{z}\omega_{n,m},\quad\omega_{n,m}(z)=\sum_{k=1}^{h}\left(\frac{\operatorname*{det}\Omega^{2(2k)}}{\operatorname*{det}\Omega^{(2)}}+i\pin_{k}\right)\omega_{k}(z).","f_{n,m}(z)=\operatorname{exp}\int_{P_0^{z}\omega_{n,m,\omega_{n,m}(z)=\sum_{k=1^{h}(\frac\operatorname*{det}\Omega^{(2;k)}\operatorname*{det}\Omega^{(2)+i\pin_{k)\omega_{k}(z).","f_{n,m}(z)=\operatorname{exp}\int_{P_0^{z}\omega_{n,m,\omega_{n,m}(z)=\sum_{k=1^{h}(\frac\operatorname*{det}\Omega^{2(2k)}\operatorname*{det}\Omega^{(2)+i\pin_{k)\omega_{k}(z)."
480,62aef77518.png,1,1,100.0,exact,89,89,"D^{\left[n_{+},n_{-}\right]}(\Lambda)U(\Lambda^{-1}p)=U(p)D^{\left[s\right]}(R(\Lambda,p)","D^{\left[n_{+},n_{-}\right]}(\Lambda)U(\Lambda^{-1}p)=U(p)D^{\left[s\right]}(R(\Lambda,p)","D^{[n_{+,n_{-]}(\Lambda)U(\Lambda^{-1}p)=U(p)D^{[s]}(R(\Lambda,p)","D^{[n_{+,n_{-]}(\Lambda)U(\Lambda^{-1}p)=U(p)D^{[s]}(R(\Lambda,p)"
481,7b94ad4041.png,1,1,100.0,exact,36,36,"(W\gamma_{0})^{\dagger}=W\gamma_{0},","(W\gamma_{0})^{\dagger}=W\gamma_{0},","(W\gamma_{0)^{\dagger=W\gamma_{0,","(W\gamma_{0)^{\dagger=W\gamma_{0,"
482,47b45dbfd9.png,1,1,100.0,exact,50,50,"\partial_{\mu}\partial^{\mu}\psi+2\,\mu^{2}\psi=0,","\partial_{\mu}\partial^{\mu}\psi+2\,\mu^{2}\psi=0,","\partial_{\mu}\partial^{\mu}\psi+2\mu^{2}\psi=0,","\partial_{\mu}\partial^{\mu}\psi+2\mu^{2}\psi=0,"
483,279b632007.png,0,0,64.0,missing_factorial,150,119,\Sigma\!\!\!\!\!\!\int_{x}f_{x}\overrightarrow{P\left(U_{n}\right)}g_{x}=\Sigma\!\!\!\!\!\!\int_{x}f_{x}\overleftarrow{P\left(U_{n}^{-1}\right)}g_{x}.,\underline{{f}}f_{x}\overline{{P\left(U_{n}\right)}}g_{x}=\oint_{x}f_{x}\overrightarrow{P\left(U_{n}^{-1}\right)}g_{x}.,\Sigma\int_{x}f_{x}\overrightarrow{P(U_{n)}g_{x=\Sigma\int_{x}f_{x}\overleftarrow{P(U_n^{-1)}g_{x}.,\underline{{f}f_{x}\overline{{P(U_{n)}g_{x=\oint_{x}f_{x}\overrightarrow{P(U_n^{-1)}g_{x}.
484,51ab35e0c2.png,0,0,97.959,almost_correct,49,48,"P(x,y)=P_{(\delta)}(x,y)+P_{(i\eta\sigma)}(x,y)~.","P(x,y)=P_{(\delta)}(x,y)+P_{(i\eta\sigma)}(x,y).","P(x,y)=P_{(\delta)}(x,y)+P_{(i\eta\sigma)}(x,y)~.","P(x,y)=P_{(\delta)}(x,y)+P_{(i\eta\sigma)}(x,y)."
485,6578de13bd.png,1,1,100.0,exact,47,47,"f_{ABC}=f_{mn,pq,rs}=(A\timesB)\delta_{C}^{A+B}","f_{ABC}=f_{mn,pq,rs}=(A\timesB)\delta_{C}^{A+B}","f_{ABC=f_{mn,pq,rs=(A\timesB)\delta_C^{A+B}","f_{ABC=f_{mn,pq,rs=(A\timesB)\delta_C^{A+B}"
486,23cc723843.png,1,1,100.0,exact,34,34,"\tilde{u}_{0}=-2,\qquadu=-\phi^{2}","\tilde{u}_{0}=-2,\qquadu=-\phi^{2}","\tildeu_{0=-2,u=-\phi^{2}","\tildeu_{0=-2,u=-\phi^{2}"
487,75c57c6476.png,0,0,95.833,almost_correct,96,92,"R_{\Omega}=\mathrm{diag}(\omega^{2},\omega^{2},\omega^{2},\omega^{8},\omega^{8},\omega^{5})~.~\,","R_{\Omega}=\mathrm{diag}(\omega^{2},\omega^{2},\omega^{2},\omega^{8},\omega^{8},\omega^{5}).","R_{\Omega=\mathrm{diag}(\omega^{2,\omega^{2,\omega^{2,\omega^{8,\omega^{8,\omega^{5)~.~","R_{\Omega=\mathrm{diag}(\omega^{2,\omega^{2,\omega^{2,\omega^{8,\omega^{8,\omega^{5)."
488,4ec92ec0d1.png,1,1,100.0,exact,99,99,\delta_{\xi}=\xi_{i}^{\alpha}Q_{\alpha}^{i}+\bar{\xi}_{\dot{\alpha}}^{i}\bar{Q}_{i}^{\dot{\alpha}}.,\delta_{\xi}=\xi_{i}^{\alpha}Q_{\alpha}^{i}+\bar{\xi}_{\dot{\alpha}}^{i}\bar{Q}_{i}^{\dot{\alpha}}.,\delta_{\xi=\xi_i^{\alpha}Q_\alpha^{i+\bar\xi_\dot\alpha^{i}\barQ_i^\dot{\alpha}.,\delta_{\xi=\xi_i^{\alpha}Q_\alpha^{i+\bar\xi_\dot\alpha^{i}\barQ_i^\dot{\alpha}.
489,5b0bb80629.png,1,1,100.0,exact,44,44,\hat{\phi}\rightarrowU\hat{\phi}U^{\dagger}.,\hat{\phi}\rightarrowU\hat{\phi}U^{\dagger}.,\hat{\phi}arrowU\hat{\phi}U^{\dagger}.,\hat{\phi}arrowU\hat{\phi}U^{\dagger}.
490,5fa91f4e37.png,1,1,100.0,exact,104,104,"\operatorname*{lim}_{\alpha\rightarrow+0}(x^{N}f(x),\theta(x)\operatorname{exp}\{-\alphax^{-1}\}\phi(x))","\operatorname*{lim}_{\alpha\rightarrow+0}(x^{N}f(x),\theta(x)\operatorname{exp}\{-\alphax^{-1}\}\phi(x))","\operatorname*{lim_{\alphaarrow+0}(x^{N}f(x),\theta(x)\operatorname{exp}\{-\alphax^{-1}\}\phi(x))","\operatorname*{lim_{\alphaarrow+0}(x^{N}f(x),\theta(x)\operatorname{exp}\{-\alphax^{-1}\}\phi(x))"
491,6ea0ff27f0.png,1,1,100.0,exact,44,44,"Q_{\mathrm{NA}}=\mathrm{diag}\,(-1,0,1,0)\,.","Q_{\mathrm{NA}}=\mathrm{diag}\,(-1,0,1,0)\,.","Q_\mathrm{NA=\mathrm{diag}(-1,0,1,0).","Q_\mathrm{NA=\mathrm{diag}(-1,0,1,0)."
492,2783704ba9.png,1,1,100.0,exact,54,54,t^{\sigma}y=w^{2}w^{1}z^{\sigma}+D_{\mu}j^{\mu\sigma}.,t^{\sigma}y=w^{2}w^{1}z^{\sigma}+D_{\mu}j^{\mu\sigma}.,t^{\sigma}y=w^{2}w^{1}z^{\sigma+D_{\mu}j^{\mu\sigma}.,t^{\sigma}y=w^{2}w^{1}z^{\sigma+D_{\mu}j^{\mu\sigma}.
493,66e8c1de7d.png,1,1,100.0,exact,81,81,"S_{BI}=-\intdtd^{d}rdz\sqrt{-\eta^{AB}\partial_{A}\alpha\cdot\partial_{B}\alpha},","S_{BI}=-\intdtd^{d}rdz\sqrt{-\eta^{AB}\partial_{A}\alpha\cdot\partial_{B}\alpha},","S_{BI=-\intdtd^{d}rdz\sqrt{-\eta^{AB}\partial_{A}\alpha\cdot\partial_{B}\alpha,","S_{BI=-\intdtd^{d}rdz\sqrt{-\eta^{AB}\partial_{A}\alpha\cdot\partial_{B}\alpha,"
494,3a330f2e45.png,0,0,96.269,almost_correct,134,132,"G_{\tilde{\lambda}}(l_{1},l_{2};t_{1}+t_{2})=\sum_{l=1}^{\infty}G_{\tilde{\lambda}}(l_{1},l;t_{1})lG_{\tilde{\lambda}}(l,l_{2};t_{2}),","G_{\tilde{\lambda}}(l_{1},l_{2};t_{1}+t_{2})=\sum_{l=1}^{\infty}G_{\tilde{\lambda}}(l_{1},l;t_{1})lG_{\bar{\lambda}}(l,l_{2};t_{2}),","G_\tilde{\lambda}(l_{1,l_{2};t_{1+t_{2)=\sum_{l=1^{\infty}G_\tilde{\lambda}(l_{1,l;t_{1)lG_\tilde{\lambda}(l,l_{2};t_{2),","G_\tilde{\lambda}(l_{1,l_{2};t_{1+t_{2)=\sum_{l=1^{\infty}G_\tilde{\lambda}(l_{1,l;t_{1)lG_\bar{\lambda}(l,l_{2};t_{2),"
495,40f64360db.png,0,0,83.459,semantic_or_token_error,133,120,"S_{T}[\overline{{\psi}},\psi]=\frac{1}{2}\;g\;\intd^{2}x\;\sum_{b=1}^{N}{j^{(b)}}_{\mu}^{T}(x)\sum_{c=1}^{N}{j^{(c)}}_{\mu}^{T}(x)\;,","S_{T}[\overline{{\psi}},\psi]={\frac{1}{2}}~g~\intd^{2}x~\sum_{b=1}^{N}j^{(b)T}(x)\sum_{c=1}^{N}j^{(c)}{}_{\mu}^{T}(x)~,","S_{T}[\overline{{\psi,\psi]=\frac{1}{2}g\intd^{2}x\sum_{b=1^{N}{j^{(b)_\mu^{T}(x)\sum_{c=1^{N}{j^{(c)_\mu^{T}(x),","S_{T}[\overline{{\psi,\psi]=\frac{1}{2}~g~\intd^{2}x~\sum_{b=1^{N}j^{(b)T}(x)\sum_{c=1^{N}j^{(c)}{_\mu^{T}(x)~,"
496,2a62946cb1.png,0,0,93.182,semantic_or_token_error,44,43,d{\hat{s}}^{2}=Hdy^{2}\pm2dydt+dx^{i}dx^{i}.,d\hat{s}^{2}=Hdy^{2}\pm2dydt+dx^{i}dx^{i}~.,d\hats^{2=Hdy^{2}\pm2dydt+dx^{i}dx^{i}.,d\hats^{2=Hdy^{2}\pm2dydt+dx^{i}dx^{i}~.
497,29f41e359c.png,0,1,95.604,canonical_equivalent,87,91,T(\Phi)=\left(1-\frac{\mu_{ren}^{2}}{1-a}\right)\Phi-\frac{\lambda_{ren}}{1-a}\Phi^{3}.,T(\Phi)=\left(1-{\frac{\mu_{ren}^{2}}{1-a}}\right)\Phi-{\frac{\lambda_{ren}}{1-a}}\Phi^{3}.,T(\Phi)=(1-\frac{\mu_{ren^{2}{1-a)\Phi-\frac{\lambda_{ren}{1-a}\Phi^{3}.,T(\Phi)=(1-\frac{\mu_{ren^{2}{1-a)\Phi-\frac{\lambda_{ren}{1-a}\Phi^{3}.
498,e0d14c459c.png,1,1,100.0,exact,76,76,T_{cs}\sim\frac{1}{g_{s}M}\left(\frac{\rho_{K}}{\alpha^{\prime}}\right)^{2}.,T_{cs}\sim\frac{1}{g_{s}M}\left(\frac{\rho_{K}}{\alpha^{\prime}}\right)^{2}.,T_{cs}\sim\frac{1}{g_{s}M}(\frac{\rho_{K}{\alpha^{\prime)^{2}.,T_{cs}\sim\frac{1}{g_{s}M}(\frac{\rho_{K}{\alpha^{\prime)^{2}.
499,37a317cad2.png,0,1,93.939,canonical_equivalent,99,93,"S\left(\Delta\right)_{MN}=-\delta_{M}\Delta_{N}+\delta_{N}\Delta_{M}\mpC_{MN}^{\;K}\,\Delta_{K}\;\;",S\left(\Delta\right)_{MN}=-\delta_{M}\Delta_{N}+\delta_{N}\Delta_{M}\mpC_{MN}^{\;K}\Delta_{K},S(\Delta)_{MN=-\delta_{M}\Delta_{N+\delta_{N}\Delta_{M}\mpC_{MN^{K}\Delta_{K},S(\Delta)_{MN=-\delta_{M}\Delta_{N+\delta_{N}\Delta_{M}\mpC_{MN^{K}\Delta_{K}
500,56a999171e.png,1,1,100.0,exact,52,52,"V_{R}^{(N)}(g,x)=-2\frac{d}{dx}A_{R}^{(N)}(\nu;x,x).","V_{R}^{(N)}(g,x)=-2\frac{d}{dx}A_{R}^{(N)}(\nu;x,x).","V_R^{(N)}(g,x)=-2\frac{d}{dx}A_R^{(N)}(\nu;x,x).","V_R^{(N)}(g,x)=-2\frac{d}{dx}A_R^{(N)}(\nu;x,x)."
501,3be0e07344.png,0,0,87.838,semantic_or_token_error,65,74,"\bar{B}(r)=[1+o(1)]\operatorname{ln}r,\quad\mathrm{as}r\to\infty.","\bar{B}(r)=[1+o(1)]\operatorname{ln}r,\quad\mathrm{as~}r\rightarrow\infty.","\bar{B}(r)=[1+o(1)]\operatorname{ln}r,\mathrm{as}r\rightarrow\infty.","\bar{B}(r)=[1+o(1)]\operatorname{ln}r,\mathrm{as~}rarrow\infty."
502,4879d24b03.png,1,1,100.0,exact,121,121,\hat{\Phi}(z)_{ij}=A_{ij}\operatorname{exp}\left(\frac{i}{2\pi\alpha^{\prime}}(y_{i}^{I}-y_{j}^{I})g_{IJ}X^{J}(z)\right).,\hat{\Phi}(z)_{ij}=A_{ij}\operatorname{exp}\left(\frac{i}{2\pi\alpha^{\prime}}(y_{i}^{I}-y_{j}^{I})g_{IJ}X^{J}(z)\right).,\hat{\Phi}(z)_{ij=A_{ij}\operatorname{exp}(\frac{i}{2\pi\alpha^{\prime}(y_i^{I-y_j^{I)g_{IJ}X^{J}(z)).,\hat{\Phi}(z)_{ij=A_{ij}\operatorname{exp}(\frac{i}{2\pi\alpha^{\prime}(y_i^{I-y_j^{I)g_{IJ}X^{J}(z)).
503,13fb8475ca.png,0,1,94.286,canonical_equivalent,35,33,180g_{2}{\rho}^{2}+24g_{1}\rho+1=0.,180g_{2}\rho^{2}+24g_{1}\rho+1=0.,180g_{2}\rho^{2+24g_{1}\rho+1=0.,180g_{2}\rho^{2+24g_{1}\rho+1=0.
504,745cccde5b.png,0,0,86.885,semantic_or_token_error,61,57,"Q(G^{*},{\calR})=\bigsqcup_{\alpha\inA}Q_{\alpha}(G,{\calR}).","Q(G^{*},{\calR})=\prod_{\alpha\inA}Q_{\alpha}(G,{\calR}).","Q(G^{*,{\calR)=\bigsqcup_{\alpha\inA}Q_{\alpha}(G,{\calR).","Q(G^{*,{\calR)=\prod_{\alpha\inA}Q_{\alpha}(G,{\calR)."
505,361cc899df.png,1,1,100.0,exact,67,67,0=P_{\mu}P_{\mu}\psi^{(j)}\psi^{(j)}+m^{2}c^{2}\psi^{(j)}\psi^{(j)},0=P_{\mu}P_{\mu}\psi^{(j)}\psi^{(j)}+m^{2}c^{2}\psi^{(j)}\psi^{(j)},0=P_{\mu}P_{\mu}\psi^{(j)}\psi^{(j)+m^{2}c^{2}\psi^{(j)}\psi^{(j)},0=P_{\mu}P_{\mu}\psi^{(j)}\psi^{(j)+m^{2}c^{2}\psi^{(j)}\psi^{(j)}
506,38da3bad29.png,1,1,100.0,exact,117,117,ds_{10}^{2}=\Lambda^{\frac{1}{2}}(-dt^{2}+d\rho^{2}+dy_{i}dy^{i})+\Lambda^{-\frac{1}{2}}\rho^{2}d\widetilde{\phi}^{2},ds_{10}^{2}=\Lambda^{\frac{1}{2}}(-dt^{2}+d\rho^{2}+dy_{i}dy^{i})+\Lambda^{-\frac{1}{2}}\rho^{2}d\widetilde{\phi}^{2},ds_{10^{2=\Lambda^\frac{1}{2}(-dt^{2+d\rho^{2+dy_{i}dy^{i)+\Lambda^{-\frac{1}{2}\rho^{2}d\widetilde\phi^{2},ds_{10^{2=\Lambda^\frac{1}{2}(-dt^{2+d\rho^{2+dy_{i}dy^{i)+\Lambda^{-\frac{1}{2}\rho^{2}d\widetilde\phi^{2}
507,77a54b6e1c.png,0,0,86.667,semantic_or_token_error,30,26,"Q_{+}{v}={v}^{\dagger}Q_{-}=0,","Q_{+}v=v^{\dagger}Q_{-}=0,","Q_{+}{v=v^{\dagger}Q_{-=0,","Q_{+}v=v^{\dagger}Q_{-=0,"
508,38b8da555e.png,0,1,97.849,canonical_equivalent,93,93,"\delta_{\epsilon}Q^{a}=R_{\;b}^{a}\left(Q\right)Z_{\;b_{1}}^{b}\overline{{\epsilon}}^{b_{1}},","\delta_{\epsilon}Q^{a}=R_{\,b}^{a}\left(Q\right)Z_{\,b_{1}}^{b}\overline{{\epsilon}}^{b_{1}},","\delta_{\epsilon}Q^{a=R_b^{a}(Q)Z_{b_1^{b}\overline{\epsilon^{b_{1,","\delta_{\epsilon}Q^{a=R_b^{a}(Q)Z_{b_1^{b}\overline{\epsilon^{b_{1,"
509,76af483ca6.png,0,0,73.81,semantic_or_token_error,42,40,"A\sb\mu=-\frac{1}{2}F\sb{\mu\nu}x\sp\nu\,,","A_{\mu}=-\frac{1}{2}F_{\mu\nu}x^{\nu}\,,","A\sb\mu=-\frac{1}{2}F\sb{\mu\nu}x\sp\nu,","A_{\mu=-\frac{1}{2}F_{\mu\nu}x^{\nu,"
510,b38dd6e685.png,0,0,96.35,almost_correct,137,132,"t^{-1}=(1+r^{2}/4L^{2})^{2}\delta^{\mathrm{ij}}{\frac{\partial}{\partialx^{\mathrm{i}}}}\otimes{\frac{\partial}{\partialx^{\mathrm{j}}}},","t^{-1}=(1+r^{2}/4L^{2})^{2}\delta^{\mathrm{i}}\frac{\partial}{\partialx^{\mathrm{i}}}\otimes\frac{\partial}{\partialx^{\mathrm{j}}},","t^{-1=(1+r^{2}/4L^{2)^{2}\delta^\mathrm{ij}\frac{\partial}{\partialx^\mathrm{i}\otimes\frac{\partial}{\partialx^\mathrm{j,","t^{-1=(1+r^{2}/4L^{2)^{2}\delta^\mathrm{i}\frac{\partial}{\partialx^\mathrm{i}\otimes\frac{\partial}{\partialx^\mathrm{j,"
511,6a0b6d7601.png,1,1,100.0,exact,41,41,\tilde{\omega}=\frac{\sqrt{x}}{1+x/x_{c}},\tilde{\omega}=\frac{\sqrt{x}}{1+x/x_{c}},\tilde{\omega=\frac\sqrt{x}{1+x/x_{c},\tilde{\omega=\frac\sqrt{x}{1+x/x_{c}
512,5b97f8454d.png,0,1,97.468,canonical_equivalent,79,77,"\deltaA_{\pm}=D_{\pm}(F\eta)=\pm{\frac{1}{\rho}}\partial_{\pm}(F\rho\eta/\tau),","\deltaA_{\pm}=D_{\pm}(F\eta)=\pm\frac{1}{\rho}\partial_{\pm}(F\rho\eta/\tau),","\deltaA_{\pm=D_{\pm}(F\eta)=\pm\frac{1}{\rho}\partial_{\pm}(F\rho\eta/\tau),","\deltaA_{\pm=D_{\pm}(F\eta)=\pm\frac{1}{\rho}\partial_{\pm}(F\rho\eta/\tau),"
513,584ac31caa.png,0,0,98.413,almost_correct,124,126,\frac{Q_{t-1}(u_{j}^{t}+2)Q_{t}(u_{j}^{t}-2)Q_{t+1}(u_{j}^{t})}{Q_{t-1}(u_{j}^{t})Q_{t}(u_{j}^{t}+2)Q_{t+1}(u_{j}^{t}-2)}=-1,{\frac{Q_{t-1}(u_{j}^{t}+2)Q_{t}(u_{j}^{t}-2)Q_{t+1}(u_{j}^{t})}{Q_{t-1}(u_{j}^{t})}Q_{t}(u_{j}^{t}+2)Q_{t+1}(u_{j}^{t}-2)}=-1,\frac{Q_{t-1}(u_j^{t+2)Q_{t}(u_j^{t-2)Q_{t+1}(u_j^{t)}{Q_{t-1}(u_j^{t)Q_{t}(u_j^{t+2)Q_{t+1}(u_j^{t-2)=-1,\frac{Q_{t-1}(u_j^{t+2)Q_{t}(u_j^{t-2)Q_{t+1}(u_j^{t)}{Q_{t-1}(u_j^{t)}Q_{t}(u_j^{t+2)Q_{t+1}(u_j^{t-2)=-1
514,32b421d799.png,1,1,100.0,exact,65,65,Q_{1}=Q_{2}=\left(\begin{array}{ccc}{w}&{}&{}\\end{array}\right).,Q_{1}=Q_{2}=\left(\begin{array}{ccc}{w}&{}&{}\\end{array}\right).,Q_{1=Q_{2=(\begin{array}{ccc}{w}&{}&{}\\end{array).,Q_{1=Q_{2=(\begin{array}{ccc}{w}&{}&{}\\end{array).
515,2abcbf56b5.png,0,0,82.963,semantic_or_token_error,135,114,\vec{S}=-{\frac{1}{4}}M\overline{{\epsilon}}\vec{\gamma}i\gamma^{5}[1+(\operatorname{tanh}\gamma)\gamma^{0}\hat{n}\cdot\Gamma]\epsilon.,\vec{S}=-\frac{1}{4}M\bar{\epsilon}i\gamma^{5}[1+(\operatorname{tanh}\gamma)\gamma^{0}\hat{n}\cdot\Gamma]\epsilon.,\vec{S=-\frac{1}{4}M\overline{{\epsilon}\vec{\gamma}i\gamma^{5}[1+(\operatorname{tanh}\gamma)\gamma^{0}\hat{n}\cdot\Gamma]\epsilon.,\vec{S=-\frac{1}{4}M\bar{\epsilon}i\gamma^{5}[1+(\operatorname{tanh}\gamma)\gamma^{0}\hat{n}\cdot\Gamma]\epsilon.
516,3f1f08abc2.png,1,1,100.0,exact,97,97,"<L_{1}^{\pm},T_{2}T_{3}\ldotsT_{n}>:={\calR}_{12}^{\pm}{\calR}_{13}^{\pm}\ldots{\calR}_{1n}^{\pm}","<L_{1}^{\pm},T_{2}T_{3}\ldotsT_{n}>:={\calR}_{12}^{\pm}{\calR}_{13}^{\pm}\ldots{\calR}_{1n}^{\pm}","<L_1^{\pm,T_{2}T_{3}\ldotsT_{n}>:=\calR_{12^{\pm}\calR_{13^{\pm}\ldots\calR_{1n^{\pm}","<L_1^{\pm,T_{2}T_{3}\ldotsT_{n}>:=\calR_{12^{\pm}\calR_{13^{\pm}\ldots\calR_{1n^{\pm}"
517,17c358fafd.png,0,1,97.938,canonical_equivalent,95,97,G_{\mu\nu}=-\Lambdag_{\mu\nu}+8\piGT_{\mu\nu}+\frac{48\piG}{\lambda}S_{\mu\nu}-{\calE}_{\mu\nu},G_{\mu\nu}=-\Lambdag_{\mu\nu}+8\piGT_{\mu\nu}+{\frac{48\piG}{\lambda}}S_{\mu\nu}-{\calE}_{\mu\nu},G_{\mu\nu=-\Lambdag_{\mu\nu+8\piGT_{\mu\nu+\frac{48\piG}{\lambda}S_{\mu\nu-\calE_{\mu\nu},G_{\mu\nu=-\Lambdag_{\mu\nu+8\piGT_{\mu\nu+\frac{48\piG}{\lambda}S_{\mu\nu-\calE_{\mu\nu}
518,5720095c49.png,1,1,100.0,exact,111,111,"\delta\phi=e^{-i\omegat}e^{im\varphi}e^{iK_{i}x^{i}}Y_{l^{\prime}}(\theta_{1},\theta_{2},\theta_{3})\psi(\rho).","\delta\phi=e^{-i\omegat}e^{im\varphi}e^{iK_{i}x^{i}}Y_{l^{\prime}}(\theta_{1},\theta_{2},\theta_{3})\psi(\rho).","\delta\phi=e^{-i\omegat}e^{im\varphi}e^{iK_{i}x^{i}Y_{l^{\prime}(\theta_{1,\theta_{2,\theta_{3)\psi(\rho).","\delta\phi=e^{-i\omegat}e^{im\varphi}e^{iK_{i}x^{i}Y_{l^{\prime}(\theta_{1,\theta_{2,\theta_{3)\psi(\rho)."
519,20fc976de8.png,0,0,91.919,semantic_or_token_error,198,192,"{\calV}(x_{0},\theta_{0},\bar{\beta},\bar{\zeta},\bar{\omega},\rho)=e^{iPx_{0}}e^{-iQ\theta_{0}}e^{-i\bar{S}\bar{\beta}}e^{-i\bar{Q}\bar{\zeta}}e^{i\bar{M}\bar{\omega}}e^{iD\operatorname{ln}\rho}\,.","{\calV}(x_{0},\theta_{0},\bar{\beta},\bar{\zeta},\bar{\phi},\rho)=e^{iP_{x}}e^{-iQ\theta_{0}}e^{-i\bar{S}\bar{\beta}}e^{-i\bar{Q}\bar{\zeta}}e^{i\bar{M}\tilde{c}}e^{iD\operatorname{ln}\rho}\,.","{\calV}(x_{0,\theta_{0,\bar{\beta,\bar{\zeta,\bar{\omega,\rho)=e^{iPx_{0}e^{-iQ\theta_{0}e^{-i\bar{S}\bar{\beta}e^{-i\bar{Q}\bar{\zeta}e^{i\bar{M}\bar{\omega}e^{iD\operatorname{ln}\rho}.","{\calV}(x_{0,\theta_{0,\bar{\beta,\bar{\zeta,\bar{\phi,\rho)=e^{iP_{x}e^{-iQ\theta_{0}e^{-i\bar{S}\bar{\beta}e^{-i\bar{Q}\bar{\zeta}e^{i\bar{M}\tilde{c}e^{iD\operatorname{ln}\rho}."
520,15e750f57c.png,0,0,98.496,almost_correct,133,131,"N=n_{1}^{2}+\cdots+n_{k-1}^{2}+n_{i}+\cdots+n_{k-1}+\sum_{j=1}^{k-2}\sum_{p=1}^{n_{j}-n_{j+1}}a_{p}^{(j)}+2\sum_{p=1}^{n_{k-1}}b_{p},","N=n_{1}^{2}+\cdots+n_{k-1}^{2}+n_{i}+\cdots+n_{k-1}+\sum_{j=1}^{k-2}\sum_{p=1}^{n_{j}-n_{j+1}}a_{p}^{(j)}+2\sum_{p=1}^{n_{1}}b_{p},","N=n_1^{2+\cdots+n_{k-1^{2+n_{i+\cdots+n_{k-1+\sum_{j=1^{k-2}\sum_{p=1^{n_{j-n_{j+1}a_p^{(j)+2\sum_{p=1^{n_{k-1}b_{p,","N=n_1^{2+\cdots+n_{k-1^{2+n_{i+\cdots+n_{k-1+\sum_{j=1^{k-2}\sum_{p=1^{n_{j-n_{j+1}a_p^{(j)+2\sum_{p=1^{n_{1}b_{p,"
521,6c41c59c0d.png,1,1,100.0,exact,85,85,x=\sqrt{\frac{a(1-\varepsilon^{2})}{1+\varepsilon\operatorname{cos}(2\theta_{d-2})}}.,x=\sqrt{\frac{a(1-\varepsilon^{2})}{1+\varepsilon\operatorname{cos}(2\theta_{d-2})}}.,x=\sqrt\frac{a(1-\varepsilon^{2)}{1+\varepsilon\operatorname{cos}(2\theta_{d-2)}.,x=\sqrt\frac{a(1-\varepsilon^{2)}{1+\varepsilon\operatorname{cos}(2\theta_{d-2)}.
522,178617d3db.png,0,0,92.5,semantic_or_token_error,80,75,"\Phi(v_{0},v_{1},v_{2})\colonV(v_{0},v_{1},v_{2})\to\tilde{V}(v_{0},v_{1},v_{2})","\Phi(v_{0},v_{1},v_{2}):V(v_{0},v_{1},v_{2})\to\tilde{V}(v_{0},v_{1},v_{2})","\Phi(v_{0,v_{1,v_{2)\colonV(v_{0,v_{1,v_{2)\rightarrow\tilde{V}(v_{0,v_{1,v_{2)","\Phi(v_{0,v_{1,v_{2):V(v_{0,v_{1,v_{2)\rightarrow\tilde{V}(v_{0,v_{1,v_{2)"
523,270b89d2e1.png,1,1,100.0,exact,47,47,{\calP}_{YX}(YX)=\sum_{k=0}^{n}a_{k}(YX)^{k}=0.,{\calP}_{YX}(YX)=\sum_{k=0}^{n}a_{k}(YX)^{k}=0.,\calP_{YX}(YX)=\sum_{k=0^{n}a_{k}(YX)^{k=0.,\calP_{YX}(YX)=\sum_{k=0^{n}a_{k}(YX)^{k=0.
524,6c1b4d41d5.png,0,0,81.25,semantic_or_token_error,32,32,"\Phi\equiv\chi^{-1}~\phi~\chi,\;","\Phi\equiv\chi^{-1}\;\phi\;\chi,","\Phi\equiv\chi^{-1}~\phi~\chi,","\Phi\equiv\chi^{-1}\phi\chi,"
525,7ed2e7277c.png,1,1,100.0,exact,41,41,M^{9}\timesS_{R^{11}}^{SS}\timesS_{R}^{1},M^{9}\timesS_{R^{11}}^{SS}\timesS_{R}^{1},M^{9}\timesS_{R^{11^{SS}\timesS_R^{1},M^{9}\timesS_{R^{11^{SS}\timesS_R^{1}
526,17576cff3e.png,1,1,100.0,exact,104,104,"(\cdot,\cdot)=(\cdot,\eta^{\prime}\cdot)_{+}\qquad,\quad\mathrm{with}\quad\eta^{\prime}=(-1)^{N_{\chi}},","(\cdot,\cdot)=(\cdot,\eta^{\prime}\cdot)_{+}\qquad,\quad\mathrm{with}\quad\eta^{\prime}=(-1)^{N_{\chi}},","(\cdot,\cdot)=(\cdot,\eta^{\prime}\cdot)_{+,\mathrm{with}\eta^{\prime=(-1)^{N_{\chi,","(\cdot,\cdot)=(\cdot,\eta^{\prime}\cdot)_{+,\mathrm{with}\eta^{\prime=(-1)^{N_{\chi,"
527,7ff77e5d27.png,0,0,96.241,almost_correct,131,133,|\rho\rangle=X_{1}(x^{1})|0\rangle+Y_{1}^{a}(x^{1})\bar{\xi}_{a}^{1}|0\rangle+Z_{1}(x^{1})\bar{\xi}_{a}^{1}\bar{\xi}^{a1}|0\rangle.,|\rho\rangle=X_{1}(x^{1})|0\rangle+Y_{1}^{a}(x^{1})\tilde{\xi}_{a}^{1}|0\rangle+Z_{1}(x^{1})\bar{\xi}_{a}^{1}\bar{\xi}^{a1}|0\rangle.,|\rho\rangle=X_{1}(x^{1)|0\rangle+Y_1^{a}(x^{1)\bar\xi_a^{1}|0\rangle+Z_{1}(x^{1)\bar\xi_a^{1}\bar\xi^{a1}|0\rangle.,|\rho\rangle=X_{1}(x^{1)|0\rangle+Y_1^{a}(x^{1)\tilde\xi_a^{1}|0\rangle+Z_{1}(x^{1)\bar\xi_a^{1}\bar\xi^{a1}|0\rangle.
528,4adce299c1.png,0,1,97.183,canonical_equivalent,71,69,<\psi_{\mu}(\tau)\psi_{\nu}(\tau)>_{\psi}={\frac{1}{2}}\delta_{\mu\nu}.,<\psi_{\mu}(\tau)\psi_{\nu}(\tau)>_{\psi}=\frac{1}{2}\delta_{\mu\nu}.,<\psi_{\mu}(\tau)\psi_{\nu}(\tau)>_{\psi=\frac{1}{2}\delta_{\mu\nu}.,<\psi_{\mu}(\tau)\psi_{\nu}(\tau)>_{\psi=\frac{1}{2}\delta_{\mu\nu}.
529,39b32d2d14.png,1,1,100.0,exact,82,82,"H=-i\alpha^{\mu}(x)[\partial_{\mu}+\frac{i}{2}\omega_{\mu}(x)-iV_{\mu}(x)]+\betam,","H=-i\alpha^{\mu}(x)[\partial_{\mu}+\frac{i}{2}\omega_{\mu}(x)-iV_{\mu}(x)]+\betam,","H=-i\alpha^{\mu}(x)[\partial_{\mu+\frac{i}{2}\omega_{\mu}(x)-iV_{\mu}(x)]+\betam,","H=-i\alpha^{\mu}(x)[\partial_{\mu+\frac{i}{2}\omega_{\mu}(x)-iV_{\mu}(x)]+\betam,"
530,6d6b06444f.png,1,1,100.0,exact,65,65,"{\bf7}\otimes{\bf7}={\bf1}\oplus{\bf7}\oplus{\bf14}\oplus{\bf27},","{\bf7}\otimes{\bf7}={\bf1}\oplus{\bf7}\oplus{\bf14}\oplus{\bf27},","{\bf7}\otimes{\bf7={\bf1}\oplus{\bf7}\oplus{\bf14}\oplus{\bf27,","{\bf7}\otimes{\bf7={\bf1}\oplus{\bf7}\oplus{\bf14}\oplus{\bf27,"
531,49d3cb7882.png,1,1,100.0,exact,38,38,"\rho(\{x_{j}^{(b)}\},\{y_{j}^{(b)}\})=","\rho(\{x_{j}^{(b)}\},\{y_{j}^{(b)}\})=","\rho(\{x_j^{(b)}\,\{y_j^{(b)}\)=","\rho(\{x_j^{(b)}\,\{y_j^{(b)}\)="
532,7eb5d3a133.png,0,0,96.396,almost_correct,111,107,\partial_{[\mu}F_{~~~~\rho\sigma]}^{(K)}=\partial_{[\mu}F_{\pm\rho\sigma]}=\partial_{[\mu}H_{\pm\rho\sigma]}=0.,\partial_{[\mu}F_{\rho\sigma]}^{(K)}=\partial_{[\mu}F_{\pm\rho\sigma]}=\partial_{[\mu}H_{\pm\rho\sigma]}=0.,\partial_{[\mu}F_{~~~~\rho\sigma]^{(K)=\partial_{[\mu}F_{\pm\rho\sigma]=\partial_{[\mu}H_{\pm\rho\sigma]=0.,\partial_{[\mu}F_{\rho\sigma]^{(K)=\partial_{[\mu}F_{\pm\rho\sigma]=\partial_{[\mu}H_{\pm\rho\sigma]=0.
533,2a0111343c.png,1,1,100.0,exact,39,39,"C=L_{0}^{2}-\frac{1}{2}\{L_{1},L_{-1}\}","C=L_{0}^{2}-\frac{1}{2}\{L_{1},L_{-1}\}","C=L_0^{2-\frac{1}{2}\{L_{1,L_{-1}\}","C=L_0^{2-\frac{1}{2}\{L_{1,L_{-1}\}"
534,42e7152718.png,1,1,100.0,exact,135,135,"e_{a}^{\mu}=\frac{\partialx^{\mu}}{\partialu^{a}}=Y_{,a}^{\mu}+\xi^{i}K_{a}^{ib}Y_{,b}^{\mu}+\epsilon^{ij}\omega_{a}\xi^{i}n_{j}^{\mu}.","e_{a}^{\mu}=\frac{\partialx^{\mu}}{\partialu^{a}}=Y_{,a}^{\mu}+\xi^{i}K_{a}^{ib}Y_{,b}^{\mu}+\epsilon^{ij}\omega_{a}\xi^{i}n_{j}^{\mu}.","e_a^{\mu=\frac{\partialx^{\mu}{\partialu^{a=Y_{,a^{\mu+\xi^{i}K_a^{ib}Y_{,b^{\mu+\epsilon^{ij}\omega_{a}\xi^{i}n_j^{\mu}.","e_a^{\mu=\frac{\partialx^{\mu}{\partialu^{a=Y_{,a^{\mu+\xi^{i}K_a^{ib}Y_{,b^{\mu+\epsilon^{ij}\omega_{a}\xi^{i}n_j^{\mu}."
535,72ca1d4680.png,0,0,82.576,semantic_or_token_error,132,118,"{\calS}(x_{1},x_{2})=\left.\frac{1}{i^{2}}\frac{\delta^{2}Z}{\delta\eta(x_{1})\delta\bar{\eta}(x_{2})}\right|_{J=\eta=\bar{\eta}=0}.","{\calS}(x_{1},x_{2})={\frac{1}{i^{2}}}{\frac{\delta^{2}Z}{\delta\eta(x_{1})\delta\bar{\eta}(x_{2})}}\bigg|_{J=\eta=0}.","{\calS}(x_{1,x_{2)=.\frac{1}{i^{2}\frac{\delta^{2}Z}{\delta\eta(x_{1)\delta\bar{\eta}(x_{2)}|_{J=\eta=\bar{\eta=0}.","{\calS}(x_{1,x_{2)=\frac{1}{i^{2}\frac{\delta^{2}Z}{\delta\eta(x_{1)\delta\bar{\eta}(x_{2)}\bigg|_{J=\eta=0}."
536,8488088129.png,0,1,93.893,canonical_equivalent,131,123,"I_{\beta}^{(\pm)}(\psi;\,k)=\pm\frac{1}{2\pii}\int_{0}^{\infty}dk\,^{\prime}\,\frac{\psi(k\,^{\prime})}{k\,^{\prime}-(k\pmi\beta)},","I_{\beta}^{(\pm)}(\psi;k)=\pm\frac{1}{2\pii}\int_{0}^{\infty}dk^{\prime}\,\frac{\psi(k^{\prime})}{k^{\prime}-(k\pmi\beta)},","I_\beta^{(\pm)}(\psi;k)=\pm\frac{1}{2\pii}\int_0^{\infty}dk^{\prime}\frac{\psi(k^{\prime)}{k^{\prime-(k\pmi\beta),","I_\beta^{(\pm)}(\psi;k)=\pm\frac{1}{2\pii}\int_0^{\infty}dk^{\prime}\frac{\psi(k^{\prime)}{k^{\prime-(k\pmi\beta),"
537,6231acd2cb.png,0,0,78.771,semantic_or_token_error,179,158,"b_{0}^{\ast}(\overline{{K}},t)b_{0}^{\ast}(\overline{{P}},t)|0\rangle=\int\int\overline{{\kappa}}_{\overline{{K}},\overline{{P}}}^{(+)}(K,P)b^{\ast}(K,t)b^{\ast}(P,t)|0\rangledKdP","b_{0}^{*}(\overline{{K}},t)b_{0}^{*}(\overline{{P}},t)|0\rangle=\int\int\int\int{\overline{\kappa},\overline{{P}}}^{(+)}(K,P)b^{*}(K,t)b^{*}(P,t)|0\rangledKdP","b_0^{\ast}(\overline{{K,t)b_0^{\ast}(\overline{{P,t)|0\rangle=\int\int\overline{\kappa_{\overline{{K,\overline{P^{(+)}(K,P)b^{\ast}(K,t)b^{\ast}(P,t)|0\rangledKdP","b_0^{*}(\overline{{K,t)b_0^{*}(\overline{{P,t)|0\rangle=\int\int\int\int{\overline{\kappa,\overline{P^{(+)}(K,P)b^{*}(K,t)b^{*}(P,t)|0\rangledKdP"
538,78b4118030.png,1,1,100.0,exact,162,162,"ds^{2}=\left(\frac{r}{R_{0}}\right)^{2(d_{\perp}-2)/(p+1)}dx^{\mu}\otimesdx^{\nu}\,\eta_{\mu\nu}+\left(\frac{R_{0}}{r}\right)^{2}dy^{I}\otimesdy^{J}\,\delta_{IJ}.","ds^{2}=\left(\frac{r}{R_{0}}\right)^{2(d_{\perp}-2)/(p+1)}dx^{\mu}\otimesdx^{\nu}\,\eta_{\mu\nu}+\left(\frac{R_{0}}{r}\right)^{2}dy^{I}\otimesdy^{J}\,\delta_{IJ}.",ds^{2=(\frac{r}{R_{0)^{2(d_{\perp-2)/(p+1)}dx^{\mu}\otimesdx^{\nu}\eta_{\mu\nu+(\frac{R_{0}{r)^{2}dy^{I}\otimesdy^{J}\delta_{IJ}.,ds^{2=(\frac{r}{R_{0)^{2(d_{\perp-2)/(p+1)}dx^{\mu}\otimesdx^{\nu}\eta_{\mu\nu+(\frac{R_{0}{r)^{2}dy^{I}\otimesdy^{J}\delta_{IJ}.
539,4c23cf706f.png,1,1,100.0,exact,56,56,"[x,[y,y^{\prime}]]=[[x,y],y^{\prime}]-[[x,y^{\prime}],y]","[x,[y,y^{\prime}]]=[[x,y],y^{\prime}]-[[x,y^{\prime}],y]","[x,[y,y^{\prime]]=[[x,y],y^{\prime]-[[x,y^{\prime],y]","[x,[y,y^{\prime]]=[[x,y],y^{\prime]-[[x,y^{\prime],y]"
540,48403f5816.png,1,1,100.0,exact,166,166,-\delta^{ab}C_{1}C_{2}{\frac{1}{16}}{\frac{g^{4}}{p^{2}}}\Lambda^{3-\omega}\int{\frac{d^{\omega}k}{(2\pi)^{\omega}}}{\frac{p^{2}k^{2}-(k\cdotp)^{2}}{k^{3}(k+p)^{2}}}.,-\delta^{ab}C_{1}C_{2}{\frac{1}{16}}{\frac{g^{4}}{p^{2}}}\Lambda^{3-\omega}\int{\frac{d^{\omega}k}{(2\pi)^{\omega}}}{\frac{p^{2}k^{2}-(k\cdotp)^{2}}{k^{3}(k+p)^{2}}}.,-\delta^{ab}C_{1}C_{2}\frac{1}{16}\frac{g^{4}{p^{2}\Lambda^{3-\omega}\int\frac{d^{\omega}k}{(2\pi)^{\omega}\frac{p^{2}k^{2-(k\cdotp)^{2}{k^{3}(k+p)^{2}.,-\delta^{ab}C_{1}C_{2}\frac{1}{16}\frac{g^{4}{p^{2}\Lambda^{3-\omega}\int\frac{d^{\omega}k}{(2\pi)^{\omega}\frac{p^{2}k^{2-(k\cdotp)^{2}{k^{3}(k+p)^{2}.
541,4474515d24.png,1,1,100.0,exact,131,131,\Phi_{0}=R\sqrt{\frac{2}{N(N^{2}-1)}}\left(\begin{array}{ll}{n{\bf1}_{n+1}}&{{\bf0}}\{{\bf0}}&{-(n+1){\bf1}_{n}}\\end{array}\right),\Phi_{0}=R\sqrt{\frac{2}{N(N^{2}-1)}}\left(\begin{array}{ll}{n{\bf1}_{n+1}}&{{\bf0}}\{{\bf0}}&{-(n+1){\bf1}_{n}}\\end{array}\right),\Phi_{0=R\sqrt\frac{2}{N(N^{2-1)}(\begin{array}{ll}{n{\bf1_{n+1}&{{\bf0}\{{\bf0}&{-(n+1){\bf1_{n}\\end{array),\Phi_{0=R\sqrt\frac{2}{N(N^{2-1)}(\begin{array}{ll}{n{\bf1_{n+1}&{{\bf0}\{{\bf0}&{-(n+1){\bf1_{n}\\end{array)
542,42296eb517.png,1,1,100.0,exact,85,85,\mathrm{\boldmath~\sigma~}\cdot\mathrm{\boldmath~n~}(x)=S(x)\sigma^{3}S^{\dagger}(x).,\mathrm{\boldmath~\sigma~}\cdot\mathrm{\boldmath~n~}(x)=S(x)\sigma^{3}S^{\dagger}(x).,\mathrm{\boldmath~\sigma~}\cdot\mathrm{\boldmath~n~}(x)=S(x)\sigma^{3}S^{\dagger}(x).,\mathrm{\boldmath~\sigma~}\cdot\mathrm{\boldmath~n~}(x)=S(x)\sigma^{3}S^{\dagger}(x).
543,6a25219076.png,0,0,94.631,semantic_or_token_error,149,148,\frac{d^{2}v}{dt^{2}}=\biggl(\frac{1}{2v}+\frac{1}{v-1}\biggr)\biggl(\frac{dv}{dt}\biggr)^{2}-\frac{1}{t}\frac{dv}{dt}-\frac{1}{2}\frac{v(v+1)}{v-1}.,\frac{d^{2}v}{dt^{2}}=\left(\frac{1}{2v}+\frac{1}{v-1}\right)\biggl(\frac{dv}{dt}\biggr)^{2}-\frac{1}{t}\frac{dv}{dt}-\frac{1}{2}\frac{v(v+1)}{v-1}.,\frac{d^{2}v}{dt^{2=\biggl(\frac{1}{2v+\frac{1}{v-1}\biggr)\biggl(\frac{dv}{dt}\biggr)^{2-\frac{1}{t}\frac{dv}{dt-\frac{1}{2}\frac{v(v+1)}{v-1}.,\frac{d^{2}v}{dt^{2=(\frac{1}{2v+\frac{1}{v-1)\biggl(\frac{dv}{dt}\biggr)^{2-\frac{1}{t}\frac{dv}{dt-\frac{1}{2}\frac{v(v+1)}{v-1}.
544,18d23bfa0a.png,0,0,86.667,semantic_or_token_error,82,90,"\gamma_{1,2}^{res}\left({\bfC}^{II}\right)=\pm\Delta\gamma\left({\bfC}^{II}\right)","\gamma_{1,2}^{res}\left(\mathbf{C}^{II}\right)=\pm\Delta\gamma\left(\mathbf{C}^{II}\right)","\gamma_{1,2^{res}(\bfC^{II)=\pm\Delta\gamma(\bfC^{II)","\gamma_{1,2^{res}(\mathbfC^{II)=\pm\Delta\gamma(\mathbfC^{II)"
545,5eb378089d.png,1,1,100.0,exact,99,99,"b_{l}(r)=\alpha_{1,l}{\frac{I_{l+3/2}(Mr)}{\sqrt{r}}}+\alpha_{2,l}{\frac{I_{l-1/2}(Mr)}{\sqrt{r}}},","b_{l}(r)=\alpha_{1,l}{\frac{I_{l+3/2}(Mr)}{\sqrt{r}}}+\alpha_{2,l}{\frac{I_{l-1/2}(Mr)}{\sqrt{r}}},","b_{l}(r)=\alpha_{1,l}\frac{I_{l+3/2}(Mr)}\sqrt{r+\alpha_{2,l}\frac{I_{l-1/2}(Mr)}\sqrt{r,","b_{l}(r)=\alpha_{1,l}\frac{I_{l+3/2}(Mr)}\sqrt{r+\alpha_{2,l}\frac{I_{l-1/2}(Mr)}\sqrt{r,"
546,7f459ac52b.png,0,1,95.413,canonical_equivalent,104,109,"e^{-\frac{1}{2}(1+\lambda)t^{2}+(1+\lambda)tu}=\sum_{n=0}^{+\infty}\,\frac{t^{n}}{n!}\,P_{n}(u;\lambda),","e^{-\frac{1}{2}(1+\lambda)t^{2}+(1+\lambda)tu}=\sum_{n=0}^{+\infty}\,\frac{t^{n}}{n!}\,P_{n}(u;\lambda)\quad,","e^{-\frac{1}{2}(1+\lambda)t^{2+(1+\lambda)tu=\sum_{n=0^{+\infty}\frac{t^{n}{n!}P_{n}(u;\lambda),","e^{-\frac{1}{2}(1+\lambda)t^{2+(1+\lambda)tu=\sum_{n=0^{+\infty}\frac{t^{n}{n!}P_{n}(u;\lambda),"
547,33b2cf8a5c.png,1,1,100.0,exact,128,128,"V(\Phi)=-m^{2}\mathrm{Tr}(\Phi^{2})+h[\mathrm{Tr}(\Phi^{2})]^{2}+\lambda\mathrm{Tr}(\Phi^{4})+\gamma\mathrm{Tr}(\Phi^{3})-V_{0},","V(\Phi)=-m^{2}\mathrm{Tr}(\Phi^{2})+h[\mathrm{Tr}(\Phi^{2})]^{2}+\lambda\mathrm{Tr}(\Phi^{4})+\gamma\mathrm{Tr}(\Phi^{3})-V_{0},","V(\Phi)=-m^{2}\mathrm{Tr}(\Phi^{2)+h[\mathrm{Tr}(\Phi^{2)]^{2+\lambda\mathrm{Tr}(\Phi^{4)+\gamma\mathrm{Tr}(\Phi^{3)-V_{0,","V(\Phi)=-m^{2}\mathrm{Tr}(\Phi^{2)+h[\mathrm{Tr}(\Phi^{2)]^{2+\lambda\mathrm{Tr}(\Phi^{4)+\gamma\mathrm{Tr}(\Phi^{3)-V_{0,"
548,1d95d47bb3.png,1,1,100.0,exact,134,134,(\delta_{ab}\partial^{\mu}+gf_{abc}A_{c}^{\mu})(\partial_{\mu}A_{\nu}^{b}-\partial_{\nu}A_{\mu}^{b}+gf_{bde}A_{\mu}^{d}A_{\nu}^{e})=0.,(\delta_{ab}\partial^{\mu}+gf_{abc}A_{c}^{\mu})(\partial_{\mu}A_{\nu}^{b}-\partial_{\nu}A_{\mu}^{b}+gf_{bde}A_{\mu}^{d}A_{\nu}^{e})=0.,(\delta_{ab}\partial^{\mu+gf_{abc}A_c^{\mu)(\partial_{\mu}A_\nu^{b-\partial_{\nu}A_\mu^{b+gf_{bde}A_\mu^{d}A_\nu^{e)=0.,(\delta_{ab}\partial^{\mu+gf_{abc}A_c^{\mu)(\partial_{\mu}A_\nu^{b-\partial_{\nu}A_\mu^{b+gf_{bde}A_\mu^{d}A_\nu^{e)=0.
549,7258bd1cf6.png,0,1,97.333,canonical_equivalent,75,73,"\tilde{F}_{\mu\nu}=q\varepsilon_{\mu\nu\lambda}\,\frac{x_{\lambda}}{r^{3}}.",\tilde{F}_{\mu\nu}=q\varepsilon_{\mu\nu\lambda}\frac{x_{\lambda}}{r^{3}}.,\tildeF_{\mu\nu=q\varepsilon_{\mu\nu\lambda}\frac{x_{\lambda}{r^{3}.,\tildeF_{\mu\nu=q\varepsilon_{\mu\nu\lambda}\frac{x_{\lambda}{r^{3}.
550,745a772c6b.png,0,0,96.503,almost_correct,141,143,"\tilde{a}_{n}(\omega)=\sum_{m=0}^{\infty}\tilde{a}_{2m,n}\omega^{2m},~~~\tilde{b}_{n}(\omega)=\sum_{m=0}^{\infty}\tilde{b}_{2m,n}\omega^{2m},","\tilde{a}_{n}(\omega)=\sum_{m=0}^{\infty}\tilde{a}_{2m,n}\omega^{2m},\quad\tilde{b}_{n}(\omega)=\sum_{m=0}^{\infty}\tilde{b}_{2m,n}\omega^{2m},","\tildea_{n}(\omega)=\sum_{m=0^{\infty}\tildea_{2m,n}\omega^{2m,~~~\tildeb_{n}(\omega)=\sum_{m=0^{\infty}\tildeb_{2m,n}\omega^{2m,","\tildea_{n}(\omega)=\sum_{m=0^{\infty}\tildea_{2m,n}\omega^{2m,\tildeb_{n}(\omega)=\sum_{m=0^{\infty}\tildeb_{2m,n}\omega^{2m,"
551,13e0c3b8d1.png,1,1,100.0,exact,39,39,\Phi_{t}=3D^{2}\left(\Phi(D\Phi)\right),\Phi_{t}=3D^{2}\left(\Phi(D\Phi)\right),\Phi_{t=3D^{2}(\Phi(D\Phi)),\Phi_{t=3D^{2}(\Phi(D\Phi))
552,7038974b2a.png,1,1,100.0,exact,35,35,"T^{\omega}=\{t\inT|\omega(t)=t\}\,,","T^{\omega}=\{t\inT|\omega(t)=t\}\,,","T^{\omega=\{t\inT|\omega(t)=t\,","T^{\omega=\{t\inT|\omega(t)=t\,"
553,3689ac3d83.png,0,0,88.889,semantic_or_token_error,99,91,\stackrel{.}{\Omega}=\sigma\nabla^{2}\Psi_{m}\partial_{z}x^{m}+\partial_{z}\sigma\nabla^{m}\Psi_{m},\dot{\Omega}=\sigma\nabla^{2}\Psi_{m}\partial_{z}x^{m}+\partial_{z}\sigma\nabla^{m}\Psi_{m},\stackrel{.}{\Omega=\sigma\nabla^{2}\Psi_{m}\partial_{z}x^{m+\partial_{z}\sigma\nabla^{m}\Psi_{m},\dot{\Omega=\sigma\nabla^{2}\Psi_{m}\partial_{z}x^{m+\partial_{z}\sigma\nabla^{m}\Psi_{m}
554,73a1cb964d.png,0,0,96.429,almost_correct,112,112,"\phi_{R}=B^{\prime}z^{\sigma}(1-z)^{-\gamma}{_2F_{1}}(1+\sigma-\gamma+\lambda,\sigma-\gamma-\lambda,1+2\sigma;z)","\phi_{R}=B^{\prime}z^{\sigma}(1-z)^{-\gamma}_{2}F_{1}(1+\sigma-\gamma+\lambda,\sigma-\gamma-\lambda,1+2\sigma;z)","\phi_{R=B^{\prime}z^{\sigma}(1-z)^{-\gamma}{_2F_{1}(1+\sigma-\gamma+\lambda,\sigma-\gamma-\lambda,1+2\sigma;z)","\phi_{R=B^{\prime}z^{\sigma}(1-z)^{-\gamma_{2}F_{1}(1+\sigma-\gamma+\lambda,\sigma-\gamma-\lambda,1+2\sigma;z)"
555,5d990ade4b.png,1,1,100.0,exact,33,33,A_{k}^{-p}=(A_{k}^{p})^{\dagger};,A_{k}^{-p}=(A_{k}^{p})^{\dagger};,A_k^{-p=(A_k^{p)^{\dagger};,A_k^{-p=(A_k^{p)^{\dagger};
556,35e7a2f3b3.png,0,0,96.0,almost_correct,100,100,"v=X_{L}.Q+Q.T+Q.X_{R}\mathrm{~with~}X_{L}\in{\calH}_{\mu}\oplus{\calC},\;T\in{\calA},\;X_{R}\in\calH","v=X_{L}.Q+Q.T+Q.X_{R}\mathrm{with}X_{L}\in{\calH}_{\mu}\oplus{\calC},\;T\in{\calA},\;X_{R}\in{\calH}","v=X_{L}.Q+Q.T+Q.X_{R}\mathrm{~with~}X_{L}\in\calH_{\mu}\oplus{\calC,T\in{\calA,X_{R}\in\calH","v=X_{L}.Q+Q.T+Q.X_{R}\mathrm{with}X_{L}\in\calH_{\mu}\oplus{\calC,T\in{\calA,X_{R}\in{\calH}"
557,1c26ece698.png,1,1,100.0,exact,49,49,\Delta=\Delta^{(0)}+\Delta^{(1)}+\Delta^{(2)}+...,\Delta=\Delta^{(0)}+\Delta^{(1)}+\Delta^{(2)}+...,\Delta=\Delta^{(0)+\Delta^{(1)+\Delta^{(2)+...,\Delta=\Delta^{(0)+\Delta^{(1)+\Delta^{(2)+...
558,73fda42cb7.png,0,0,72.165,semantic_or_token_error,97,92,"|n;t\bigr>\equiv\frac{1}{\sqrt{n!}}\bigl(a^{\dagger}(t)\bigr)^{n}~|0;t\bigr>,~~~(n=0,1,2,\cdots),","|n;t\rangle\equiv\frac{1}{\sqrt{n!}}(a^{\dagger}(t))^{n}\;|0;t\rangle,\quad(n=0,1,2,\cdots),","|n;t\bigr>\equiv\frac{1}\sqrt{n!}\bigl(a^{\dagger}(t)\bigr)^{n}~|0;t\bigr>,~~~(n=0,1,2,\cdots),","|n;t\rangle\equiv\frac{1}\sqrt{n!}(a^{\dagger}(t))^{n}|0;t\rangle,(n=0,1,2,\cdots),"
559,1e417d732a.png,1,1,100.0,exact,61,61,"a_{0}(g)=1-6\,\zeta(2)\,g^{2}+36\,\zeta(3)\,g^{3}+O(g^{4})\;,","a_{0}(g)=1-6\,\zeta(2)\,g^{2}+36\,\zeta(3)\,g^{3}+O(g^{4})\;,","a_{0}(g)=1-6\zeta(2)g^{2+36\zeta(3)g^{3+O(g^{4),","a_{0}(g)=1-6\zeta(2)g^{2+36\zeta(3)g^{3+O(g^{4),"
560,35d3517e5c.png,1,1,100.0,exact,98,98,"\alpha=\frac{J_{2}-J_{1}}{4},\qquad\beta=\frac{J_{3}}{2},\qquad\gamma=\frac{J_{1}+J_{2}}{2}-J_{3}.","\alpha=\frac{J_{2}-J_{1}}{4},\qquad\beta=\frac{J_{3}}{2},\qquad\gamma=\frac{J_{1}+J_{2}}{2}-J_{3}.","\alpha=\frac{J_{2-J_{1}{4,\beta=\frac{J_{3}{2,\gamma=\frac{J_{1+J_{2}{2-J_{3}.","\alpha=\frac{J_{2-J_{1}{4,\beta=\frac{J_{3}{2,\gamma=\frac{J_{1+J_{2}{2-J_{3}."
561,1d163a340d.png,0,0,93.443,semantic_or_token_error,61,58,"[T^{\beta\gamma},M_{ab}^{\beta\gamma}]=0,\quad\forall\;\;a,b,","[T^{\beta\gamma},M_{ab}^{\beta\gamma}]=0,\quad\forall~a,b,","[T^{\beta\gamma,M_{ab^{\beta\gamma]=0,\foralla,b,","[T^{\beta\gamma,M_{ab^{\beta\gamma]=0,\forall~a,b,"
562,1127c9401e.png,0,0,65.116,semantic_or_token_error,86,66,\mathcal{A}^{2}+\mathcal{B}^{2}+\mathcal{C}^{2}=3\mathcal{X}^{2}-8A\sqrt{3}\mathcal{X},{\calA}^{2}+{\calB}^{2}+{\calC}^{2}=3{\calX}^{2}-8A\sqrt{3}{\calX},\mathcalA^{2+\mathcalB^{2+\mathcalC^{2=3\mathcalX^{2-8A\sqrt{3}\mathcal{X},\calA^{2+\calB^{2+\calC^{2=3\calX^{2-8A\sqrt{3}{\calX}
563,42d874793d.png,0,0,97.753,almost_correct,87,89,S_{g}={\frac{\mu}{2}}\intd^{3}x\sqrtg\epsilon^{\mu\nu\rho}a_{\mu}\partial_{\nu}a_{\rho},S_{g}={\frac{\mu}{2}}\intd^{3}x\sqrt{g}\epsilon^{\mu\nu\rho}a_{\mu}\partial_{\nu}a_{\rho},S_{g=\frac{\mu}{2}\intd^{3}x\sqrtg\epsilon^{\mu\nu\rho}a_{\mu}\partial_{\nu}a_{\rho},S_{g=\frac{\mu}{2}\intd^{3}x\sqrt{g}\epsilon^{\mu\nu\rho}a_{\mu}\partial_{\nu}a_{\rho}
564,538d9dcbb9.png,0,0,90.741,semantic_or_token_error,54,49,"{\frac{G}{H}}={\frac{\mathrm{SU}(3)}{\mathrm{U}(1)}}~,","\frac{G}{H}=\frac{\mathrm{SU}(3)}{\mathrm{U}(1)},","\frac{G}{H=\frac\mathrm{SU}(3)}\mathrm{U}(1)}~,","\frac{G}{H=\frac\mathrm{SU}(3)}\mathrm{U}(1),"
565,7b8a6feb57.png,0,0,91.279,semantic_or_token_error,169,172,z=V\int_{0}^{\infty}dp_{n}e^{-\frac12\betac\left(p_{n}+\frac{m^{2}c^{2}}{p_{n}}\right)}\prod_{k=1}^{n-1}\int_{-\infty}^{\infty}dp_{k}e^{-\frac{\betac}{2p_{n}}p_{k}^{2}}.,z=V\int_{0}^{\infty}dp_{n}e^{-\frac{1}{2}\betac\left(p_{n}+\frac{n^{2}2}{p_{n}}\right)}\prod_{k=1}^{n-1}\int_{-\infty}^{\infty}dp_{k}e^{-\frac{\beta_{c}}{2p_{q}}}p_{k}^{2}.,z=V\int_0^{\infty}dp_{n}e^{-\frac12\betac(p_{n+\frac{m^{2}c^{2}{p_{n)}\prod_{k=1^{n-1}\int_{-\infty^{\infty}dp_{k}e^{-\frac{\betac}{2p_{n}p_k^{2}.,z=V\int_0^{\infty}dp_{n}e^{-\frac{1}{2}\betac(p_{n+\frac{n^{2}2}{p_{n)}\prod_{k=1^{n-1}\int_{-\infty^{\infty}dp_{k}e^{-\frac{\beta_{c}{2p_{q}p_k^{2}.
566,4af75a75c1.png,0,0,72.848,semantic_or_token_error,151,118,"\hspace{10mm}\tilde{B}_{0\mu}=G_{0\mu}/{G_{00}}\hspace{3mm},\hspace{3mm}\tilde{B}_{\mu\nu}=B_{\mu\nu}-\frac{G_{0\mu}B_{0\nu}-G_{0\nu}B_{0\mu}}{G_{00}}.","\tilde{B}_{0\mu}=G_{0\mu}/G_{00}~~,~~\tilde{B}_{\mu\nu}=B_{\mu\nu}-{\frac{G_{0\mu}B_{0\nu}-G_{0\nu}B_{0\mu}}{G_{00}}}.","\hspace{10mm}\tildeB_{0\mu=G_{0\mu}/{G_{00}\hspace{3mm,\hspace{3mm}\tildeB_{\mu\nu=B_{\mu\nu-\frac{G_{0\mu}B_{0\nu-G_{0\nu}B_{0\mu}{G_{00}.","\tildeB_{0\mu=G_{0\mu}/G_{00}~~,~~\tildeB_{\mu\nu=B_{\mu\nu-\frac{G_{0\mu}B_{0\nu-G_{0\nu}B_{0\mu}{G_{00}."
567,784195f4cb.png,1,1,100.0,exact,119,119,"\Psi(\bar{\xi}^{\prime\prime},t)=\int\frac{d\mu(\bar{Z},Z)}{L_{1}^{m}L_{2}^{n}}K(\bar{\xi}^{\prime\prime},Z;t)\Psi(Z,0)","\Psi(\bar{\xi}^{\prime\prime},t)=\int\frac{d\mu(\bar{Z},Z)}{L_{1}^{m}L_{2}^{n}}K(\bar{\xi}^{\prime\prime},Z;t)\Psi(Z,0)","\Psi(\bar\xi^{\prime\prime,t)=\int\frac{d\mu(\bar{Z,Z)}{L_1^{m}L_2^{n}K(\bar\xi^{\prime\prime,Z;t)\Psi(Z,0)","\Psi(\bar\xi^{\prime\prime,t)=\int\frac{d\mu(\bar{Z,Z)}{L_1^{m}L_2^{n}K(\bar\xi^{\prime\prime,Z;t)\Psi(Z,0)"
568,6cf1ea0506.png,0,0,99.174,almost_correct,121,121,"dH=2\pi\delta\left({\calB}_{p}\rightarrowM_{10}\right)\mathrm{Tr}_{N}e^{\frac{iF}{2\pi}}\sqrt{\hat{\calA}\left(R\right)},","dH=2\pi\delta\left({\calB}_{p}\rightarrowM_{10}\right)\mathrm{Tr}_{N}e^{\frac{iE}{2\pi}}\sqrt{\hat{\calA}\left(R\right)},","dH=2\pi\delta(\calB_{p}arrowM_{10)\mathrm{Tr_{N}e^\frac{iF}{2\pi}\sqrt\hat{\calA}(R),","dH=2\pi\delta(\calB_{p}arrowM_{10)\mathrm{Tr_{N}e^\frac{iE}{2\pi}\sqrt\hat{\calA}(R),"
569,3e0cda170f.png,1,1,100.0,exact,74,74,\partial_{\pm}=\frac{1}{2}\left(\partial_{\tau}\pm\partial_{\sigma}\right),\partial_{\pm}=\frac{1}{2}\left(\partial_{\tau}\pm\partial_{\sigma}\right),\partial_{\pm=\frac{1}{2}(\partial_{\tau}\pm\partial_{\sigma),\partial_{\pm=\frac{1}{2}(\partial_{\tau}\pm\partial_{\sigma)
570,5e9d3c76f3.png,0,0,53.797,too_short,158,104,{{\frac{B}{A}}e^{-(\beta-\alpha)x_{E}}={\frac{{\alpha}^{2}-{\frac{\widetilde{E}}{4{x_{E}}^{2}}}}{{\beta}^{2}-{\frac{\widetilde{E}}{\frac{1}{4{x_{E}}^{2}}}}}}},{\frac{B}{A}}e^{-(g-\sigma_{0})x}={\frac{\alpha^{2}-{\overline{{E}}}^{2}}{\beta^{2}-{\frac{D}{dx^{2}}}}},\frac{B}{A}e^{-(\beta-\alpha)x_{E=\frac{\alpha^{2-\frac\widetilde{E}{4{x_E^{2}{\beta^{2-\frac\widetilde{E}\frac{1}{4{x_E^{2},\frac{B}{A}e^{-(g-\sigma_{0)x=\frac{\alpha^{2-{\overline{E^{2}{\beta^{2-\frac{D}{dx^{2}
571,412840d3a0.png,1,1,100.0,exact,63,63,"S(p;1)=-\frac{1}{2p^{2}}+\frac{\pi}{2p}\operatorname{coth}\pip,","S(p;1)=-\frac{1}{2p^{2}}+\frac{\pi}{2p}\operatorname{coth}\pip,","S(p;1)=-\frac{1}{2p^{2+\frac{\pi}{2p}\operatorname{coth}\pip,","S(p;1)=-\frac{1}{2p^{2+\frac{\pi}{2p}\operatorname{coth}\pip,"
572,31bcff186b.png,0,0,97.727,almost_correct,88,86,f(p)=-\frac{Mp}{4\pi^{2}}{p^{2n}}\operatorname{log}\left(\frac{p+\mu/2}{p-\mu/2}\right).,f(p)=-\frac{Mp}{4\pi^{2}}p^{2n}\operatorname{log}\left(\frac{p+\mu/2}{p-\mu/2}\right).,f(p)=-\frac{Mp}{4\pi^{2}{p^{2n}\operatorname{log}(\frac{p+\mu/2}{p-\mu/2).,f(p)=-\frac{Mp}{4\pi^{2}p^{2n}\operatorname{log}(\frac{p+\mu/2}{p-\mu/2).
573,21e7bcc473.png,0,0,90.361,semantic_or_token_error,75,83,"V_{\mathrm{eff}}\sim{\frac{\alpha_{1}\alpha_{2}}{R^{6}}}kT,\quadT\to\infty.","V_{\mathrm{eff}}\sim{\frac{\alpha_{1}\alpha_{2}}{R^{6}}}kT,\quadT\rightarrow\infty.","V_\mathrm{eff}\sim\frac{\alpha_{1}\alpha_{2}{R^{6}kT,T\rightarrow\infty.","V_\mathrm{eff}\sim\frac{\alpha_{1}\alpha_{2}{R^{6}kT,Tarrow\infty."
574,4e5a80162c.png,1,1,100.0,exact,55,55,"(a)z,z^{\prime}>0,(b)z<0,z^{\prime}>0,(c)z,z^{\prime}<0","(a)z,z^{\prime}>0,(b)z<0,z^{\prime}>0,(c)z,z^{\prime}<0","(a)z,z^{\prime}>0,(b)z<0,z^{\prime}>0,(c)z,z^{\prime}<0","(a)z,z^{\prime}>0,(b)z<0,z^{\prime}>0,(c)z,z^{\prime}<0"
575,23e6087f63.png,0,0,90.476,semantic_or_token_error,189,177,"\tilde{\zeta}(s)=\frac{V_{q}}{(4\pi)^{q/2}}\frac{\Gamma(s-q/2)}{\Gamma(s)}\Big\lbrace(\mu_{c}^{2}-\mu^{2})^{q/2-s}+\sum_{{\bfp}\ne{\bf0}}(\sigma_{\bfp}^{d}+m^{2}-\mu^{2})^{-s}\Big\rbrace\;,","\tilde{\zeta}(s)=\frac{V_{q}}{(4\pi)^{q/2}}\frac{\Gamma(s-q/2)}{\Gamma(s)}\Bigl\{(\mu_{c}^{2}-\mu^{2})^{q/2-s}+\sum_{{\bfp\neq0}}(\sigma_{\bfp}^{d}+m^{2}-\mu^{2})^{-s}\Bigr\}\,,","\tilde{\zeta}(s)=\frac{V_{q}{(4\pi)^{q/2}\frac{\Gamma(s-q/2)}{\Gamma(s)}\Big\lbrace(\mu_c^{2-\mu^{2)^{q/2-s+\sum_{{\bfp}\neq{\bf0}(\sigma_\bfp^{d+m^{2-\mu^{2)^{-s}\Big\rbrace,","\tilde{\zeta}(s)=\frac{V_{q}{(4\pi)^{q/2}\frac{\Gamma(s-q/2)}{\Gamma(s)}\Bigl\{(\mu_c^{2-\mu^{2)^{q/2-s+\sum_{{\bfp\neqq0}(\sigma_\bfp^{d+m^{2-\mu^{2)^{-s}\Bigr\,"
576,3e89f1495f.png,0,0,91.566,semantic_or_token_error,83,78,"m^{2}={\frac{\xi^{\prime2}}{4}}\,{\frac{1}{(\xi^{\prime}x^{+}+\eta^{\prime})^{2}}},","m^{2}={\frac{\xi^{2}}{4}}\,{\frac{1}{(\xi^{\prime}x^{+}+\eta^{\prime})^{2}}}~,","m^{2=\frac{\xi^{\prime2}{4}\frac{1}{(\xi^{\prime}x^{++\eta^{\prime)^{2,","m^{2=\frac{\xi^{2}{4}\frac{1}{(\xi^{\prime}x^{++\eta^{\prime)^{2}~,"
577,1c5c888a0d.png,0,0,75.862,semantic_or_token_error,55,58,\delta\colon\Omega^{q}(Y^{[p-1]})\to\Omega^{q}(Y^{[p]}),\delta:\Omega^{q}(Y^{[p-1]})\rightarrow\Omega^{q}(Y^{[p]}),\delta\colon\Omega^{q}(Y^{[p-1])\rightarrow\Omega^{q}(Y^{[p]),\delta:\Omega^{q}(Y^{[p-1])arrow\Omega^{q}(Y^{[p])
578,33c3d29e63.png,0,0,84.615,semantic_or_token_error,65,58,H(t)=\intd\stackrel{\rightarrow}{x}\Psi\left(x\right)\gamma_{\mu},H(t)=\intd\overrightarrow{x}\Psi\left(x\right)\gamma_{\mu},H(t)=\intd\stackrel{arrow}{x}\Psi(x)\gamma_{\mu},H(t)=\intd\overrightarrow{x}\Psi(x)\gamma_{\mu}
579,7827ed9300.png,0,0,95.918,almost_correct,47,49,\epsilon^{2}f_{2}+\dots+\epsilon^{m}f_{m}+\dots,\epsilon^{2}f_{2}+\ldots+\epsilon^{m}f_{m}+\ldots,\epsilon^{2}f_{2+\dots+\epsilon^{m}f_{m+\dots,\epsilon^{2}f_{2+\ldots+\epsilon^{m}f_{m+\ldots
580,65087c89d8.png,1,1,100.0,exact,57,57,\Gamma_{matrix}=-2N\int_{a}^{b}d\lambda\Im(\rho(\lambda)),\Gamma_{matrix}=-2N\int_{a}^{b}d\lambda\Im(\rho(\lambda)),\Gamma_{matrix=-2N\int_a^{b}d\lambda\Im(\rho(\lambda)),\Gamma_{matrix=-2N\int_a^{b}d\lambda\Im(\rho(\lambda))
581,4841774731.png,0,1,96.855,canonical_equivalent,155,159,Q_{\mathrm{e}}=-\frac{4Hf}{N^{0}}\nue^{-2\phi}(\partial_{\rho}A_{t}-N^{\varphi}\partial_{\rho}A_{\varphi})=\frac{\varpi}{\alpha^{2}}\nu\chi_{\mathrm{m}}\:.,"Q_{\mathrm{e}}=-{\frac{4Hf}{N^{0}}}\nue^{-2\phi}(\partial_{\rho}A_{t}-N^{\varphi}\partial_{\rho}A_{\varphi})={\frac{\varpi}{\alpha^{2}}}\nu\chi_{\mathrm{m}}\,.",Q_\mathrm{e=-\frac{4Hf}{N^{0}\nue^{-2\phi}(\partial_{\rho}A_{t-N^{\varphi}\partial_{\rho}A_{\varphi)=\frac{\varpi}{\alpha^{2}\nu\chi_\mathrm{m}.,Q_\mathrm{e=-\frac{4Hf}{N^{0}\nue^{-2\phi}(\partial_{\rho}A_{t-N^{\varphi}\partial_{\rho}A_{\varphi)=\frac{\varpi}{\alpha^{2}\nu\chi_\mathrm{m}.
582,2eda443e80.png,1,1,100.0,exact,74,74,"\Phi_{+}^{(2)}=\epsilon{\frac{\eta}{2\sqrt{15}}}\mathrm{diag}(2,-3,-3,2,2)","\Phi_{+}^{(2)}=\epsilon{\frac{\eta}{2\sqrt{15}}}\mathrm{diag}(2,-3,-3,2,2)","\Phi_{+^{(2)=\epsilon\frac{\eta}{2\sqrt{15}\mathrm{diag}(2,-3,-3,2,2)","\Phi_{+^{(2)=\epsilon\frac{\eta}{2\sqrt{15}\mathrm{diag}(2,-3,-3,2,2)"
583,2c6724f3ca.png,0,0,84.706,semantic_or_token_error,85,74,\Sigma^{\prime}({\bfz^{\prime}})=\Sigma({\bfz})+\operatorname{ln}\left|\tauc+d\right|,\Sigma^{\prime}({\bfz}^{\prime})=\Sigma({\bfz})+\operatorname{ln}|\tauc+d|,\Sigma^{\prime}({\bfz^{\prime)=\Sigma({\bfz)+\operatorname{ln}|\tauc+d|,\Sigma^{\prime}(\bfz^{\prime)=\Sigma({\bfz)+\operatorname{ln}|\tauc+d|
584,4d4b443bd3.png,1,1,100.0,exact,69,69,"{\calO}[\tilde{\phi}(1),1]={\calO}[\phi(1),1]={\calO}[\phi^{\prime}],","{\calO}[\tilde{\phi}(1),1]={\calO}[\phi(1),1]={\calO}[\phi^{\prime}],","{\calO}[\tilde{\phi}(1),1]={\calO}[\phi(1),1]={\calO}[\phi^{\prime],","{\calO}[\tilde{\phi}(1),1]={\calO}[\phi(1),1]={\calO}[\phi^{\prime],"
585,148c9b6ec5.png,0,0,95.0,almost_correct,100,96,J_{i}=\left(\begin{array}{ccc}{n}&{p}&{x}\{q}&{m}&{\beta}\{\delta}&{\gamma}&{n+m}\\end{array}\right),J_{i}=\left(\begin{array}{ccc}{n}&{p}&{x}\{q}&{m}&{B}\{\delta}&{\gamma}&{n+m}\\end{array}\right),J_{i=(\begin{array}{ccc}{n}&{p}&{x}\{q}&{m}&{\beta}\{\delta}&{\gamma}&{n+m}\\end{array),J_{i=(\begin{array}{ccc}{n}&{p}&{x}\{q}&{m}&{B}\{\delta}&{\gamma}&{n+m}\\end{array)
586,429c33f42c.png,0,0,98.131,almost_correct,107,105,"{\calZ}\left({\calJ},\bar{{\calJ}},{\calK}\right)=\tilde{{\calZ}}\left({\calJ},\bar{{\calJ}},{\calK}\right)","{\calZ}\left({\calJ},\bar{{\calJ}},{\calK}\right)=\tilde{\calZ}\left({\calJ},\bar{{\calJ}},{\calK}\right)","{\calZ}({\calJ,\bar{{\calJ,{\calK)=\tilde{{\calZ}({\calJ,\bar{{\calJ,{\calK)","{\calZ}({\calJ,\bar{{\calJ,{\calK)=\tilde{\calZ}({\calJ,\bar{{\calJ,{\calK)"
587,13a0a955f6.png,1,1,100.0,exact,46,46,"\{\gamma^{\mu},\gamma^{\nu}\}=2g^{\mu\nu}(u)I.","\{\gamma^{\mu},\gamma^{\nu}\}=2g^{\mu\nu}(u)I.","\{\gamma^{\mu,\gamma^{\nu}\=2g^{\mu\nu}(u)I.","\{\gamma^{\mu,\gamma^{\nu}\=2g^{\mu\nu}(u)I."
588,418ecd345e.png,1,1,100.0,exact,67,67,"\frac{\alpha(x,y)}{b^{2}}=\frac{(\Lambdac)^{2}}{2\pi^{2}}g_{3}(x,y)","\frac{\alpha(x,y)}{b^{2}}=\frac{(\Lambdac)^{2}}{2\pi^{2}}g_{3}(x,y)","\frac{\alpha(x,y)}{b^{2=\frac{(\Lambdac)^{2}{2\pi^{2}g_{3}(x,y)","\frac{\alpha(x,y)}{b^{2=\frac{(\Lambdac)^{2}{2\pi^{2}g_{3}(x,y)"
589,6de4ec7611.png,0,1,97.59,canonical_equivalent,81,83,D=R_{g}^{2}\int_{r_{0}}^{\infty}\frac{\sigmaF\operatorname{exp}(-2\Phi)}{r^{2}}dr,D=R_{g}^{2}\int_{r_{0}}^{\infty}{\frac{\sigmaF\operatorname{exp}(-2\Phi)}{r^{2}}}dr,D=R_g^{2}\int_{r_0^{\infty}\frac{\sigmaF\operatorname{exp}(-2\Phi)}{r^{2}dr,D=R_g^{2}\int_{r_0^{\infty}\frac{\sigmaF\operatorname{exp}(-2\Phi)}{r^{2}dr
590,5d464f3a70.png,1,1,100.0,exact,184,184,{\calL}=\frac{m}{2}\left((\dot{x}_{1})^{2}+(\dot{x}_{2})^{2}\right)+\frac{Be}{2}\epsilon_{ij}\left(\dot{x}_{1}^{i}x_{1}^{j}-\dot{x}_{2}^{i}x_{2}^{j}\right)-\frac{K}{2}(x_{1}-x_{2})^{2},{\calL}=\frac{m}{2}\left((\dot{x}_{1})^{2}+(\dot{x}_{2})^{2}\right)+\frac{Be}{2}\epsilon_{ij}\left(\dot{x}_{1}^{i}x_{1}^{j}-\dot{x}_{2}^{i}x_{2}^{j}\right)-\frac{K}{2}(x_{1}-x_{2})^{2},\calL=\frac{m}{2}((\dotx_{1)^{2+(\dotx_{2)^{2)+\frac{Be}{2}\epsilon_{ij}(\dotx_1^{i}x_1^{j-\dotx_2^{i}x_2^{j)-\frac{K}{2}(x_{1-x_{2)^{2,\calL=\frac{m}{2}((\dotx_{1)^{2+(\dotx_{2)^{2)+\frac{Be}{2}\epsilon_{ij}(\dotx_1^{i}x_1^{j-\dotx_2^{i}x_2^{j)-\frac{K}{2}(x_{1-x_{2)^{2
591,5cb1c9288d.png,1,1,100.0,exact,49,49,"\partial^{n+1}y+(-1)^{n}(x^{m}+\lambda^{n+1})y=0,","\partial^{n+1}y+(-1)^{n}(x^{m}+\lambda^{n+1})y=0,","\partial^{n+1}y+(-1)^{n}(x^{m+\lambda^{n+1)y=0,","\partial^{n+1}y+(-1)^{n}(x^{m+\lambda^{n+1)y=0,"
592,1f3fb8f66b.png,1,1,100.0,exact,64,64,\sigma_{s}=\frac{B}{m^{d_{\perp}-1}}\left(\frac{m}{T}\right)^{q},\sigma_{s}=\frac{B}{m^{d_{\perp}-1}}\left(\frac{m}{T}\right)^{q},\sigma_{s=\frac{B}{m^{d_{\perp-1}(\frac{m}{T)^{q},\sigma_{s=\frac{B}{m^{d_{\perp-1}(\frac{m}{T)^{q}
593,1588c18e01.png,0,0,88.06,semantic_or_token_error,67,61,[\Omega^{a}({\bf{k}})+\Omega^{b\star}({\bf{-k}})]|{\nu}\rangle=0\;.,[\Omega^{a}({\bfk})+\Omega^{b\star}(-{\bfk})]|\nu\rangle=0\;.,[\Omega^{a}({\bf{k)+\Omega^{b\star}({\bf{-k)]|{\nu}\rangle=0.,[\Omega^{a}({\bfk)+\Omega^{b\star}(-{\bfk)]|\nu\rangle=0.
594,63738a4503.png,0,1,94.836,canonical_equivalent,213,209,"{\frac{\partial}{\partialx^{\alpha}}}\;\Gamma_{r}^{\alpha\beta\gamma}(x,y,z)={\frac{i}{4\pi^{2}}}\;\varepsilon^{\betai\gammaj}{\frac{\partial}{\partialy^{i}}}{\frac{\partial}{\partialz^{j}}}\delta(x-y)\delta(x-z).","\frac{\partial}{\partialx^{\alpha}}\;\Gamma_{r}^{\alpha\beta\gamma}\;(x,y,z)=\;\frac{i}{4\pi^{2}}\;\varepsilon^{\betai\gammaj}\frac{\partial}{\partialy^{i}}\frac{\partial}{\partialz^{j}}\delta(x-y)\delta(x-z).","\frac{\partial}{\partialx^{\alpha}\Gamma_r^{\alpha\beta\gamma}(x,y,z)=\frac{i}{4\pi^{2}\varepsilon^{\betai\gammaj}\frac{\partial}{\partialy^{i}\frac{\partial}{\partialz^{j}\delta(x-y)\delta(x-z).","\frac{\partial}{\partialx^{\alpha}\Gamma_r^{\alpha\beta\gamma}(x,y,z)=\frac{i}{4\pi^{2}\varepsilon^{\betai\gammaj}\frac{\partial}{\partialy^{i}\frac{\partial}{\partialz^{j}\delta(x-y)\delta(x-z)."
595,4ea2b51e78.png,1,1,100.0,exact,103,103,K_{+}-K_{-}=\eta{\frac{\sqrt{D-1}}{2}}\kappa_{D}^{2}f^{\prime}(C)=-{\frac{D-1}{D-2}}\kappa_{D}^{2}f(C).,K_{+}-K_{-}=\eta{\frac{\sqrt{D-1}}{2}}\kappa_{D}^{2}f^{\prime}(C)=-{\frac{D-1}{D-2}}\kappa_{D}^{2}f(C).,K_{+-K_{-=\eta\frac\sqrt{D-1}{2}\kappa_D^{2}f^{\prime}(C)=-\frac{D-1}{D-2}\kappa_D^{2}f(C).,K_{+-K_{-=\eta\frac\sqrt{D-1}{2}\kappa_D^{2}f^{\prime}(C)=-\frac{D-1}{D-2}\kappa_D^{2}f(C).
596,1ab68c8b81.png,0,0,95.181,almost_correct,83,79,W[L]=\prod_{\ell=1}^{s}~exp\Bigl[i~n_{\ell}\oint_{K_{\ell}}dx^{\mu}A_{\mu}(x)\Bigr],W[L]=\prod_{\ell=1}^{s}exp\Big[in_{\ell}\oint_{K_{\ell}}dx^{\mu}A_{\mu}(x)\Big],W[L]=\prod_{\ell=1^{s}~exp\Bigl[i~n_{\ell}\oint_{K_{\ell}dx^{\mu}A_{\mu}(x)\Bigr],W[L]=\prod_{\ell=1^{s}exp\Big[in_{\ell}\oint_{K_{\ell}dx^{\mu}A_{\mu}(x)\Big]
597,7705d746f3.png,1,1,100.0,exact,105,105,"d\Omega_{3}^{2}=d\theta^{2}+\operatorname{sin}^{2}\theta(d\phi^{2}+\operatorname{sin}^{2}\phi\,d\chi^{2})","d\Omega_{3}^{2}=d\theta^{2}+\operatorname{sin}^{2}\theta(d\phi^{2}+\operatorname{sin}^{2}\phi\,d\chi^{2})",d\Omega_3^{2=d\theta^{2+\operatorname{sin^{2}\theta(d\phi^{2+\operatorname{sin^{2}\phid\chi^{2),d\Omega_3^{2=d\theta^{2+\operatorname{sin^{2}\theta(d\phi^{2+\operatorname{sin^{2}\phid\chi^{2)
598,798e6315be.png,1,1,100.0,exact,78,78,\partial_{\nu}(eG_{IJ}g^{\mu\rho}g^{\nu\sigma}F_{\rho\sigma}^{J})=\frac{1}{16},\partial_{\nu}(eG_{IJ}g^{\mu\rho}g^{\nu\sigma}F_{\rho\sigma}^{J})=\frac{1}{16},\partial_{\nu}(eG_{IJ}g^{\mu\rho}g^{\nu\sigma}F_{\rho\sigma^{J)=\frac{1}{16},\partial_{\nu}(eG_{IJ}g^{\mu\rho}g^{\nu\sigma}F_{\rho\sigma^{J)=\frac{1}{16}
599,10f8844104.png,0,0,86.275,semantic_or_token_error,51,45,"\lbracku^{\alpha},u^{\beta}]=i\Theta^{\alpha\beta},","[u^{\alpha},u^{\beta}]=i\Theta^{\alpha\beta},","\lbracku^{\alpha,u^{\beta]=i\Theta^{\alpha\beta,","[u^{\alpha,u^{\beta]=i\Theta^{\alpha\beta,"
600,23b49aa04e.png,1,1,100.0,exact,56,56,"\alpha_{\pm}=\alpha\pmu\quad,\quad\beta_{\pm}=\beta\pmv.","\alpha_{\pm}=\alpha\pmu\quad,\quad\beta_{\pm}=\beta\pmv.","\alpha_{\pm=\alpha\pmu,\beta_{\pm=\beta\pmv.","\alpha_{\pm=\alpha\pmu,\beta_{\pm=\beta\pmv."
601,ac66d4864c.png,1,1,100.0,exact,68,68,"\eta=\left(\begin{array}{c}{\eta_{+}}\{\eta_{-}}\\end{array}\right),","\eta=\left(\begin{array}{c}{\eta_{+}}\{\eta_{-}}\\end{array}\right),","\eta=(\begin{array}{c}{\eta_{+}\{\eta_{-}\\end{array),","\eta=(\begin{array}{c}{\eta_{+}\{\eta_{-}\\end{array),"
602,1f298ee999.png,0,0,91.964,brace_issue,105,112,\left\{\begin{array}{ll}{K_{12}=K_{34}=0}\{K_{13}=-K_{24}=iK_{23}=iK_{14}=e^{i\alpha}}\\end{array}\right.,\left\{\begin{array}{l}{K_{12}=K_{34}=0}\{K_{13}=-K_{24}=iK_{23}=iK_{23}=iK_{14}=e^{i\alpha}}\\end{array}\right.,\{\begin{array}{ll}{K_{12=K_{34=0}\{K_{13=-K_{24=iK_{23=iK_{14=e^{i\alpha}\\end{array}.,\{\begin{array}{l}{K_{12=K_{34=0}\{K_{13=-K_{24=iK_{23=iK_{23=iK_{14=e^{i\alpha}\\end{array}.
603,5faea301ac.png,0,1,97.753,canonical_equivalent,87,89,"q_{a}/e=\frac{g^{4}}{16\pi^{2}}(M^{-1})_{ab}(\dot{\xi}_{b}+{\bfW}_{bc}\cdot{\bfv}_{c}),","q_{a}/e={\frac{g^{4}}{16\pi^{2}}}(M^{-1})_{ab}(\dot{\xi}_{b}+{\bfW}_{bc}\cdot{\bfv}_{c}),","q_{a}/e=\frac{g^{4}{16\pi^{2}(M^{-1)_{ab}(\dot\xi_{b+\bfW_{bc}\cdot\bfv_{c),","q_{a}/e=\frac{g^{4}{16\pi^{2}(M^{-1)_{ab}(\dot\xi_{b+\bfW_{bc}\cdot\bfv_{c),"
604,7f9675cbc3.png,0,0,90.909,semantic_or_token_error,77,72,"\mathrm{~~~~~and~~~~~}\Lambda=\sum_{k=0}^{\infty}\hbar^{k}\Lambda_{(k)}[J,K],","\mathrm{~~~~~~~~\Lambda=\sum_{k=0}^{\infty}\hbar^{k}\Lambda_{(k)}[J,K],}","\mathrm{~~~~~and~~~~~}\Lambda=\sum_{k=0^{\infty}\hbar^{k}\Lambda_{(k)}[J,K],","\mathrm{~~~~~~~~\Lambda=\sum_{k=0^{\infty}\hbar^{k}\Lambda_{(k)}[J,K],}"
605,46530c0784.png,1,1,100.0,exact,181,181,D^{\rho}h^{\mu\nu}=\frac{1}{3}\left(2\frac{\omega_{R}^{\mu\nu}}{\omega_{\rho}^{P}}-\frac{\omega_{R}^{\nu\rho}}{\omega_{\mu}^{P}}-\frac{\omega_{R}^{\rho\mu}}{\omega_{\nu}^{P}}\right),D^{\rho}h^{\mu\nu}=\frac{1}{3}\left(2\frac{\omega_{R}^{\mu\nu}}{\omega_{\rho}^{P}}-\frac{\omega_{R}^{\nu\rho}}{\omega_{\mu}^{P}}-\frac{\omega_{R}^{\rho\mu}}{\omega_{\nu}^{P}}\right),D^{\rho}h^{\mu\nu=\frac{1}{3}(2\frac{\omega_R^{\mu\nu}{\omega_\rho^{P-\frac{\omega_R^{\nu\rho}{\omega_\mu^{P-\frac{\omega_R^{\rho\mu}{\omega_\nu^{P),D^{\rho}h^{\mu\nu=\frac{1}{3}(2\frac{\omega_R^{\mu\nu}{\omega_\rho^{P-\frac{\omega_R^{\nu\rho}{\omega_\mu^{P-\frac{\omega_R^{\rho\mu}{\omega_\nu^{P)
606,5135239c25.png,1,1,100.0,exact,64,64,"\Psi\rightarrowU\Psi,\bar{\Psi}\rightarrow\bar{\Psi}U^{\dagger},","\Psi\rightarrowU\Psi,\bar{\Psi}\rightarrow\bar{\Psi}U^{\dagger},","\PsiarrowU\Psi,\bar{\Psi}arrow\bar{\Psi}U^{\dagger,","\PsiarrowU\Psi,\bar{\Psi}arrow\bar{\Psi}U^{\dagger,"
607,4cc8aaa8a6.png,0,1,97.674,canonical_equivalent,86,84,"\bar{N}_{00}^{3r}=\bar{N}_{00}^{r3}=-\sqrt{-{\frac{\alpha_{r}}{\alpha_{3}}}}\quadr=1,2","\bar{N}_{00}^{3r}=\bar{N}_{00}^{r3}=-\sqrt{-\frac{\alpha_{r}}{\alpha_{3}}}\quadr=1,2","\barN_{00^{3r=\barN_{00^{r3=-\sqrt{-\frac{\alpha_{r}{\alpha_{3}r=1,2","\barN_{00^{3r=\barN_{00^{r3=-\sqrt{-\frac{\alpha_{r}{\alpha_{3}r=1,2"
608,6400a560fb.png,1,1,100.0,exact,73,73,\mathrm{ch}V(\Lambda)=\mathrm{ch}(\wedgeg_{-1})\mathrm{ch}V_{0}(\Lambda).,\mathrm{ch}V(\Lambda)=\mathrm{ch}(\wedgeg_{-1})\mathrm{ch}V_{0}(\Lambda).,\mathrm{ch}V(\Lambda)=\mathrm{ch}(\wedgeg_{-1)\mathrm{ch}V_{0}(\Lambda).,\mathrm{ch}V(\Lambda)=\mathrm{ch}(\wedgeg_{-1)\mathrm{ch}V_{0}(\Lambda).
609,22d2bcbe10.png,0,0,79.31,semantic_or_token_error,58,48,{\bf\nabla}\times{\bfB}={\bf\nabla}\times{\bfB^{\prime}}=0,\nabla\times{\bfB}=\nabla\times{\bfB}^{\prime}=0,{\bf\nabla}\times{\bfB={\bf\nabla}\times{\bfB^{\prime=0,\nabla\times{\bfB=\nabla\times\bfB^{\prime=0
610,5411f157ac.png,0,0,62.857,too_short,70,44,B(r)=\displaystyle\frac{\Phi}{2\pi}\displaystyle\frac{\delta(r-a)}{a}.,B(r)=\frac{\Phi}{2\pi}\frac{\delta(r-a)}{a}.,B(r)=\displaystyle\frac{\Phi}{2\pi}\displaystyle\frac{\delta(r-a)}{a}.,B(r)=\frac{\Phi}{2\pi}\frac{\delta(r-a)}{a}.
611,69dcdfc04e.png,0,1,96.0,canonical_equivalent,100,96,\int_{0}^{1}dt\delta_{\vec{u}}(t)<W(L_{I})>=-{\frac{i\pi}{k}}<W(L_{I})>+{\frac{2i\pi}{k}}<W(L_{W})>.,\int_{0}^{1}dt\delta_{\vec{u}}(t)<W(L_{I})>=-\frac{i\pi}{k}<W(L_{I})>+\frac{2i\pi}{k}<W(L_{W})>.,\int_0^{1}dt\delta_\vec{u}(t)<W(L_{I)>=-\frac{i\pi}{k}<W(L_{I)>+\frac{2i\pi}{k}<W(L_{W)>.,\int_0^{1}dt\delta_\vec{u}(t)<W(L_{I)>=-\frac{i\pi}{k}<W(L_{I)>+\frac{2i\pi}{k}<W(L_{W)>.
612,7335acd73d.png,0,0,96.618,almost_correct,203,207,"\omega_{-}=\left(\begin{array}{cc}{\Sigma_{-}^{(1)}}&{0}\{I_{n}}&{\Sigma_{-}^{(2)}}\\end{array}\right),\qquad\omega_{+}=\left(\begin{array}{cc}{0}&{\Gamma^{(1)-1}\Gamma^{(2)}}\{0}&{0}\\end{array}\right),","\omega_{-}=\left(\begin{array}{cc}{\Sigma_{-}^{(1)}}&{0}\{I_{n}}&{\Sigma_{-}^{(2)}}\\end{array}\right),\quad\quad\omega_{+}=\left(\begin{array}{ll}{0}&{\Gamma^{(1)-1}\Gamma^{(2)}}\{0}&{0}\\end{array}\right).","\omega_{-=(\begin{array}{cc}{\Sigma_{-^{(1)}&{0}\{I_{n}&{\Sigma_{-^{(2)}\\end{array),\omega_{+=(\begin{array}{cc}{0}&{\Gamma^{(1)-1}\Gamma^{(2)}\{0}&{0}\\end{array),","\omega_{-=(\begin{array}{cc}{\Sigma_{-^{(1)}&{0}\{I_{n}&{\Sigma_{-^{(2)}\\end{array),\omega_{+=(\begin{array}{ll}{0}&{\Gamma^{(1)-1}\Gamma^{(2)}\{0}&{0}\\end{array)."
613,42461499a1.png,0,0,83.158,semantic_or_token_error,95,83,"a^{-}\left({\bfp},x_{0}\right)=\intd^{3}x\psi^{\asta}\left(x\right)\beta_{0}\psi\left(x\right),","a^{-}\left({\bfp},x_{0}\right)=\intd^{3}x\psi^{*a}\left(x\right)\beta_{0}\psi(x)\,,","a^{-}({\bfp,x_{0)=\intd^{3}x\psi^{\asta}(x)\beta_{0}\psi(x),","a^{-}({\bfp,x_{0)=\intd^{3}x\psi^{*a}(x)\beta_{0}\psi(x),"
614,2301569df6.png,0,0,92.941,semantic_or_token_error,85,79,\dot{Q}(z)=\frac{1}{2}g^{\prime\prime\prime}(z)+2g^{\prime}(z)Q(z)+g(z)Q^{\prime}(z).,\dot{Q}(z)=\frac{1}{2}g^{\prime\prime}(z)+2g^{\prime}(z)Q(z)+g(z)Q^{\prime}(z).,\dot{Q}(z)=\frac{1}{2}g^{\prime\prime\prime}(z)+2g^{\prime}(z)Q(z)+g(z)Q^{\prime}(z).,\dot{Q}(z)=\frac{1}{2}g^{\prime\prime}(z)+2g^{\prime}(z)Q(z)+g(z)Q^{\prime}(z).
615,79935fb136.png,1,1,100.0,exact,149,149,"\delta_{V}^{1}(x_{1}^{j}(\xi,\eta))=\sum_{k}{\calD}(A_{2}+\xi_{1}C_{2},(\tilde{D}_{2}-\tilde{C}_{2}\xi_{1})^{-1})_{k}^{i}\Delta(x_{1}^{k}(\xi,\eta)).","\delta_{V}^{1}(x_{1}^{j}(\xi,\eta))=\sum_{k}{\calD}(A_{2}+\xi_{1}C_{2},(\tilde{D}_{2}-\tilde{C}_{2}\xi_{1})^{-1})_{k}^{i}\Delta(x_{1}^{k}(\xi,\eta)).","\delta_V^{1}(x_1^{j}(\xi,\eta))=\sum_{k}{\calD}(A_{2+\xi_{1}C_{2,(\tildeD_{2-\tildeC_{2}\xi_{1)^{-1)_k^{i}\Delta(x_1^{k}(\xi,\eta)).","\delta_V^{1}(x_1^{j}(\xi,\eta))=\sum_{k}{\calD}(A_{2+\xi_{1}C_{2,(\tildeD_{2-\tildeC_{2}\xi_{1)^{-1)_k^{i}\Delta(x_1^{k}(\xi,\eta))."
616,48d6b85b68.png,0,1,96.571,canonical_equivalent,175,169,(\partial^{2}+({\frac{P}{Q}})^{2})(-\epsilon_{\mu\nu\lambda}\partial^{\nu}A^{\lambda})={\frac{P}{Q^{2}}}J_{\mu}+{\frac{1}{Q}}\epsilon_{\mu\nu\lambda}\partial^{\nu}J^{\lambda}.,(\partial^{2}+(\frac{P}{Q})^{2})(-\epsilon_{\mu\nu\lambda}\partial^{\nu}A^{\lambda})=\frac{P}{Q^{2}}J_{\mu}+\frac{1}{Q}\epsilon_{\mu\nu\lambda}\partial^{\nu}J^{\lambda}.,(\partial^{2+(\frac{P}{Q)^{2)(-\epsilon_{\mu\nu\lambda}\partial^{\nu}A^{\lambda)=\frac{P}{Q^{2}J_{\mu+\frac{1}{Q}\epsilon_{\mu\nu\lambda}\partial^{\nu}J^{\lambda}.,(\partial^{2+(\frac{P}{Q)^{2)(-\epsilon_{\mu\nu\lambda}\partial^{\nu}A^{\lambda)=\frac{P}{Q^{2}J_{\mu+\frac{1}{Q}\epsilon_{\mu\nu\lambda}\partial^{\nu}J^{\lambda}.
617,32c948e047.png,1,1,100.0,exact,60,60,\bar{m}=2M_{q}(1-\frac{\sqrt{2}}{3}\alpha_{s})\simeq1.9M_{q},\bar{m}=2M_{q}(1-\frac{\sqrt{2}}{3}\alpha_{s})\simeq1.9M_{q},\bar{m=2M_{q}(1-\frac\sqrt{2}{3}\alpha_{s)\simeq1.9M_{q},\bar{m=2M_{q}(1-\frac\sqrt{2}{3}\alpha_{s)\simeq1.9M_{q}
618,837416a133.png,0,0,93.333,semantic_or_token_error,60,60,"g_{1}=-1,\quadg_{2}=\cdots=g_{9-p}=+1,\quad\mathrm{(for~D9)}","g_{1}=-1,\quadg_{2}=\cdots=g_{9-p}=+1,\quad(\mathrm{for~D9})","g_{1=-1,g_{2=\cdots=g_{9-p=+1,\mathrm{(for~D9)}","g_{1=-1,g_{2=\cdots=g_{9-p=+1,(\mathrm{for~D9)"
619,51b689ae94.png,1,1,100.0,exact,80,80,"\left\{\lambda^{a},\lambda^{b}\right\}=\frac{1}{N}\delta_{ab}+d^{abc}\lambda^{c}","\left\{\lambda^{a},\lambda^{b}\right\}=\frac{1}{N}\delta_{ab}+d^{abc}\lambda^{c}","\{\lambda^{a,\lambda^{b}\=\frac{1}{N}\delta_{ab+d^{abc}\lambda^{c}","\{\lambda^{a,\lambda^{b}\=\frac{1}{N}\delta_{ab+d^{abc}\lambda^{c}"
620,51fa12d1af.png,1,1,100.0,exact,50,50,"\theta^{\gamma}=\theta^{\gamma}(x_{0},x_{1},x_{2})","\theta^{\gamma}=\theta^{\gamma}(x_{0},x_{1},x_{2})","\theta^{\gamma=\theta^{\gamma}(x_{0,x_{1,x_{2)","\theta^{\gamma=\theta^{\gamma}(x_{0,x_{1,x_{2)"
621,1d9433a55f.png,1,1,100.0,exact,45,45,-F=(m\cdot\xi)^{2}+\frac{2}{l_{+}\cdotl_{-}}.,-F=(m\cdot\xi)^{2}+\frac{2}{l_{+}\cdotl_{-}}.,-F=(m\cdot\xi)^{2+\frac{2}{l_{+}\cdotl_{-}.,-F=(m\cdot\xi)^{2+\frac{2}{l_{+}\cdotl_{-}.
622,5f031bf92d.png,0,0,84.706,semantic_or_token_error,85,79,"\operatorname*{lim}_{\rho\rightarrow0}\phi_{\triangle\omega}(t,\rho,z)=\varphi(z)~~~,","\operatorname*{lim}_{\rho\to0}\phi_{\triangle\omega}(t,\rho,z)=\varphi(z)\quad,","\operatorname*{lim_{\rhoarrow0}\phi_{\triangle\omega}(t,\rho,z)=\varphi(z)~~~,","\operatorname*{lim_{\rho\rightarrow0}\phi_{\triangle\omega}(t,\rho,z)=\varphi(z),"
623,34d64865dd.png,1,1,100.0,exact,35,35,\delta|\chi\rangle=Q|\Lambda\rangle,\delta|\chi\rangle=Q|\Lambda\rangle,\delta|\chi\rangle=Q|\Lambda\rangle,\delta|\chi\rangle=Q|\Lambda\rangle
624,1f69640ffa.png,1,1,100.0,exact,54,54,\int_{S_{(8-p)}}*F_{(p+2)}=2\kappa_{(10)}^{2}\mu_{(p)},\int_{S_{(8-p)}}*F_{(p+2)}=2\kappa_{(10)}^{2}\mu_{(p)},\int_{S_{(8-p)}*F_{(p+2)=2\kappa_{(10)^{2}\mu_{(p)},\int_{S_{(8-p)}*F_{(p+2)=2\kappa_{(10)^{2}\mu_{(p)}
625,5bd74f3505.png,1,1,100.0,exact,50,50,\int_{\calM}\mathrm{Tr}(E_{w}\wedgeE_{w^{\prime}}),\int_{\calM}\mathrm{Tr}(E_{w}\wedgeE_{w^{\prime}}),\int_{\calM}\mathrm{Tr}(E_{w}\wedgeE_{w^{\prime),\int_{\calM}\mathrm{Tr}(E_{w}\wedgeE_{w^{\prime)
626,63ff5754e1.png,1,1,100.0,exact,110,110,"f_{-}^{2}(\tau)=\alpha^{2}\frac{1+\mathrm{cn}[2\alpha\tau\mid\hat{k}]}{1-\mathrm{cn}[2\alpha\tau\mid\hat{k}]},","f_{-}^{2}(\tau)=\alpha^{2}\frac{1+\mathrm{cn}[2\alpha\tau\mid\hat{k}]}{1-\mathrm{cn}[2\alpha\tau\mid\hat{k}]},","f_{-^{2}(\tau)=\alpha^{2}\frac{1+\mathrm{cn}[2\alpha\tau\mid\hat{k]}{1-\mathrm{cn}[2\alpha\tau\mid\hat{k],","f_{-^{2}(\tau)=\alpha^{2}\frac{1+\mathrm{cn}[2\alpha\tau\mid\hat{k]}{1-\mathrm{cn}[2\alpha\tau\mid\hat{k],"
627,6cbd0cde53.png,1,1,100.0,exact,58,58,ds^{2}=-N^{2}dt^{2}+g_{ij}(dx^{i}+N^{i}dt)(dx^{j}+N^{j}dt),ds^{2}=-N^{2}dt^{2}+g_{ij}(dx^{i}+N^{i}dt)(dx^{j}+N^{j}dt),ds^{2=-N^{2}dt^{2+g_{ij}(dx^{i+N^{i}dt)(dx^{j+N^{j}dt),ds^{2=-N^{2}dt^{2+g_{ij}(dx^{i+N^{i}dt)(dx^{j+N^{j}dt)
628,9162ab6c1d.png,1,1,100.0,exact,64,64,W_{is}\deltaq^{s}-{\frac{\partialG_{L}}{\partial\dot{q}^{i}}}=0.,W_{is}\deltaq^{s}-{\frac{\partialG_{L}}{\partial\dot{q}^{i}}}=0.,W_{is}\deltaq^{s-\frac{\partialG_{L}{\partial\dotq^{i=0.,W_{is}\deltaq^{s-\frac{\partialG_{L}{\partial\dotq^{i=0.
629,75ce3a073f.png,1,1,100.0,exact,49,49,\begin{array}{c}{\psi_{R}}\{\psi_{L}}\\end{array},\begin{array}{c}{\psi_{R}}\{\psi_{L}}\\end{array},\begin{array}{c}{\psi_{R}\{\psi_{L}\\end{array},\begin{array}{c}{\psi_{R}\{\psi_{L}\\end{array}
630,230b22512c.png,1,1,100.0,exact,68,68,"\{A,B\}_{\mathrm{D}}\equiv\{A,B\}-\{A,\chi_{\alpha}\}C_{\alpha\beta}","\{A,B\}_{\mathrm{D}}\equiv\{A,B\}-\{A,\chi_{\alpha}\}C_{\alpha\beta}","\{A,B\_\mathrm{D}\equiv\{A,B\-\{A,\chi_{\alpha}\}C_{\alpha\beta}","\{A,B\_\mathrm{D}\equiv\{A,B\-\{A,\chi_{\alpha}\}C_{\alpha\beta}"
631,65621b8a7d.png,1,1,100.0,exact,138,138,\langle\zeta|\zeta^{\prime}\rangle=(-1)^{m}\delta(\zeta-\zeta^{\prime})=(\zeta_{m}-\zeta_{m}^{\prime})\cdots(\zeta_{1}-\zeta_{1}^{\prime}),\langle\zeta|\zeta^{\prime}\rangle=(-1)^{m}\delta(\zeta-\zeta^{\prime})=(\zeta_{m}-\zeta_{m}^{\prime})\cdots(\zeta_{1}-\zeta_{1}^{\prime}),\langle\zeta|\zeta^{\prime}\rangle=(-1)^{m}\delta(\zeta-\zeta^{\prime)=(\zeta_{m-\zeta_m^{\prime)\cdots(\zeta_{1-\zeta_1^{\prime),\langle\zeta|\zeta^{\prime}\rangle=(-1)^{m}\delta(\zeta-\zeta^{\prime)=(\zeta_{m-\zeta_m^{\prime)\cdots(\zeta_{1-\zeta_1^{\prime)
632,20fff85821.png,0,0,97.826,almost_correct,46,45,"a=e^{-ip}-\alpha^{2},~~~~~b=\alpha(e^{-ip}-1).","a=e^{-ip}-\alpha^{2},~~~~b=\alpha(e^{-ip}-1).","a=e^{-ip-\alpha^{2,~~~~~b=\alpha(e^{-ip-1).","a=e^{-ip-\alpha^{2,~~~~b=\alpha(e^{-ip-1)."
633,30cb14d75d.png,1,1,100.0,exact,90,90,"(B_{1}+B_{2}x+B_{3}x^{2}){\frac{d{\bfu}(x)}{dx}}+(B_{4}+B_{3}(2xA+B)){\bfu}=\lambda{\bfu},","(B_{1}+B_{2}x+B_{3}x^{2}){\frac{d{\bfu}(x)}{dx}}+(B_{4}+B_{3}(2xA+B)){\bfu}=\lambda{\bfu},","(B_{1+B_{2}x+B_{3}x^{2)\frac{d{\bfu}(x)}{dx+(B_{4+B_{3}(2xA+B)){\bfu=\lambda{\bfu,","(B_{1+B_{2}x+B_{3}x^{2)\frac{d{\bfu}(x)}{dx+(B_{4+B_{3}(2xA+B)){\bfu=\lambda{\bfu,"
634,785890f270.png,1,1,100.0,exact,62,62,"\nabla_{0}^{-1}=-\Theta(y^{0}-x^{0})\,e^{i\mu(x^{0}-y^{0})}\;.","\nabla_{0}^{-1}=-\Theta(y^{0}-x^{0})\,e^{i\mu(x^{0}-y^{0})}\;.",\nabla_0^{-1=-\Theta(y^{0-x^{0)e^{i\mu(x^{0-y^{0)}.,\nabla_0^{-1=-\Theta(y^{0-x^{0)e^{i\mu(x^{0-y^{0)}.
635,751eacb390.png,1,1,100.0,exact,104,104,"\zeta_{G}(s;a,c;q)\equiv\sum_{n=-\infty}^{\infty}\left[a(n+c)^{2}+q\right]^{-s},\quad\mathrm{Re}\,s>1/2.","\zeta_{G}(s;a,c;q)\equiv\sum_{n=-\infty}^{\infty}\left[a(n+c)^{2}+q\right]^{-s},\quad\mathrm{Re}\,s>1/2.","\zeta_{G}(s;a,c;q)\equiv\sum_{n=-\infty^{\infty}[a(n+c)^{2+q]^{-s,\mathrm{Re}s>1/2.","\zeta_{G}(s;a,c;q)\equiv\sum_{n=-\infty^{\infty}[a(n+c)^{2+q]^{-s,\mathrm{Re}s>1/2."
636,6ecf8c3473.png,1,1,100.0,exact,30,30,\alpha_{k}\approxe^{-i\omegat},\alpha_{k}\approxe^{-i\omegat},\alpha_{k}\approxe^{-i\omegat},\alpha_{k}\approxe^{-i\omegat}
637,55d6220887.png,0,0,95.58,almost_correct,177,181,"|B;\pm\rangle_{I}=\int[dPd\chi]e^{\frac{1}{2}\intd\sigma(iP^{i}\partial_{\sigma}P^{j}+\chi^{i}\chi^{j})\omega_{ij}-\intd\sigma(ip_{i}P^{i}-\pi_{i}\chi^{i})}|B;\pm\rangle_{-1,I},","|B;\pm\rangle_{I}=\int[dPd\chi]e^{\frac{1}{2}\intd\sigma(i\Gamma^{i}\partial_{\sigma}P^{j}+\chi^{i}\chi^{j})\omega_{ij}-\intd\sigma(p_{i}P^{i}-\pi_{0}\chi^{i})}|B;\pm\rangle_{-1,I},","|B;\pm\rangle_{I=\int[dPd\chi]e^\frac{1}{2}\intd\sigma(iP^{i}\partial_{\sigma}P^{j+\chi^{i}\chi^{j)\omega_{ij-\intd\sigma(ip_{i}P^{i-\pi_{i}\chi^{i)}|B;\pm\rangle_{-1,I,","|B;\pm\rangle_{I=\int[dPd\chi]e^\frac{1}{2}\intd\sigma(i\Gamma^{i}\partial_{\sigma}P^{j+\chi^{i}\chi^{j)\omega_{ij-\intd\sigma(p_{i}P^{i-\pi_{0}\chi^{i)}|B;\pm\rangle_{-1,I,"
638,1352611538.png,0,0,98.077,almost_correct,51,52,"V(z)=(A^{\prime})^{2}-A^{\prime\prime}+P_{2}(x(z)),","V(z)=(A^{\prime})^{2}-A^{\prime\prime}+P_{2}(x(z))~,","V(z)=(A^{\prime)^{2-A^{\prime\prime+P_{2}(x(z)),","V(z)=(A^{\prime)^{2-A^{\prime\prime+P_{2}(x(z))~,"
639,4fc69201e0.png,0,1,94.118,canonical_equivalent,34,32,"f(t)={\frac{1}{2}}a_{1}a_{2}a_{3},","f(t)=\frac{1}{2}a_{1}a_{2}a_{3},","f(t)=\frac{1}{2}a_{1}a_{2}a_{3,","f(t)=\frac{1}{2}a_{1}a_{2}a_{3,"
640,6a6cd0bd64.png,1,1,100.0,exact,36,36,{\calB}_{1}={\calB}_{2}\rightarrow0.,{\calB}_{1}={\calB}_{2}\rightarrow0.,\calB_{1=\calB_{2}arrow0.,\calB_{1=\calB_{2}arrow0.
641,6fc9fc26e2.png,0,0,96.651,almost_correct,205,209,"\partial_{\alpha}\partial^{\alpha}a^{\beta}=(\partial_{\mu}\partial^{\mu}+\partial_{\tau}\partial^{\tau})a^{\beta}=(\partial_{\mu}\partial^{\mu}+\sigma\;\partial_{\tau}^{2})a^{\beta}=-\frac{e}{c}j^{\beta},","\partial_{\alpha}\partial^{\alpha}~a^{\beta}=(\partial_{\mu}\partial^{\mu}+\partial_{\tau}\partial^{\tau})~a^{\beta}=(\partial_{\mu}\partial^{\mu}+\sigma~\partial_{\tau}^{2})~a^{\beta}=-\frac{e}{c}~j^{\beta}~,","\partial_{\alpha}\partial^{\alpha}a^{\beta=(\partial_{\mu}\partial^{\mu+\partial_{\tau}\partial^{\tau)a^{\beta=(\partial_{\mu}\partial^{\mu+\sigma\partial_\tau^{2)a^{\beta=-\frac{e}{c}j^{\beta,","\partial_{\alpha}\partial^{\alpha}~a^{\beta=(\partial_{\mu}\partial^{\mu+\partial_{\tau}\partial^{\tau)~a^{\beta=(\partial_{\mu}\partial^{\mu+\sigma~\partial_\tau^{2)~a^{\beta=-\frac{e}{c}~j^{\beta}~,"
642,1aef4774a5.png,1,1,100.0,exact,47,47,"f(\xi_{1},\xi_{2})=\frac{1}{2}-\xi_{1}-\xi_{2}.","f(\xi_{1},\xi_{2})=\frac{1}{2}-\xi_{1}-\xi_{2}.","f(\xi_{1,\xi_{2)=\frac{1}{2-\xi_{1-\xi_{2}.","f(\xi_{1,\xi_{2)=\frac{1}{2-\xi_{1-\xi_{2}."
643,7cb6085537.png,1,1,100.0,exact,49,49,"\langleT_{\mu\nu}\rangle=T_{\mu\nu}-:T_{\mu\nu}:,","\langleT_{\mu\nu}\rangle=T_{\mu\nu}-:T_{\mu\nu}:,","\langleT_{\mu\nu}\rangle=T_{\mu\nu-:T_{\mu\nu}:,","\langleT_{\mu\nu}\rangle=T_{\mu\nu-:T_{\mu\nu}:,"
644,ca2eae09e6.png,1,1,100.0,exact,41,41,\DeltaL^{\pm}=L^{\pm}\dot{\otimes}L^{\pm},\DeltaL^{\pm}=L^{\pm}\dot{\otimes}L^{\pm},\DeltaL^{\pm=L^{\pm}\dot{\otimes}L^{\pm},\DeltaL^{\pm=L^{\pm}\dot{\otimes}L^{\pm}
645,716913f412.png,1,1,100.0,exact,37,37,"(T_{1})_{gr}=\Gamma(T\otimesI)\Gamma,","(T_{1})_{gr}=\Gamma(T\otimesI)\Gamma,","(T_{1)_{gr=\Gamma(T\otimesI)\Gamma,","(T_{1)_{gr=\Gamma(T\otimesI)\Gamma,"
646,5b0ccaa1a6.png,0,1,86.458,canonical_equivalent,96,83,0={\frac{1}{\sqrt{g}}}\partial_{\mu}\left[\sqrt{g}g^{\mu\nu}\partial^{\nu}\phi\right]+m^{2}\phi.,0=\frac{1}{\sqrt{g}}\partial_{\mu}[\sqrt{g}g^{\mu\nu}\partial^{\nu}\phi]+m^{2}\phi.,0=\frac{1}\sqrt{g}\partial_{\mu}[\sqrt{g}g^{\mu\nu}\partial^{\nu}\phi]+m^{2}\phi.,0=\frac{1}\sqrt{g}\partial_{\mu}[\sqrt{g}g^{\mu\nu}\partial^{\nu}\phi]+m^{2}\phi.
647,6a0e6a7dc9.png,1,1,100.0,exact,89,89,\frac{i}{(2\pi)^{4}}\int{\mathrmd}^{4}p\frac{-i\hat{p}-m}{p^{2}+m^{2}}e^{ip(x_{2}-x_{1})},\frac{i}{(2\pi)^{4}}\int{\mathrmd}^{4}p\frac{-i\hat{p}-m}{p^{2}+m^{2}}e^{ip(x_{2}-x_{1})},\frac{i}{(2\pi)^{4}\int\mathrmd^{4}p\frac{-i\hat{p-m}{p^{2+m^{2}e^{ip(x_{2-x_{1)},\frac{i}{(2\pi)^{4}\int\mathrmd^{4}p\frac{-i\hat{p-m}{p^{2+m^{2}e^{ip(x_{2-x_{1)}
648,6a186b2706.png,1,1,100.0,exact,44,44,"SO(4,2)\timesSO(6)\approxSU(2,2)\timesSU(4).","SO(4,2)\timesSO(6)\approxSU(2,2)\timesSU(4).","SO(4,2)\timesSO(6)\approxSU(2,2)\timesSU(4).","SO(4,2)\timesSO(6)\approxSU(2,2)\timesSU(4)."
649,66b413cec5.png,1,1,100.0,exact,121,121,(-q_{r}^{2}+m_{r}^{2}-i\epsilon)^{-1}=i\int_{0}^{\infty}d\alpha_{r}\operatorname{exp}[-i\alpha_{r}(m_{r}^{2}-q_{r}^{2})].,(-q_{r}^{2}+m_{r}^{2}-i\epsilon)^{-1}=i\int_{0}^{\infty}d\alpha_{r}\operatorname{exp}[-i\alpha_{r}(m_{r}^{2}-q_{r}^{2})].,(-q_r^{2+m_r^{2-i\epsilon)^{-1=i\int_0^{\infty}d\alpha_{r}\operatorname{exp}[-i\alpha_{r}(m_r^{2-q_r^{2)].,(-q_r^{2+m_r^{2-i\epsilon)^{-1=i\int_0^{\infty}d\alpha_{r}\operatorname{exp}[-i\alpha_{r}(m_r^{2-q_r^{2)].
650,49a2706dd1.png,1,1,100.0,exact,62,62,"A_{\mu}\left(\tau\right)=\lambda_{2\mu}A_{1}\left(\tau\right),","A_{\mu}\left(\tau\right)=\lambda_{2\mu}A_{1}\left(\tau\right),","A_{\mu}(\tau)=\lambda_{2\mu}A_{1}(\tau),","A_{\mu}(\tau)=\lambda_{2\mu}A_{1}(\tau),"
651,26388aff61.png,1,1,100.0,exact,82,82,"m_{\pm}^{2}=\frac{\kappa^{2}+2m^{2}\pm(\kappa^{4}+4\,m^{2}\,\kappa^{2})^{1/2}}{2}.","m_{\pm}^{2}=\frac{\kappa^{2}+2m^{2}\pm(\kappa^{4}+4\,m^{2}\,\kappa^{2})^{1/2}}{2}.",m_\pm^{2=\frac{\kappa^{2+2m^{2}\pm(\kappa^{4+4m^{2}\kappa^{2)^{1/2}{2}.,m_\pm^{2=\frac{\kappa^{2+2m^{2}\pm(\kappa^{4+4m^{2}\kappa^{2)^{1/2}{2}.
652,421bfc8e7c.png,0,1,96.85,canonical_equivalent,127,123,"ds^{2}=-\left({\frac{\rho}{QL_{P}}}\right)^{2}dt^{2}+\left({\frac{QL_{P}}{\rho}}\right)^{2}d\rho^{2}+(QL_{P})^{2}d\Omega^{2}\,,","ds^{2}=-\left(\frac{\rho}{QL_{P}}\right)^{2}dt^{2}+\left(\frac{QL_{P}}{\rho}\right)^{2}d\rho^{2}+(QL_{P})^{2}d\Omega^{2}\,,","ds^{2=-(\frac{\rho}{QL_{P)^{2}dt^{2+(\frac{QL_{P}{\rho)^{2}d\rho^{2+(QL_{P)^{2}d\Omega^{2,","ds^{2=-(\frac{\rho}{QL_{P)^{2}dt^{2+(\frac{QL_{P}{\rho)^{2}d\rho^{2+(QL_{P)^{2}d\Omega^{2,"
653,2a7770e3b1.png,0,1,93.671,canonical_equivalent,79,75,"q_{n+1}-q_{n}=q_{n}-q_{n-1}+{\frac{q_{n}}{n}}\,\,(q_{n}-q_{n-1}+\thetav^{2})\,,","q_{n+1}-q_{n}=q_{n}-q_{n-1}+\frac{q_{n}}{n}\;(q_{n}-q_{n-1}+\thetav^{2})\,,","q_{n+1-q_{n=q_{n-q_{n-1+\frac{q_{n}{n}(q_{n-q_{n-1+\thetav^{2),","q_{n+1-q_{n=q_{n-q_{n-1+\frac{q_{n}{n}(q_{n-q_{n-1+\thetav^{2),"
654,ce6dad8f3d.png,1,1,100.0,exact,100,100,"\sum_{T_{L}}str(T_{L}^{a_{1}}\ldotsT_{L}^{a_{N}})-\sum_{T_{R}}str(T_{R}^{a_{1}}\ldotsT_{R}^{a_{N}}),","\sum_{T_{L}}str(T_{L}^{a_{1}}\ldotsT_{L}^{a_{N}})-\sum_{T_{R}}str(T_{R}^{a_{1}}\ldotsT_{R}^{a_{N}}),","\sum_{T_{L}str(T_L^{a_{1}\ldotsT_L^{a_{N)-\sum_{T_{R}str(T_R^{a_{1}\ldotsT_R^{a_{N),","\sum_{T_{L}str(T_L^{a_{1}\ldotsT_L^{a_{N)-\sum_{T_{R}str(T_R^{a_{1}\ldotsT_R^{a_{N),"
655,26129c8a06.png,1,1,100.0,exact,39,39,"x_{Nc}\equiv\alpha_{c}\,g^{1/3}N^{1/3}.","x_{Nc}\equiv\alpha_{c}\,g^{1/3}N^{1/3}.",x_{Nc}\equiv\alpha_{c}g^{1/3}N^{1/3}.,x_{Nc}\equiv\alpha_{c}g^{1/3}N^{1/3}.
656,4cea828b87.png,0,1,97.059,canonical_equivalent,68,66,F_{D=1}^{\mathrm{TM}}={\frac{1}{2\pi}}(Q_{0}+Q_{1})=-0.2621+0.6032i.,F_{D=1}^{\mathrm{TM}}=\frac{1}{2\pi}(Q_{0}+Q_{1})=-0.2621+0.6032i.,F_{D=1^\mathrm{TM=\frac{1}{2\pi}(Q_{0+Q_{1)=-0.2621+0.6032i.,F_{D=1^\mathrm{TM=\frac{1}{2\pi}(Q_{0+Q_{1)=-0.2621+0.6032i.
657,1ac155e175.png,1,1,100.0,exact,157,157,"{\calL}_{\mathrm{constr}}={\frac{D}{2}}\left(\phi^{\dagger}\phi-\chi^{\dagger}\chi-c\right)+\left(F_{\Sigma}\left(\chi^{T}\phi-b\right)+\mathrm{c.c.}\right),","{\calL}_{\mathrm{constr}}={\frac{D}{2}}\left(\phi^{\dagger}\phi-\chi^{\dagger}\chi-c\right)+\left(F_{\Sigma}\left(\chi^{T}\phi-b\right)+\mathrm{c.c.}\right),","\calL_\mathrm{constr=\frac{D}{2}(\phi^{\dagger}\phi-\chi^{\dagger}\chi-c)+(F_{\Sigma}(\chi^{T}\phi-b)+\mathrm{c.c.),","\calL_\mathrm{constr=\frac{D}{2}(\phi^{\dagger}\phi-\chi^{\dagger}\chi-c)+(F_{\Sigma}(\chi^{T}\phi-b)+\mathrm{c.c.),"
658,7cc2db63a6.png,0,0,98.077,almost_correct,156,154,L_{selfint}^{ferm}=3\left[\frac{1}{b}\left(\frac{m(h-b)}{4M(k-b)}\overline{{\Psi}}^{\prime}\Psi^{\prime}\right)^{4}e^{2\alpha\bar{\phi}/M_{p}}\right]^{1/3}.,L_{selfir}^{fem}=3\left[\frac{1}{b}\left(\frac{m(h-b)}{4M(k-b)}\overline{{\Psi}}^{\prime}\Psi^{\prime}\right)^{4}e^{2\alpha\bar{\phi}/M_{p}}\right]^{1/3}.,L_{selfint^{ferm=3[\frac{1}{b}(\frac{m(h-b)}{4M(k-b)}\overline{\Psi^{\prime}\Psi^{\prime)^{4}e^{2\alpha\bar{\phi}/M_{p]^{1/3}.,L_{selfir^{fem=3[\frac{1}{b}(\frac{m(h-b)}{4M(k-b)}\overline{\Psi^{\prime}\Psi^{\prime)^{4}e^{2\alpha\bar{\phi}/M_{p]^{1/3}.
659,288ce5c2cb.png,0,0,98.347,almost_correct,121,119,"{}_{1}F_{1}(k,J,z)=\sum_{m=0}^{\infty}\frac{(k)_{m}}{(J)_{m}}\frac{z^{m}}{m!},\quad(k)_{m}\equivk\cdot(k+1)\cdots(k+m-1).","_{1}F_{1}(k,J,z)=\sum_{m=0}^{\infty}\frac{(k)_{m}}{(J)_{m}}\frac{z^{m}}{m!},\quad(k)_{m}\equivk\cdot(k+1)\cdots(k+m-1).","{_{1}F_{1}(k,J,z)=\sum_{m=0^{\infty}\frac{(k)_{m}{(J)_{m}\frac{z^{m}{m!,(k)_{m}\equivk\cdot(k+1)\cdots(k+m-1).","_{1}F_{1}(k,J,z)=\sum_{m=0^{\infty}\frac{(k)_{m}{(J)_{m}\frac{z^{m}{m!,(k)_{m}\equivk\cdot(k+1)\cdots(k+m-1)."
660,5688dd1baf.png,1,1,100.0,exact,90,90,D_{\omega}(\varphi\psi)=D_{\omega}(\varphi)\psi+(-1)^{deg(\varphi)}\varphiD_{\omega}(\psi),D_{\omega}(\varphi\psi)=D_{\omega}(\varphi)\psi+(-1)^{deg(\varphi)}\varphiD_{\omega}(\psi),D_{\omega}(\varphi\psi)=D_{\omega}(\varphi)\psi+(-1)^{deg(\varphi)}\varphiD_{\omega}(\psi),D_{\omega}(\varphi\psi)=D_{\omega}(\varphi)\psi+(-1)^{deg(\varphi)}\varphiD_{\omega}(\psi)
661,727419642b.png,0,0,97.368,almost_correct,76,74,r_{\mathrm{e}}={\frac{2V_{*}}{{V}-V_{*}}}r_{6}\left(1-{\frac{M}{2N}}\right).,r_{\mathrm{e}}={\frac{2V_{*}}{V-V_{*}}}r_{6}\left(1-{\frac{M}{2N}}\right).,r_\mathrm{e=\frac{2V_{*}{{V-V_{*}r_{6}(1-\frac{M}{2N).,r_\mathrm{e=\frac{2V_{*}{V-V_{*}r_{6}(1-\frac{M}{2N).
662,6b64bbc9f1.png,1,1,100.0,exact,69,69,"(\Deltaz)^{2}\ge{\frac{\epsilon}{4}}e^{-\sigma_{D}}(\Delta_{D}z)^{2},","(\Deltaz)^{2}\ge{\frac{\epsilon}{4}}e^{-\sigma_{D}}(\Delta_{D}z)^{2},","(\Deltaz)^{2}\ge\frac{\epsilon}{4}e^{-\sigma_{D}(\Delta_{D}z)^{2,","(\Deltaz)^{2}\ge\frac{\epsilon}{4}e^{-\sigma_{D}(\Delta_{D}z)^{2,"
663,32d0cfefe9.png,0,0,95.122,almost_correct,82,78,g(p)=2h(p)\sqrt{{\sum_{\alpha=0}^{2}\operatorname{sin}^{2}{\frac{p_{\alpha}}{2}}}},g(p)=2h(p)\sqrt{\sum_{\alpha=0}^{2}\operatorname{sin}^{2}\frac{p_{\alpha}}{2}},g(p)=2h(p)\sqrt{{\sum_{\alpha=0^{2}\operatorname{sin^{2}\frac{p_{\alpha}{2},g(p)=2h(p)\sqrt{\sum_{\alpha=0^{2}\operatorname{sin^{2}\frac{p_{\alpha}{2}
664,73ac8269f0.png,1,1,100.0,exact,126,126,"X_{3}[\phi_{0},m(\mu),\lambda(\mu)]=\alpha_{4}(\lambda(\mu))\;\phi_{0}^{4}+\alpha_{5}(\lambda(\mu))\;m^{2}(\mu)\;\phi_{0}^{2}.","X_{3}[\phi_{0},m(\mu),\lambda(\mu)]=\alpha_{4}(\lambda(\mu))\;\phi_{0}^{4}+\alpha_{5}(\lambda(\mu))\;m^{2}(\mu)\;\phi_{0}^{2}.","X_{3}[\phi_{0,m(\mu),\lambda(\mu)]=\alpha_{4}(\lambda(\mu))\phi_0^{4+\alpha_{5}(\lambda(\mu))m^{2}(\mu)\phi_0^{2}.","X_{3}[\phi_{0,m(\mu),\lambda(\mu)]=\alpha_{4}(\lambda(\mu))\phi_0^{4+\alpha_{5}(\lambda(\mu))m^{2}(\mu)\phi_0^{2}."
665,2d1e9f3fb8.png,0,1,93.103,canonical_equivalent,29,27,"E=\pmm\intd^{2}x{\rho}_{\pm},","E=\pmm\intd^{2}x\rho_{\pm},","E=\pmm\intd^{2}x\rho_{\pm,","E=\pmm\intd^{2}x\rho_{\pm,"
666,2b0f74b0ef.png,0,0,76.522,semantic_or_token_error,115,89,"A_{c}(p,\stackrel{\rightharpoonup}{l})=\int\frac{dl^{0}}{2\pi}\tilde{A}_{c}(p,l^{0},\stackrel{\rightharpoonup}{l}),","A_{c}(p,\stackrel{0}{l})=\int\frac{dl^{0}}{2\pi}\tilde{A}_{c}(p,l^{0},\stackrel{\to}{l}),","A_{c}(p,\stackrel{harpoonup}{l)=\int\frac{dl^{0}{2\pi}\tildeA_{c}(p,l^{0,\stackrel{harpoonup}{l),","A_{c}(p,\stackrel{0}{l)=\int\frac{dl^{0}{2\pi}\tildeA_{c}(p,l^{0,\stackrel{\rightarrow}{l),"
667,7a3cbec46a.png,1,1,100.0,exact,79,79,"\vee(\delta\Omega,*\Omega)=\vee(\Phi,*\pi_{1}\Omega)+\vee(\Psi,*\pi_{2}\Omega).","\vee(\delta\Omega,*\Omega)=\vee(\Phi,*\pi_{1}\Omega)+\vee(\Psi,*\pi_{2}\Omega).","\vee(\delta\Omega,*\Omega)=\vee(\Phi,*\pi_{1}\Omega)+\vee(\Psi,*\pi_{2}\Omega).","\vee(\delta\Omega,*\Omega)=\vee(\Phi,*\pi_{1}\Omega)+\vee(\Psi,*\pi_{2}\Omega)."
668,76ff34c506.png,0,1,96.97,canonical_equivalent,66,64,"\Psi^{(3)}=\frac{1}{3\,!}\psi_{mnp}dX^{m}\wedgedX^{n}\wedgedX^{p},","\Psi^{(3)}=\frac{1}{3!}\psi_{mnp}dX^{m}\wedgedX^{n}\wedgedX^{p},","\Psi^{(3)=\frac{1}{3!}\psi_{mnp}dX^{m}\wedgedX^{n}\wedgedX^{p,","\Psi^{(3)=\frac{1}{3!}\psi_{mnp}dX^{m}\wedgedX^{n}\wedgedX^{p,"
669,447c24b00b.png,0,0,95.455,almost_correct,42,44,"m_{1,2}=|g_{1}\pmg_{2}|e^{\tilde{\calK}/2}","m_{1,2}=|g_{1}\pmg_{2}|e^{\tilde{{\calK}}/2}","m_{1,2=|g_{1}\pmg_{2}|e^\tilde{\calK}/2}","m_{1,2=|g_{1}\pmg_{2}|e^\tilde{{\calK}/2}"
670,590fb83629.png,1,1,100.0,exact,76,76,"\psi(q,t)=\intK[H,\rho](qt;q_{0}t_{0})\psi(q_{0},t_{0})\rho(q_{0})d^{n}q_{0}","\psi(q,t)=\intK[H,\rho](qt;q_{0}t_{0})\psi(q_{0},t_{0})\rho(q_{0})d^{n}q_{0}","\psi(q,t)=\intK[H,\rho](qt;q_{0}t_{0)\psi(q_{0,t_{0)\rho(q_{0)d^{n}q_{0}","\psi(q,t)=\intK[H,\rho](qt;q_{0}t_{0)\psi(q_{0,t_{0)\rho(q_{0)d^{n}q_{0}"
671,2eff4330d9.png,0,0,92.308,semantic_or_token_error,117,110,"\zeta\sim\frac{1}{2}B_{2}-\frac{1}{2}\frac{k^{2}}{\ell_{0}^{2}}B_{1}[\operatorname{ln}(-k\eta)+\gamma_{_\mathrm{E}}],","\zeta\sim\frac{1}{2}B_{2}-\frac{1}{2}\frac{k^{2}}{\ell_{0}^{2}}B_{1}[\operatorname{ln}(-k\eta)+\gamma_{\bfE}],","\zeta\sim\frac{1}{2}B_{2-\frac{1}{2}\frac{k^{2}{\ell_0^{2}B_{1}[\operatorname{ln}(-k\eta)+\gamma_{_\mathrm{E],","\zeta\sim\frac{1}{2}B_{2-\frac{1}{2}\frac{k^{2}{\ell_0^{2}B_{1}[\operatorname{ln}(-k\eta)+\gamma_{\bfE],"
672,6f4188c36d.png,1,1,100.0,exact,39,39,"(x,y)~~=~~(L^{+},L^{-})\cdot(T,T)^{-1},","(x,y)~~=~~(L^{+},L^{-})\cdot(T,T)^{-1},","(x,y)~~=~~(L^{+,L^{-)\cdot(T,T)^{-1,","(x,y)~~=~~(L^{+,L^{-)\cdot(T,T)^{-1,"
673,7e53d26b00.png,0,1,95.122,canonical_equivalent,82,78,d_{(\bar{\psi}\psi)^{n}}=2n-{\frac{2n+15}{6\kappa^{2}}}+O({\frac{1}{\kappa^{4}}}).,d_{(\bar{\psi}\psi)^{n}}=2n-\frac{2n+15}{6\kappa^{2}}+O(\frac{1}{\kappa^{4}}).,d_{(\bar{\psi}\psi)^{n=2n-\frac{2n+15}{6\kappa^{2+O(\frac{1}{\kappa^{4).,d_{(\bar{\psi}\psi)^{n=2n-\frac{2n+15}{6\kappa^{2+O(\frac{1}{\kappa^{4).
674,761a955775.png,0,0,96.667,almost_correct,60,60,\dot{\psi_{2}}(x)=\frac{1}{2a}[\psi_{1}(x+1)-\psi_{1}(x-1)].,\dot{\psi}_{2}(x)=\frac{1}{2a}[\psi_{1}(x+1)-\psi_{1}(x-1)].,\dot{\psi_{2}(x)=\frac{1}{2a}[\psi_{1}(x+1)-\psi_{1}(x-1)].,\dot\psi_{2}(x)=\frac{1}{2a}[\psi_{1}(x+1)-\psi_{1}(x-1)].
675,aaf970fd61.png,0,0,90.278,semantic_or_token_error,72,65,e(Def(\Sigma)^{m})={\frac{\l_{1}-\l_{2}}{d_{1}}}+{\frac{\l_{1}}{d_{2}}}.,e(Def(\Sigma)^{m})=\frac{l_{1}-l_{2}}{d_{1}}+\frac{l_{1}}{d_{2}}.,e(Def(\Sigma)^{m)=\frac{\l_{1-\l_{2}{d_{1+\frac{\l_{1}{d_{2}.,e(Def(\Sigma)^{m)=\frac{l_{1-l_{2}{d_{1+\frac{l_{1}{d_{2}.
676,3cd6a807fb.png,1,1,100.0,exact,180,180,"Y^{(i)}(z_{\pm},w;r)={}^{(i)}\langleW^{*}|\operatorname{exp}\left(\sum_{k=1}^{\infty}a_{-k}G_{k}\right)\operatorname{exp}\left(-\sum_{k=1}^{\infty}a_{k}F_{k}\right)|W\rangle^{(i)},","Y^{(i)}(z_{\pm},w;r)={}^{(i)}\langleW^{*}|\operatorname{exp}\left(\sum_{k=1}^{\infty}a_{-k}G_{k}\right)\operatorname{exp}\left(-\sum_{k=1}^{\infty}a_{k}F_{k}\right)|W\rangle^{(i)},","Y^{(i)}(z_{\pm,w;r)={^{(i)}\langleW^{*}|\operatorname{exp}(\sum_{k=1^{\infty}a_{-k}G_{k)\operatorname{exp}(-\sum_{k=1^{\infty}a_{k}F_{k)|W\rangle^{(i),","Y^{(i)}(z_{\pm,w;r)={^{(i)}\langleW^{*}|\operatorname{exp}(\sum_{k=1^{\infty}a_{-k}G_{k)\operatorname{exp}(-\sum_{k=1^{\infty}a_{k}F_{k)|W\rangle^{(i),"
677,46871f6a45.png,1,1,100.0,exact,35,35,"n_{{\bfq}}=\theta(q^{r})\,n(q^{r}),","n_{{\bfq}}=\theta(q^{r})\,n(q^{r}),","n_{{\bfq=\theta(q^{r)n(q^{r),","n_{{\bfq=\theta(q^{r)n(q^{r),"
678,6e59d1025b.png,0,0,92.188,semantic_or_token_error,64,60,"M\leqG^{-{\frac{1}{2}}}\left({\frac{1}{2}}\right)^{\frac{1}{4}},","M\leqG^{-\frac{1}{2}}\left(\frac{1}{2}\right)^{\frac{1}{2}},","M\leqG^{-\frac{1}{2}(\frac{1}{2)^\frac{1}{4,","M\leqG^{-\frac{1}{2}(\frac{1}{2)^\frac{1}{2,"
679,2cfc23ceec.png,0,1,92.0,canonical_equivalent,25,23,au\gg{\hat{g}}^{1/2}\gg1.,au\gg\hat{g}^{1/2}\gg1.,au\gg\hatg^{1/2}\gg1.,au\gg\hatg^{1/2}\gg1.
680,54d3e852fc.png,1,1,100.0,exact,38,38,"E_{n}^{(q)}=2q^{-2n}\{n\},n=0,1,\ldots","E_{n}^{(q)}=2q^{-2n}\{n\},n=0,1,\ldots","E_n^{(q)=2q^{-2n}\{n\,n=0,1,\ldots","E_n^{(q)=2q^{-2n}\{n\,n=0,1,\ldots"
681,57542fda28.png,1,1,100.0,exact,107,107,"\intd^{n}Qf(Q,\{p_{j}\},\{m_{k}\})>=<\Gamma_{npl}(\{p_{j}\},\{m_{k}\})+N^{\omega}(\{p_{j}\},\{C_{\omega}\})","\intd^{n}Qf(Q,\{p_{j}\},\{m_{k}\})>=<\Gamma_{npl}(\{p_{j}\},\{m_{k}\})+N^{\omega}(\{p_{j}\},\{C_{\omega}\})","\intd^{n}Qf(Q,\{p_{j}\,\{m_{k}\)>=<\Gamma_{npl}(\{p_{j}\,\{m_{k}\)+N^{\omega}(\{p_{j}\,\{C_{\omega}\)","\intd^{n}Qf(Q,\{p_{j}\,\{m_{k}\)>=<\Gamma_{npl}(\{p_{j}\,\{m_{k}\)+N^{\omega}(\{p_{j}\,\{C_{\omega}\)"
682,601f201826.png,1,1,100.0,exact,50,50,\sum_{IJKL}|A_{I}A_{J}A_{K}A_{L}|<d^{4}|A_{1}|^{4},\sum_{IJKL}|A_{I}A_{J}A_{K}A_{L}|<d^{4}|A_{1}|^{4},\sum_{IJKL}|A_{I}A_{J}A_{K}A_{L}|<d^{4}|A_{1}|^{4},\sum_{IJKL}|A_{I}A_{J}A_{K}A_{L}|<d^{4}|A_{1}|^{4}
683,52103ddc3f.png,1,1,100.0,exact,40,40,"\pmv_{1}\pmv_{2}\pmv_{3}=\pm\frac{1}{2},","\pmv_{1}\pmv_{2}\pmv_{3}=\pm\frac{1}{2},","\pmv_{1}\pmv_{2}\pmv_{3=\pm\frac{1}{2,","\pmv_{1}\pmv_{2}\pmv_{3=\pm\frac{1}{2,"
684,5e69433975.png,1,1,100.0,exact,93,93,"k^{\mu}\check{B}_{\mu}(k)=k^{\mu}\check{B}_{\mu}^{L}(k),\quadk^{\mu}\check{B}_{\mu}^{T}(k)=0.","k^{\mu}\check{B}_{\mu}(k)=k^{\mu}\check{B}_{\mu}^{L}(k),\quadk^{\mu}\check{B}_{\mu}^{T}(k)=0.","k^{\mu}\checkB_{\mu}(k)=k^{\mu}\checkB_\mu^{L}(k),k^{\mu}\checkB_\mu^{T}(k)=0.","k^{\mu}\checkB_{\mu}(k)=k^{\mu}\checkB_\mu^{L}(k),k^{\mu}\checkB_\mu^{T}(k)=0."
685,ad18e52ff3.png,0,1,98.611,canonical_equivalent,144,142,"\frac{\partial{\calS}}{\partial\lambda^{i}}=\frac{1}{2}\intd\phi_{1}\intd\phi_{2}\,\langle{\calO}_{i}(\phi_{1})\{Q,{\calO}(\phi_{2})\}\rangle\,.","\frac{\partial{\calS}}{\partial\lambda^{i}}=\frac{1}{2}\intd\phi_{1}\intd\phi_{2}\langle{\calO}_{i}(\phi_{1})\{Q,{\calO}(\phi_{2})\}\rangle\,.","\frac{\partial{\calS}{\partial\lambda^{i=\frac{1}{2}\intd\phi_{1}\intd\phi_{2}\langle\calO_{i}(\phi_{1)\{Q,{\calO}(\phi_{2)\}\rangle.","\frac{\partial{\calS}{\partial\lambda^{i=\frac{1}{2}\intd\phi_{1}\intd\phi_{2}\langle\calO_{i}(\phi_{1)\{Q,{\calO}(\phi_{2)\}\rangle."
686,57cd99e0ed.png,0,0,85.227,semantic_or_token_error,81,88,\Psi[\gamma]=\int\!{\calD}A\;\;\mathrm{Tr(Pexp}\oint\dot{\gamma}^{a}A_{a})\Psi[A],\Psi[\gamma]=\int\!{\calD}A~~\mathrm{Tr}(\mathrm{Pexp}\oint\dot{\gamma}^{a}A_{a})\Psi[A],\Psi[\gamma]=\int{\calD}A\mathrm{Tr(Pexp}\oint\dot\gamma^{a}A_{a)\Psi[A],\Psi[\gamma]=\int{\calD}A~~\mathrm{Tr}(\mathrm{Pexp}\oint\dot\gamma^{a}A_{a)\Psi[A]
687,6d9b9de88d.png,0,0,79.167,semantic_or_token_error,144,114,"\left[H,\gamma_{i}^{\left(2\right)a}\right]^{*}=-gf_{\;bc}^{a}\left(\left(D^{j}\right)_{\;\;d}^{b}B_{0j}^{d}\right)\gamma_{i}^{\left(2\right)c},","\left[H,\gamma_{i}^{(2)a}\right]^{*}=-gf_{\;bc}^{a}\left(\left(D^{j}\right)^{b}B_{0j}^{d}\right)\gamma_{i}^{(2)c},","[H,\gamma_i^{(2)a]^{*=-gf_{bc^{a}((D^{j)_d^{b}B_{0j^{d)\gamma_i^{(2)c,","[H,\gamma_i^{(2)a]^{*=-gf_{bc^{a}((D^{j)^{b}B_{0j^{d)\gamma_i^{(2)c,"
688,7b06ae2ce3.png,0,0,91.919,semantic_or_token_error,99,91,"\bar{H}=\sum_{i=1}^{N}(\bar{H}_{s,i}+\bar{H}_{d,i}+\bar{\tilde{H}}_{v,i}-\bar{H}_{s,i}^{\prime})\,.","\bar{H}=\sum_{i=1}^{N}(\bar{H}_{s,i}+\bar{H}_{d,i}+\bar{H}_{v,i}-\bar{H}_{s,i}^{\prime})\,.","\bar{H=\sum_{i=1^{N}(\barH_{s,i+\barH_{d,i+\bar\tildeH_{v,i-\barH_{s,i^{\prime).","\bar{H=\sum_{i=1^{N}(\barH_{s,i+\barH_{d,i+\barH_{v,i-\barH_{s,i^{\prime)."
689,7b1094331e.png,0,0,66.129,too_long,43,62,"\mathrm{IIB}\quad:\qquadS^{2}\to0\toS^{3}~,","\mathrm{IIB}\quad:\quad\quadS^{2}\rightarrow0\rightarrowS^{3},","\mathrm{IIB}:S^{2}\rightarrow0\rightarrowS^{3}~,","\mathrm{IIB}:S^{2}arrow0arrowS^{3,"
690,1f465feebe.png,0,0,95.58,almost_correct,181,179,"\zeta_{\bar{{\calV}}}(s)=\frac{mL}{\Gamma(s)\sqrt{4\pi}}\int_{0}^{\infty}\!\!d\beta\,\beta^{s-\frac{3}{2}}e^{-\beta}=\frac{mL}{\sqrt{4\pi}}\frac{\Gamma(s-\frac{1}{2})}{\Gamma(s)}\,.","\zeta_{\tilde{\calV}}(s)=\frac{mL}{\Gamma(s)\sqrt{4\pi}}\int_{0}^{\infty}\!d\beta\,\beta^{s-\frac{3}{2}}e^{-\beta}=\frac{mL}{\sqrt{4\pi}}\frac{\Gamma(s-\frac{1}{2})}{\Gamma(s)}\,.",\zeta_\bar{{\calV}(s)=\frac{mL}{\Gamma(s)\sqrt{4\pi}\int_0^{\infty}d\beta\beta^{s-\frac{3}{2}e^{-\beta=\frac{mL}\sqrt{4\pi}\frac{\Gamma(s-\frac{1}{2)}{\Gamma(s)}.,\zeta_\tilde{\calV}(s)=\frac{mL}{\Gamma(s)\sqrt{4\pi}\int_0^{\infty}d\beta\beta^{s-\frac{3}{2}e^{-\beta=\frac{mL}\sqrt{4\pi}\frac{\Gamma(s-\frac{1}{2)}{\Gamma(s)}.
691,68e7544996.png,1,1,100.0,exact,66,66,"\int_{0}^{a}f(z)\,d_{q}z:=a(1-q)\sum_{n=0}^{\infty}f(aq^{n})q^{n}.","\int_{0}^{a}f(z)\,d_{q}z:=a(1-q)\sum_{n=0}^{\infty}f(aq^{n})q^{n}.",\int_0^{a}f(z)d_{q}z:=a(1-q)\sum_{n=0^{\infty}f(aq^{n)q^{n}.,\int_0^{a}f(z)d_{q}z:=a(1-q)\sum_{n=0^{\infty}f(aq^{n)q^{n}.
692,34dac8e8aa.png,0,0,88.889,semantic_or_token_error,126,114,"\frac{\partial^{2}\Psi(r)}{\partialr_{*}^{2}}+\left\lbrackm^{2}\omega_{0}^{2}-V(r)\right\rbrack\Psi(r)=S_{l}\delta(r-r_{0})\,,","\frac{\partial^{2}\Psi(r)}{\partialr_{*}^{2}}+\left[m^{2}\omega_{0}^{2}-V(r)\right]\Psi(r)=S_{l}\delta(r-r_{0})\,,","\frac{\partial^{2}\Psi(r)}{\partialr_{*^{2+\lbrackm^{2}\omega_0^{2-V(r)\rbrack\Psi(r)=S_{l}\delta(r-r_{0),","\frac{\partial^{2}\Psi(r)}{\partialr_{*^{2+[m^{2}\omega_0^{2-V(r)]\Psi(r)=S_{l}\delta(r-r_{0),"
693,785a5225cf.png,1,1,100.0,exact,64,64,-\epsilon^{\mu\nu\lambda}\partial_{\nu}B_{\lambda}+MB^{\mu}=0\;.,-\epsilon^{\mu\nu\lambda}\partial_{\nu}B_{\lambda}+MB^{\mu}=0\;.,-\epsilon^{\mu\nu\lambda}\partial_{\nu}B_{\lambda+MB^{\mu=0.,-\epsilon^{\mu\nu\lambda}\partial_{\nu}B_{\lambda+MB^{\mu=0.
694,754529bbdb.png,1,1,100.0,exact,60,60,i\frac{\partial}{\partial\tau}\psi_{\tau}(x)=K\psi_{\tau}(x),i\frac{\partial}{\partial\tau}\psi_{\tau}(x)=K\psi_{\tau}(x),i\frac{\partial}{\partial\tau}\psi_{\tau}(x)=K\psi_{\tau}(x),i\frac{\partial}{\partial\tau}\psi_{\tau}(x)=K\psi_{\tau}(x)
695,67c7f64084.png,1,1,100.0,exact,126,126,"\frac{1}{N}V_{\mathrm{eff}}=-\frac{m^{2}}{Ng^{2}}+\frac{m^{2}}{4\pi}\left[\operatorname{ln}\frac{\Lambda^{2}}{m^{2}}+1\right],","\frac{1}{N}V_{\mathrm{eff}}=-\frac{m^{2}}{Ng^{2}}+\frac{m^{2}}{4\pi}\left[\operatorname{ln}\frac{\Lambda^{2}}{m^{2}}+1\right],","\frac{1}{N}V_\mathrm{eff=-\frac{m^{2}{Ng^{2+\frac{m^{2}{4\pi}[\operatorname{ln}\frac{\Lambda^{2}{m^{2+1],","\frac{1}{N}V_\mathrm{eff=-\frac{m^{2}{Ng^{2+\frac{m^{2}{4\pi}[\operatorname{ln}\frac{\Lambda^{2}{m^{2+1],"
696,6476be17c3.png,0,0,84.091,semantic_or_token_error,88,77,"+\langle\bar{p},\sigma,q,\lambda\vertV_{3}{\frac{1}{p^{-}-H_{0}}}V_{1}\vertp,s\rangle\;,","+\langle\bar{p},\sigma,q,\lambda|V_{3}\frac{1}{p^{-}-H_{0}}V_{1}|p,s\rangle~,","+\langle\bar{p,\sigma,q,\lambda\vertV_{3}\frac{1}{p^{--H_{0}V_{1}\vertp,s\rangle,","+\langle\bar{p,\sigma,q,\lambda|V_{3}\frac{1}{p^{--H_{0}V_{1}|p,s\rangle~,"
697,42c79a8351.png,1,1,100.0,exact,111,111,-{\calL}_{\xi}J^{\mu}=\hat{\xi}^{\lambda}\partial_{\lambda}J^{\mu}-\partial_{\lambda}\hat{\xi}^{\mu}J^{\lambda},-{\calL}_{\xi}J^{\mu}=\hat{\xi}^{\lambda}\partial_{\lambda}J^{\mu}-\partial_{\lambda}\hat{\xi}^{\mu}J^{\lambda},-\calL_{\xi}J^{\mu=\hat\xi^{\lambda}\partial_{\lambda}J^{\mu-\partial_{\lambda}\hat\xi^{\mu}J^{\lambda},-\calL_{\xi}J^{\mu=\hat\xi^{\lambda}\partial_{\lambda}J^{\mu-\partial_{\lambda}\hat\xi^{\mu}J^{\lambda}
698,75ba0251f8.png,1,1,100.0,exact,65,65,"\nabla_{++}=E^{-2}(D_{++}+2iH^{(-4)}D_{--}-D_{-A}H^{(-4)}D_{-A}),","\nabla_{++}=E^{-2}(D_{++}+2iH^{(-4)}D_{--}-D_{-A}H^{(-4)}D_{-A}),","\nabla_{++=E^{-2}(D_{+++2iH^{(-4)}D_{---D_{-A}H^{(-4)}D_{-A),","\nabla_{++=E^{-2}(D_{+++2iH^{(-4)}D_{---D_{-A}H^{(-4)}D_{-A),"
699,62a8bbd407.png,1,1,100.0,exact,43,43,"e^{2(\epsilon-s)}=\pm\frac{4k}{3D\sqrt{2}},","e^{2(\epsilon-s)}=\pm\frac{4k}{3D\sqrt{2}},","e^{2(\epsilon-s)=\pm\frac{4k}{3D\sqrt{2,","e^{2(\epsilon-s)=\pm\frac{4k}{3D\sqrt{2,"
700,1264c269d4.png,1,1,100.0,exact,74,74,\overline{{z}}_{-}\overline{{z}}_{-}\Psi^{--}\left(x;\tau\right)\rangle=-1,\overline{{z}}_{-}\overline{{z}}_{-}\Psi^{--}\left(x;\tau\right)\rangle=-1,\overline{z_{-}\overline{z_{-}\Psi^{--}(x;\tau)\rangle=-1,\overline{z_{-}\overline{z_{-}\Psi^{--}(x;\tau)\rangle=-1
701,1c098f5749.png,0,1,89.423,canonical_equivalent,104,95,"H_{R}^{\prime}=\left\{h^{\prime}\midIm(h^{\prime},h)=0\right\},\quadH_{R}^{\prime}(W)=U(g)H_{R}^{\prime}","H_{R}^{\prime}=\{h^{\prime}\midIm(h^{\prime},h)=0\}\,,\quadH_{R}^{\prime}(W)=U(g)H_{R}^{\prime}","H_R^{\prime=\{h^{\prime}\midIm(h^{\prime,h)=0\,H_R^{\prime}(W)=U(g)H_R^{\prime}","H_R^{\prime=\{h^{\prime}\midIm(h^{\prime,h)=0\,H_R^{\prime}(W)=U(g)H_R^{\prime}"
702,b5e82a1ced.png,1,1,100.0,exact,42,42,J-2E=-\frac{1}{2}\left(2N_{B}+N_{F}\right),J-2E=-\frac{1}{2}\left(2N_{B}+N_{F}\right),J-2E=-\frac{1}{2}(2N_{B+N_{F),J-2E=-\frac{1}{2}(2N_{B+N_{F)
703,2cc950b04b.png,0,1,97.727,canonical_equivalent,86,88,"S_{GF}=-\frac{1}{4}\intdx^{4}\int_{-w_{L}}^{w_{L}}dw\sqrt{-G}G^{MN}G^{RS}F_{MR}F_{NS},","S_{GF}=-{\frac{1}{4}}\intdx^{4}\int_{-w_{L}}^{w_{L}}dw\sqrt{-G}G^{MN}G^{RS}F_{MR}F_{NS},","S_{GF=-\frac{1}{4}\intdx^{4}\int_{-w_L^{w_{L}dw\sqrt{-G}G^{MN}G^{RS}F_{MR}F_{NS,","S_{GF=-\frac{1}{4}\intdx^{4}\int_{-w_L^{w_{L}dw\sqrt{-G}G^{MN}G^{RS}F_{MR}F_{NS,"
704,1dd431c609.png,0,1,95.238,canonical_equivalent,126,120,A_{\mu}^{a}\equiv\bar{C}\partial_{\mu}S^{a}-\bar{S}^{a}\partial_{\mu}C+({f}^{abc}-i{d}^{abc})\bar{S}_{b}\partial_{\mu}{S}_{c}.,A_{\mu}^{a}\equiv\bar{C}\partial_{\mu}S^{a}-\bar{S}^{a}\partial_{\mu}C+(f^{abc}-id^{abc})\bar{S}_{b}\partial_{\mu}S_{c}.,A_\mu^{a}\equiv\bar{C}\partial_{\mu}S^{a-\barS^{a}\partial_{\mu}C+(f^{abc-id^{abc)\barS_{b}\partial_{\mu}S_{c}.,A_\mu^{a}\equiv\bar{C}\partial_{\mu}S^{a-\barS^{a}\partial_{\mu}C+(f^{abc-id^{abc)\barS_{b}\partial_{\mu}S_{c}.
705,285b556930.png,0,0,89.744,semantic_or_token_error,114,117,"\int_{\bfR}\psif\:d\mu_{g}=\Omega(Ef,\psi)\:\:\mathrm{and}\:\:\int_{\bfR}h(x)(Ef)(x)\:d\mu_{g}(x)=\Omega(Ef,Eh)\:,","\int_{\bfR}\psi\,d\mu_{g}=\Omega(Ef,\psi)\,\,\,\mathrm{and}\,\,\,\int_{\bfR}h(x)(Ef)(x)\,d\mu_{g}(x)=\Omega(Ef,Eh)\,,","\int_{\bfR}\psifd\mu_{g=\Omega(Ef,\psi)\mathrm{and}\int_{\bfR}h(x)(Ef)(x)d\mu_{g}(x)=\Omega(Ef,Eh),","\int_{\bfR}\psid\mu_{g=\Omega(Ef,\psi)\mathrm{and}\int_{\bfR}h(x)(Ef)(x)d\mu_{g}(x)=\Omega(Ef,Eh),"
706,789a5e1786.png,0,0,87.5,semantic_or_token_error,58,64,\psi_{t}=\mathrm{exp}(-t\omega^{a}i_{a})\;:\;B\rightarrowA,\psi_{t}=\operatorname{exp}(-t\omega^{a}i_{a})\;:\;B\rightarrowA,\psi_{t=\mathrm{exp}(-t\omega^{a}i_{a):BarrowA,\psi_{t=\operatorname{exp}(-t\omega^{a}i_{a):BarrowA
707,1bc612791b.png,1,1,100.0,exact,82,82,"\sum_{j=1}^{7}[2(N_{j},\bar{N}_{j+2})+(N_{j},\bar{N}_{j-3})+(N_{j},\bar{N}_{j-1})]","\sum_{j=1}^{7}[2(N_{j},\bar{N}_{j+2})+(N_{j},\bar{N}_{j-3})+(N_{j},\bar{N}_{j-1})]","\sum_{j=1^{7}[2(N_{j,\barN_{j+2)+(N_{j,\barN_{j-3)+(N_{j,\barN_{j-1)]","\sum_{j=1^{7}[2(N_{j,\barN_{j+2)+(N_{j,\barN_{j-3)+(N_{j,\barN_{j-1)]"
708,1198417641.png,0,0,63.38,too_short,71,53,"\;J_{\mu}=\Omega^{-2}(x^{0})j_{\mu},\smallskip\smallskipj_{\mu}=\fracq2","J_{\mu}=\Omega^{-2}(x^{0})j_{\mu},j_{\mu}=\frac{q}{2}","J_{\mu=\Omega^{-2}(x^{0)j_{\mu,\smallskip\smallskipj_{\mu=\fracq2","J_{\mu=\Omega^{-2}(x^{0)j_{\mu,j_{\mu=\frac{q}{2}"
709,2eadcd927d.png,0,0,91.209,semantic_or_token_error,91,83,"\delta_{\varepsilon}\varphi^{i}=\stackrel{\smash{(0)}}{R}_{\alpha}^{i}\varepsilon^{\alpha},","\delta_{\varepsilon}\varphi^{i}=\stackrel{(0)}{R}_{\alpha}^{i}\varepsilon^{\alpha},","\delta_{\varepsilon}\varphi^{i=\stackrel{\smash{(0)}R_\alpha^{i}\varepsilon^{\alpha,","\delta_{\varepsilon}\varphi^{i=\stackrel{(0)}R_\alpha^{i}\varepsilon^{\alpha,"
710,5214352724.png,0,0,91.667,missing_factorial,60,57,"{\calT}_{F}~=~:\!\psi^{\alpha}\partialX_{\alpha}\!:+\dots\,,","{\calT}_{F}~=~:\psi^{\alpha}\partialX_{\alpha}:+\ldots\,,","\calT_{F}~=~:\psi^{\alpha}\partialX_{\alpha}:+\dots,","\calT_{F}~=~:\psi^{\alpha}\partialX_{\alpha}:+\ldots,"
711,54dfe4d26d.png,0,0,75.0,semantic_or_token_error,44,42,"\alpha=\frac{2\pim}{k}\quad,\quadm=0,...,k-1","\alpha={\frac{2\pim}{k}}~~~,~~~m=0,...,k-1","\alpha=\frac{2\pim}{k,m=0,...,k-1","\alpha=\frac{2\pim}{k}~~~,~~~m=0,...,k-1"
712,50ea944636.png,0,0,76.0,semantic_or_token_error,25,21,"s\mathcal{S}_{CS}(A)=0\;,","s{\calS}_{CS}(A)=0\;,","s\mathcalS_{CS}(A)=0,","s\calS_{CS}(A)=0,"
713,23ee3a1349.png,0,0,80.142,missing_factorial,130,141,"F(y)=\int_{1}^{y}\frac{du}{u^{3/2}\sqrt{u^{3}-1}}\equiv\frac23(y^{3}\!-\!1)^{\frac12}y^{\frac72}_{2}F_{1}(7/6,1;3/2|1\!-\!y^{-3}).","F(y)=\int_{1}^{y}{\frac{du}{u^{3/3}\sqrt{u^{3}-1}}}\equiv{\frac{2}{3}}(y^{3}-1)^{\frac{1}{2}}y^{\frac{7}{2}}{}_{2}F_{1}(7/6,1;3/2|1-y^{-3})~.","F(y)=\int_1^{y}\frac{du}{u^{3/2}\sqrt{u^{3-1}\equiv\frac23(y^{3-1)^\frac12}y^\frac72_{2}F_{1}(7/6,1;3/2|1-y^{-3).","F(y)=\int_1^{y}\frac{du}{u^{3/3}\sqrt{u^{3-1}\equiv\frac{2}{3}(y^{3-1)^\frac{1}{2}y^\frac{7}{2}{_{2}F_{1}(7/6,1;3/2|1-y^{-3)~."
714,31b0af7f5f.png,1,1,100.0,exact,41,41,"\Deltax^{i}(t)=\dot{x}^{i}(t_{0})\Deltat,","\Deltax^{i}(t)=\dot{x}^{i}(t_{0})\Deltat,","\Deltax^{i}(t)=\dotx^{i}(t_{0)\Deltat,","\Deltax^{i}(t)=\dotx^{i}(t_{0)\Deltat,"
715,4c3890e854.png,1,1,100.0,exact,107,107,"D_{\alpha}\Sigma=\nabla_{\alpha}\Sigma,\quad\bar{D}_{\dot{\alpha}}\Sigma=\bar{\nabla}_{\dot{\alpha}}\Sigma,","D_{\alpha}\Sigma=\nabla_{\alpha}\Sigma,\quad\bar{D}_{\dot{\alpha}}\Sigma=\bar{\nabla}_{\dot{\alpha}}\Sigma,","D_{\alpha}\Sigma=\nabla_{\alpha}\Sigma,\barD_\dot{\alpha}\Sigma=\bar\nabla_\dot{\alpha}\Sigma,","D_{\alpha}\Sigma=\nabla_{\alpha}\Sigma,\barD_\dot{\alpha}\Sigma=\bar\nabla_\dot{\alpha}\Sigma,"
716,65bd29fe49.png,1,1,100.0,exact,92,92,"g_{ij}(\xi)=\partial_{i}Z^{M}E_{M}^{\hat{a}}E_{\hat{a}N}\partial_{j}Z^{N}\quad(i,j=0,1...,p)","g_{ij}(\xi)=\partial_{i}Z^{M}E_{M}^{\hat{a}}E_{\hat{a}N}\partial_{j}Z^{N}\quad(i,j=0,1...,p)","g_{ij}(\xi)=\partial_{i}Z^{M}E_M^\hat{a}E_\hat{a}N}\partial_{j}Z^{N}(i,j=0,1...,p)","g_{ij}(\xi)=\partial_{i}Z^{M}E_M^\hat{a}E_\hat{a}N}\partial_{j}Z^{N}(i,j=0,1...,p)"
717,4007e8cf51.png,1,1,100.0,exact,134,134,"n_{(a_{1},\cdots,a_{k})}-n_{(a_{1},\cdots,a_{k},a_{k+1})}-n_{(a_{1},\cdots,a_{k},a_{k+2})}+n_{(a_{1},\cdots,a_{k},a_{k+1},a_{k+2})}=0,","n_{(a_{1},\cdots,a_{k})}-n_{(a_{1},\cdots,a_{k},a_{k+1})}-n_{(a_{1},\cdots,a_{k},a_{k+2})}+n_{(a_{1},\cdots,a_{k},a_{k+1},a_{k+2})}=0,","n_{(a_{1,\cdots,a_{k)-n_{(a_{1,\cdots,a_{k,a_{k+1)-n_{(a_{1,\cdots,a_{k,a_{k+2)+n_{(a_{1,\cdots,a_{k,a_{k+1,a_{k+2)=0,","n_{(a_{1,\cdots,a_{k)-n_{(a_{1,\cdots,a_{k,a_{k+1)-n_{(a_{1,\cdots,a_{k,a_{k+2)+n_{(a_{1,\cdots,a_{k,a_{k+1,a_{k+2)=0,"
718,16d8d7a3b4.png,1,1,100.0,exact,83,83,\Psi_{p}=\left(c+2p^{2}\right)\left(\phi_{p}-\frac{\deltaS}{\delta\phi_{-p}}\right),\Psi_{p}=\left(c+2p^{2}\right)\left(\phi_{p}-\frac{\deltaS}{\delta\phi_{-p}}\right),\Psi_{p=(c+2p^{2)(\phi_{p-\frac{\deltaS}{\delta\phi_{-p),\Psi_{p=(c+2p^{2)(\phi_{p-\frac{\deltaS}{\delta\phi_{-p)
719,4b4121558c.png,1,1,100.0,exact,103,103,"H_{\mu\nu\rho}=\omega_{\mu\nu\rho}+e^{-4\phi}\varepsilon_{\sigma\mu\nu\rho}\,\partial^{\sigma}{\bfa}\,.","H_{\mu\nu\rho}=\omega_{\mu\nu\rho}+e^{-4\phi}\varepsilon_{\sigma\mu\nu\rho}\,\partial^{\sigma}{\bfa}\,.",H_{\mu\nu\rho=\omega_{\mu\nu\rho+e^{-4\phi}\varepsilon_{\sigma\mu\nu\rho}\partial^{\sigma}{\bfa}.,H_{\mu\nu\rho=\omega_{\mu\nu\rho+e^{-4\phi}\varepsilon_{\sigma\mu\nu\rho}\partial^{\sigma}{\bfa}.
720,5a454577ac.png,1,1,100.0,exact,115,115,\langle\phi_{i}\phi_{j}\phi_{k}\phi_{l}\rangle_{0}=\sum_{nm}C_{ij}^{n}\eta_{nm}C_{kl}^{m}=\sum_{n}C_{ij}^{n}C_{nkl},\langle\phi_{i}\phi_{j}\phi_{k}\phi_{l}\rangle_{0}=\sum_{nm}C_{ij}^{n}\eta_{nm}C_{kl}^{m}=\sum_{n}C_{ij}^{n}C_{nkl},\langle\phi_{i}\phi_{j}\phi_{k}\phi_{l}\rangle_{0=\sum_{nm}C_{ij^{n}\eta_{nm}C_{kl^{m=\sum_{n}C_{ij^{n}C_{nkl},\langle\phi_{i}\phi_{j}\phi_{k}\phi_{l}\rangle_{0=\sum_{nm}C_{ij^{n}\eta_{nm}C_{kl^{m=\sum_{n}C_{ij^{n}C_{nkl}
721,53e2da159b.png,1,1,100.0,exact,77,77,"g_{2}=u^{2}G_{2},\qquadg_{3}=u^{2}G_{3},\qquad\Delta=u^{4}(-27G_{3}(0,v)^{3})","g_{2}=u^{2}G_{2},\qquadg_{3}=u^{2}G_{3},\qquad\Delta=u^{4}(-27G_{3}(0,v)^{3})","g_{2=u^{2}G_{2,g_{3=u^{2}G_{3,\Delta=u^{4}(-27G_{3}(0,v)^{3)","g_{2=u^{2}G_{2,g_{3=u^{2}G_{3,\Delta=u^{4}(-27G_{3}(0,v)^{3)"
722,eee4cb8904.png,0,0,95.58,almost_correct,178,181,"\tilde{q}_{c}^{(ab)}(r)=\frac{1}{4\pi^{2}b^{4}}\sum_{m=0}^{\infty}{'}\int_{0}^{\infty}{dz\sum_{\lambda=0}^{1}z^{3}\tilde{\Omega}_{\lambdam}^{c}(\sigma,z)F_{\lambdam}^{(q)}(z,zy)}","\tilde{q}_{c}^{(ab)}(r)=\frac{1}{4\pi^{2}b^{4}}\sum_{m=0}^{\infty}{\prime}\int_{0}^{\infty}dz\sum_{\lambda=0}^{1}z^{3}\tilde{\Omega}_{\lambdam}^{c}(\sigma,z)F_{\lambdam}^{(q)}(z,zy)","\tildeq_c^{(ab)}(r)=\frac{1}{4\pi^{2}b^{4}\sum_{m=0^{\infty}{'}\int_0^{\infty}{dz\sum_{\lambda=0^{1}z^{3}\tilde\Omega_\lambdam^{c}(\sigma,z)F_\lambdam^{(q)}(z,zy)}","\tildeq_c^{(ab)}(r)=\frac{1}{4\pi^{2}b^{4}\sum_{m=0^{\infty}{\prime}\int_0^{\infty}dz\sum_{\lambda=0^{1}z^{3}\tilde\Omega_\lambdam^{c}(\sigma,z)F_\lambdam^{(q)}(z,zy)"
723,7220450995.png,0,0,94.393,semantic_or_token_error,107,101,"\{D_{s},D_{q}\}\eta^{\primer}-{\frac{2i}{D-2}}\delta_{sq}{\frac{\partial}{\partial{\tau}}}\eta^{\primer}=0,","\{D_{s},D_{q}\}\eta^{\primer}-\frac{2i}{D-2}\delta_{sq}\frac{\partial}{\partial\tau}\eta^{\primer}=0,","\{D_{s,D_{q}\}\eta^{\primer-\frac{2i}{D-2}\delta_{sq}\frac{\partial}{\partial{\tau}\eta^{\primer=0,","\{D_{s,D_{q}\}\eta^{\primer-\frac{2i}{D-2}\delta_{sq}\frac{\partial}{\partial\tau}\eta^{\primer=0,"
724,1d6ef6a67f.png,0,0,83.333,semantic_or_token_error,48,41,\tau^{-\tilde{q}}h^{-1}2(-\tilde{q})\upsilon^{2},\tau^{-\tilde{q}}h^{-1}2(-\tilde{q})v^{2},\tau^{-\tilde{q}h^{-1}2(-\tilde{q)\upsilon^{2},\tau^{-\tilde{q}h^{-1}2(-\tilde{q)v^{2}
725,38608ab662.png,0,0,76.636,semantic_or_token_error,182,214,h_{(1)}^{(C)}={\frac{\operatorname{sinh}^{2}{({\frac{3\gamma}{2}})}}{4\operatorname{cosh}{(\gamma)}}}\operatorname{sinh}{(2\gamma)}\operatorname{coth}{(\epsilon_{-})}\sigma_{z}^{(1)},h_{(1)}^{(C)}=\frac{\operatorname{sinh}^{2}\left(\frac{3\gamma}{2}\right)}{4\operatorname{cosh}\left(\gamma\right)}\operatorname{sinh}\left(2\gamma\right)\operatorname{coth}\left(\epsilon_{-}\right)\sigma_{z}^{(1)},h_{(1)^{(C)=\frac\operatorname{sinh^{2}{(\frac{3\gamma}{2)}{4\operatorname{cosh}{(\gamma)}\operatorname{sinh}{(2\gamma)}\operatorname{coth}{(\epsilon_{-)}\sigma_z^{(1)},h_{(1)^{(C)=\frac\operatorname{sinh^{2}(\frac{3\gamma}{2)}{4\operatorname{cosh}(\gamma)}\operatorname{sinh}(2\gamma)\operatorname{coth}(\epsilon_{-)\sigma_z^{(1)}
726,60ef0720f1.png,1,1,100.0,exact,62,62,"C_{1}=f^{ace}f^{bde},C_{2}=f^{ade}f^{bce},C_{3}=f^{abe}f^{cde}","C_{1}=f^{ace}f^{bde},C_{2}=f^{ade}f^{bce},C_{3}=f^{abe}f^{cde}","C_{1=f^{ace}f^{bde,C_{2=f^{ade}f^{bce,C_{3=f^{abe}f^{cde}","C_{1=f^{ace}f^{bde,C_{2=f^{ade}f^{bce,C_{3=f^{abe}f^{cde}"
727,6fba9a6fc0.png,0,0,91.045,semantic_or_token_error,67,67,"{e^{2}}(z)~\rightarrow~e^{2}(z^{\prime})=\Omega^{2}(z;g)e^{2}(z)\,,","e^{2}(z)\;\rightarrow\;e^{2}(z^{\prime})=\Omega^{2}(z;g)e^{2}(z)\,,","{e^{2}(z)~arrow~e^{2}(z^{\prime)=\Omega^{2}(z;g)e^{2}(z),","e^{2}(z)arrowe^{2}(z^{\prime)=\Omega^{2}(z;g)e^{2}(z),"
728,9ff1ecbf11.png,0,0,65.741,semantic_or_token_error,102,108,"\alpha^{\prime}\to0,\hspace{5mm}\phi\to0,\hspace{5mm}\frac\phi{\alpha^{\prime}}=\mathrm{fix}=2\lambda.","\alpha^{\prime}\rightarrow0,\quad\phi\rightarrow0,\quad{\frac{\phi}{\alpha^{\prime}}}=\mathrm{fix}=2\lambda.","\alpha^{\prime}\rightarrow0,\hspace{5mm}\phi\rightarrow0,\hspace{5mm}\frac\phi{\alpha^{\prime=\mathrm{fix=2\lambda.","\alpha^{\prime}arrow0,\phiarrow0,\frac{\phi}{\alpha^{\prime=\mathrm{fix=2\lambda."
729,63bd20f35d.png,1,1,100.0,exact,41,41,"W[A]=\int\!d^{3}x\,\frac{1}{2}B(x)^{2}\,.","W[A]=\int\!d^{3}x\,\frac{1}{2}B(x)^{2}\,.",W[A]=\intd^{3}x\frac{1}{2}B(x)^{2}.,W[A]=\intd^{3}x\frac{1}{2}B(x)^{2}.
730,5cf646bbc2.png,0,0,87.037,semantic_or_token_error,106,108,"\alpha=0:\quad\,\,\,J_{1}\pmiJ_{2}=e^{\pmix/2}\left(p^{2}-\frac14\right)^{\frac12}e^{\pmix/2},\quadJ_{0}=p","\alpha=0:\quadJ_{1}\pmiJ_{2}=e^{\pmix/2}\left(p^{2}-\frac{1}{4}\right)^{\frac{1}{2}}e^{\pmix/2},\quadJ_{0}=p","\alpha=0:J_{1}\pmiJ_{2=e^{\pmix/2}(p^{2-\frac14)^\frac12}e^{\pmix/2,J_{0=p","\alpha=0:J_{1}\pmiJ_{2=e^{\pmix/2}(p^{2-\frac{1}{4)^\frac{1}{2}e^{\pmix/2,J_{0=p"
731,5acde00392.png,0,0,92.248,semantic_or_token_error,127,129,"W(T,U)\stackrel{\Gamma^{o}(3)_{T}}{\rightarrow}W(T,U)(i\gammaT+\delta)+i\gamma(\partial_{U}\eta^{-2}(U))\eta^{-2}(\frac{T}{3}).","W(T,U)\stackrel{\Gamma^{\prime}(3)r}{\rightarrow}W(T,U)(i\gammaT+\delta)+i\gamma(\partial_{U}\eta^{-2}(U))\eta^{-2}(\frac{T}{3}).","W(T,U)\stackrel{\Gamma^{o}(3)_{T}{arrow}W(T,U)(i\gammaT+\delta)+i\gamma(\partial_{U}\eta^{-2}(U))\eta^{-2}(\frac{T}{3).","W(T,U)\stackrel{\Gamma^{\prime}(3)r}{arrow}W(T,U)(i\gammaT+\delta)+i\gamma(\partial_{U}\eta^{-2}(U))\eta^{-2}(\frac{T}{3)."
732,1755489f8c.png,1,1,100.0,exact,63,63,L_{2}=-\sqrt{-g}\widetilde{g}^{il}\widetilde{R}_{il}=-\sqrt{-g},L_{2}=-\sqrt{-g}\widetilde{g}^{il}\widetilde{R}_{il}=-\sqrt{-g},L_{2=-\sqrt{-g}\widetildeg^{il}\widetildeR_{il=-\sqrt{-g},L_{2=-\sqrt{-g}\widetildeg^{il}\widetildeR_{il=-\sqrt{-g}
733,e40a58daf2.png,1,1,100.0,exact,42,42,{\calJ}^{\mu}=-e\bar{\psi}\gamma^{\mu}\psi,{\calJ}^{\mu}=-e\bar{\psi}\gamma^{\mu}\psi,\calJ^{\mu=-e\bar{\psi}\gamma^{\mu}\psi,\calJ^{\mu=-e\bar{\psi}\gamma^{\mu}\psi
734,7d0e3ea49a.png,1,1,100.0,exact,78,78,a(t)=a_{0}\left[1+\frac{b^{2}}{\operatorname{cosh}^{2}(t/t_{0})}\right]^{-1/2},a(t)=a_{0}\left[1+\frac{b^{2}}{\operatorname{cosh}^{2}(t/t_{0})}\right]^{-1/2},a(t)=a_{0}[1+\frac{b^{2}\operatorname{cosh^{2}(t/t_{0)]^{-1/2},a(t)=a_{0}[1+\frac{b^{2}\operatorname{cosh^{2}(t/t_{0)]^{-1/2}
735,13381c649d.png,1,1,100.0,exact,119,119,V(r)\approxE-\frac{Er^{2}(r^{2}+l^{2})}{2\rho_{*}^{4}}+\frac{L^{2}}{2m_{p}}\frac{r^{2}(r^{2}+l^{2})^{2}}{\rho_{*}^{8}}.,V(r)\approxE-\frac{Er^{2}(r^{2}+l^{2})}{2\rho_{*}^{4}}+\frac{L^{2}}{2m_{p}}\frac{r^{2}(r^{2}+l^{2})^{2}}{\rho_{*}^{8}}.,V(r)\approxE-\frac{Er^{2}(r^{2+l^{2)}{2\rho_{*^{4+\frac{L^{2}{2m_{p}\frac{r^{2}(r^{2+l^{2)^{2}{\rho_{*^{8}.,V(r)\approxE-\frac{Er^{2}(r^{2+l^{2)}{2\rho_{*^{4+\frac{L^{2}{2m_{p}\frac{r^{2}(r^{2+l^{2)^{2}{\rho_{*^{8}.
736,1e3205e44a.png,1,1,100.0,exact,33,33,\delta_{1}S_{1}+\delta_{2}S_{2}=0,\delta_{1}S_{1}+\delta_{2}S_{2}=0,\delta_{1}S_{1+\delta_{2}S_{2=0,\delta_{1}S_{1+\delta_{2}S_{2=0
737,6d86339157.png,1,1,100.0,exact,51,51,"\eta^{\prime}=C\frac{w}{\sqrt{bw^{2}-w+1}}e^{f(w)},","\eta^{\prime}=C\frac{w}{\sqrt{bw^{2}-w+1}}e^{f(w)},","\eta^{\prime=C\frac{w}\sqrt{bw^{2-w+1}e^{f(w),","\eta^{\prime=C\frac{w}\sqrt{bw^{2-w+1}e^{f(w),"
738,45fc0db4a7.png,0,1,98.214,canonical_equivalent,112,110,"a_{\mu}(\tau,x)\;=\;\frac{1}{\beta}\sum_{n=-\infty}^{+\infty}e^{i(\alpha_{n}\tau+k\cdotx)}{\tilde{a}}_{\mu}(n,k)","a_{\mu}(\tau,x)\;=\;\frac{1}{\beta}\sum_{n=-\infty}^{+\infty}e^{i(\alpha_{n}\tau+k\cdotx)}\tilde{a}_{\mu}(n,k)","a_{\mu}(\tau,x)=\frac{1}{\beta}\sum_{n=-\infty^{+\infty}e^{i(\alpha_{n}\tau+k\cdotx)}\tildea_{\mu}(n,k)","a_{\mu}(\tau,x)=\frac{1}{\beta}\sum_{n=-\infty^{+\infty}e^{i(\alpha_{n}\tau+k\cdotx)}\tildea_{\mu}(n,k)"
739,a876b2fb83.png,0,0,90.78,semantic_or_token_error,128,141,\left|\begin{array}{cc}{A^{\prime}-m_{1}\omega^{2}}&{C^{\prime}}\{C^{\prime}}&{B^{\prime}-m_{2}\omega^{2}}\\end{array}\right|=0.,\left|\begin{array}{cc}{A^{\prime}-m_{1}\omega^{2}}&{C^{\prime}}&{C^{\prime}}\{C^{\prime}}&{B^{\prime}-m_{2}\omega^{2}}\\end{array}\right|=0.,|\begin{array}{cc}{A^{\prime-m_{1}\omega^{2}&{C^{\prime}\{C^{\prime}&{B^{\prime-m_{2}\omega^{2}\\end{array}|=0.,|\begin{array}{cc}{A^{\prime-m_{1}\omega^{2}&{C^{\prime}&{C^{\prime}\{C^{\prime}&{B^{\prime-m_{2}\omega^{2}\\end{array}|=0.
740,d0dd81216c.png,0,0,91.667,semantic_or_token_error,120,111,"\psi_{1}={({J_{H}^{-1}}^{\prime})}^{-{\frac{1}{2}}},\qquad\psi_{2}={({J_{H}^{-1}}^{\prime})}^{-{\frac{1}{2}}}J_{H}^{-1},","\psi_{1}=({J_{H}^{-1}}^{\prime})^{-\frac{1}{2}},\qquad\psi_{2}=(J_{H}^{-1})^{\prime})^{-\frac{1}{2}}J_{H}^{-1},","\psi_{1={({J_H^{-1^{\prime)^{-\frac{1}{2,\psi_{2={({J_H^{-1^{\prime)^{-\frac{1}{2}J_H^{-1,","\psi_{1=({J_H^{-1^{\prime)^{-\frac{1}{2,\psi_{2=(J_H^{-1)^{\prime)^{-\frac{1}{2}J_H^{-1,"
741,495efb6456.png,1,1,100.0,exact,104,104,"P^{mn,IJ}\equiv\frac{1}{2}\left(\gamma^{mn}\delta^{IJ}+\frac{\epsilon^{mn}}{\sqrt{-\gamma}}s^{IJ}\right)","P^{mn,IJ}\equiv\frac{1}{2}\left(\gamma^{mn}\delta^{IJ}+\frac{\epsilon^{mn}}{\sqrt{-\gamma}}s^{IJ}\right)","P^{mn,IJ}\equiv\frac{1}{2}(\gamma^{mn}\delta^{IJ+\frac{\epsilon^{mn}\sqrt{-\gamma}s^{IJ)","P^{mn,IJ}\equiv\frac{1}{2}(\gamma^{mn}\delta^{IJ+\frac{\epsilon^{mn}\sqrt{-\gamma}s^{IJ)"
742,b1bb5b1f73.png,1,1,100.0,exact,72,72,"H_{0}=\sum_{i=1}^{\infty}a^{*}(h_{0}^{1/2}f_{i})\,a(h_{0}^{1/2}f_{i})\,.","H_{0}=\sum_{i=1}^{\infty}a^{*}(h_{0}^{1/2}f_{i})\,a(h_{0}^{1/2}f_{i})\,.",H_{0=\sum_{i=1^{\infty}a^{*}(h_0^{1/2}f_{i)a(h_0^{1/2}f_{i).,H_{0=\sum_{i=1^{\infty}a^{*}(h_0^{1/2}f_{i)a(h_0^{1/2}f_{i).
743,6fee92424d.png,0,0,97.222,almost_correct,107,108,"\{x^{\mu}+\tilde{x}^{(1)\mu},x^{\nu}+\tilde{x}^{(1)\nu}\}=-\frac{S^{\mu\nu}}{M^{2}}+(\phi^{\alpha}-terms)~.","\{x^{\mu}+\tilde{x}^{(1)\mu},x^{\nu}+\tilde{x}^{(1)\nu}\}=-{\frac{S^{\mu\nu}}{M^{2}}}+(\phi^{\alpha}-terms).","\{x^{\mu+\tildex^{(1)\mu,x^{\nu+\tildex^{(1)\nu}\=-\frac{S^{\mu\nu}{M^{2+(\phi^{\alpha-terms)~.","\{x^{\mu+\tildex^{(1)\mu,x^{\nu+\tildex^{(1)\nu}\=-\frac{S^{\mu\nu}{M^{2+(\phi^{\alpha-terms)."
744,29157bcf43.png,1,1,100.0,exact,81,81,"F(\beta)=\beta^{-1}\sum_{\omega}\operatorname{ln}\left(1-e^{-\beta\omega}\right),","F(\beta)=\beta^{-1}\sum_{\omega}\operatorname{ln}\left(1-e^{-\beta\omega}\right),","F(\beta)=\beta^{-1}\sum_{\omega}\operatorname{ln}(1-e^{-\beta\omega),","F(\beta)=\beta^{-1}\sum_{\omega}\operatorname{ln}(1-e^{-\beta\omega),"
745,b332773b90.png,0,1,79.167,canonical_equivalent,39,48,"A\,(i\,\partial\psi/\partialu)=B\,\psi,","A\left(i\,\partial\psi/\partialu\right)=B\,\psi,","A(i\partial\psi/\partialu)=B\psi,","A(i\partial\psi/\partialu)=B\psi,"
746,7e47adb31f.png,1,1,100.0,exact,133,133,"\Phi_{\mu}=\pi_{\mu}-\frac{i}{2}\xi_{\mu},\quad\Phi_{D+1}=\pi_{D+1}+\frac{i}{2}\xi_{D+1},\quad\Phi_{m}=\pi_{m}+\frac{i}{2}\theta_{m},","\Phi_{\mu}=\pi_{\mu}-\frac{i}{2}\xi_{\mu},\quad\Phi_{D+1}=\pi_{D+1}+\frac{i}{2}\xi_{D+1},\quad\Phi_{m}=\pi_{m}+\frac{i}{2}\theta_{m},","\Phi_{\mu=\pi_{\mu-\frac{i}{2}\xi_{\mu,\Phi_{D+1=\pi_{D+1+\frac{i}{2}\xi_{D+1,\Phi_{m=\pi_{m+\frac{i}{2}\theta_{m,","\Phi_{\mu=\pi_{\mu-\frac{i}{2}\xi_{\mu,\Phi_{D+1=\pi_{D+1+\frac{i}{2}\xi_{D+1,\Phi_{m=\pi_{m+\frac{i}{2}\theta_{m,"
747,236a82eb31.png,0,0,94.545,semantic_or_token_error,165,161,"\theta_{(3)}^{(1,0)}(\tau)=\sum_{(m_{1},m_{2})\in{\bfZ}^{2}}q^{\frac{1}{9}+m_{1}+3(m_{1}^{2}+m_{2}^{2}-m_{1}m_{2})}=:q^{\frac{1}{9}}{\tilde{\theta}_{(3)}^{0}}(\tau),","\theta_{(3)}^{(1,0)}(\tau)=\sum_{(m_{1},m_{2})\in{\bfZ}^{2}}q^{\frac{1}{3}+m_{1}+3(m_{1}^{2}+m_{2}^{2}-m_{1}m_{2})}=:q^{\frac{1}{2}}\bar{\theta}_{(3)}^{0}(\tau),","\theta_{(3)^{(1,0)}(\tau)=\sum_{(m_{1,m_{2)\in\bfZ^{2}q^\frac{1}{9+m_{1+3(m_1^{2+m_2^{2-m_{1}m_{2)=:q^\frac{1}{9}\tilde\theta_{(3)^{0}(\tau),","\theta_{(3)^{(1,0)}(\tau)=\sum_{(m_{1,m_{2)\in\bfZ^{2}q^\frac{1}{3+m_{1+3(m_1^{2+m_2^{2-m_{1}m_{2)=:q^\frac{1}{2}\bar\theta_{(3)^{0}(\tau),"
748,6b076364ee.png,1,1,100.0,exact,78,78,\partial^{2}X^{\mu}/\partial\tau^{2}-\partial^{2}X^{\mu}/\partial\sigma^{2}=0.,\partial^{2}X^{\mu}/\partial\tau^{2}-\partial^{2}X^{\mu}/\partial\sigma^{2}=0.,\partial^{2}X^{\mu}/\partial\tau^{2-\partial^{2}X^{\mu}/\partial\sigma^{2=0.,\partial^{2}X^{\mu}/\partial\tau^{2-\partial^{2}X^{\mu}/\partial\sigma^{2=0.
749,6566843661.png,0,1,96.296,canonical_equivalent,108,104,"G^{c}(p)=<0|T\{\operatorname{exp}[ie\int_{y}^{x}dx_{\mu}^{\prime}\,A^{\mu(0)}(x^{\prime})]\}|0>S_{F}(p)\,\,,","G^{c}(p)=<0|T\{\operatorname{exp}[ie\int_{y}^{x}dx_{\mu}^{\prime}\,A^{\mu(0)}(x^{\prime})]\}|0>S_{F}(p),","G^{c}(p)=<0|T\\operatorname{exp}[ie\int_y^{x}dx_\mu^{\prime}A^{\mu(0)}(x^{\prime)]\}|0>S_{F}(p),","G^{c}(p)=<0|T\\operatorname{exp}[ie\int_y^{x}dx_\mu^{\prime}A^{\mu(0)}(x^{\prime)]\}|0>S_{F}(p),"
750,11cb2803db.png,0,0,91.781,semantic_or_token_error,69,73,\partial_{z}\phi=\frac{{\mathrme}^{\imath\delta}}2(1-\bar{\phi}^{N}).,\partial_{z}\phi={\frac{\mathrm{e}^{\imath\delta}}{2}}(1-\bar{\phi}^{N}).,\partial_{z}\phi=\frac\mathrme^{\imath\delta}2(1-\bar\phi^{N).,\partial_{z}\phi=\frac\mathrme^{\imath\delta}{2}(1-\bar\phi^{N).
751,220dd659b3.png,0,0,81.25,semantic_or_token_error,28,32,"\frac{dq}{ds}=-i[{\calH},q],","\frac{dq}{ds}=-i[\mathcal{H},q],","\frac{dq}{ds=-i[{\calH,q],","\frac{dq}{ds=-i[\mathcal{H,q],"
752,4172ed4623.png,0,0,95.122,almost_correct,78,82,"C^{\pm}=\frac1{\sqrt{2}}(C^{1}\mpiC^{2}),\overline{{C}}^{\pm}=\frac1{\sqrt{2}}","C^{\pm}=\frac{1}{\sqrt{2}}(C^{1}\mpiC^{2}),\overline{{C}}^{\pm}=\frac{1}{\sqrt{2}}","C^{\pm=\frac1\sqrt{2}(C^{1}\mpiC^{2),\overline{C^{\pm=\frac1\sqrt{2}","C^{\pm=\frac{1}\sqrt{2}(C^{1}\mpiC^{2),\overline{C^{\pm=\frac{1}\sqrt{2}"
753,467aa86dab.png,1,1,100.0,exact,52,52,"\varepsilon(\vec{x},t)=\varepsilon(\vec{x}-\vec{v}t)","\varepsilon(\vec{x},t)=\varepsilon(\vec{x}-\vec{v}t)","\varepsilon(\vec{x,t)=\varepsilon(\vec{x-\vec{v}t)","\varepsilon(\vec{x,t)=\varepsilon(\vec{x-\vec{v}t)"
754,32221ac087.png,0,0,90.526,semantic_or_token_error,95,89,"\intd^{2}w{\frac{\delta{\calL}_{3}}{\delta{\dot{\Psi}}}}\delta_{n}^{(k)}(w,{\bar{w}})\Psi(w,t),","\intd^{2}w\frac{\delta{\calL}_{3}}{\delta\bar{\Psi}}\delta_{n}^{(k)}(w,\bar{w})\Psi(w,t),","\intd^{2}w\frac{\delta\calL_{3}{\delta\dot{\Psi}\delta_n^{(k)}(w,\bar{w)\Psi(w,t),","\intd^{2}w\frac{\delta\calL_{3}{\delta\bar{\Psi}\delta_n^{(k)}(w,\bar{w)\Psi(w,t),"
755,5a19b2c465.png,1,1,100.0,exact,111,111,V=-\frac{\sqrt{\pi}(\pi\epsilon)^{2}}{2\sqrt{8\pi^{2}\alpha^{\prime}}}(\frac{2\pi\alpha^{\prime}}{r^{2}})^{3/2},V=-\frac{\sqrt{\pi}(\pi\epsilon)^{2}}{2\sqrt{8\pi^{2}\alpha^{\prime}}}(\frac{2\pi\alpha^{\prime}}{r^{2}})^{3/2},V=-\frac\sqrt{\pi}(\pi\epsilon)^{2}{2\sqrt{8\pi^{2}\alpha^{\prime}(\frac{2\pi\alpha^{\prime}{r^{2)^{3/2},V=-\frac\sqrt{\pi}(\pi\epsilon)^{2}{2\sqrt{8\pi^{2}\alpha^{\prime}(\frac{2\pi\alpha^{\prime}{r^{2)^{3/2}
756,3e4e491d13.png,1,1,100.0,exact,66,66,"[\chi_{i}(x),\vec{B}(y)]=\frac{4\pii}{e}\vec{g}_{i}\delta^{2}(x-y)","[\chi_{i}(x),\vec{B}(y)]=\frac{4\pii}{e}\vec{g}_{i}\delta^{2}(x-y)","[\chi_{i}(x),\vec{B}(y)]=\frac{4\pii}{e}\vecg_{i}\delta^{2}(x-y)","[\chi_{i}(x),\vec{B}(y)]=\frac{4\pii}{e}\vecg_{i}\delta^{2}(x-y)"
757,7fb377550d.png,0,0,78.07,semantic_or_token_error,114,100,"Z=\int\mathcal{D}A_{\mu}\mathcal{D}b\mathcal{D}\overline{c}\mathcal{D}c\,\operatorname{exp}[-S_{\Lambda}]\prod_{j}","Z=\int{\calD}A_{\mu}{\calD}b{\calD}\overline{{c}}{\calD}c\,\operatorname{exp}[-S_{\Lambda}]\prod_{j}",Z=\int\mathcal{D}A_{\mu}\mathcal{D}b\mathcal{D}\overline{c}\mathcal{D}c\operatorname{exp}[-S_{\Lambda]\prod_{j},Z=\int{\calD}A_{\mu}{\calD}b{\calD}\overline{{c}{\calD}c\operatorname{exp}[-S_{\Lambda]\prod_{j}
758,290121343a.png,0,0,78.947,semantic_or_token_error,57,57,\mathrm{\LambdaG}_{0j}=-\mathrm{G}_{ij}\mathrm{b}_{0}^{i},\Lambda\mathrm{G}_{0j}=-\mathrm{G}_{ij}\mathrm{b}_{0}^{i},\mathrm\LambdaG_{0j=-\mathrmG_{ij}\mathrmb_0^{i},\Lambda\mathrmG_{0j=-\mathrmG_{ij}\mathrmb_0^{i}
759,66eaa37354.png,1,1,100.0,exact,30,30,\Psi=2^{1/2}{\binom{\psi}{0}}.,\Psi=2^{1/2}{\binom{\psi}{0}}.,\Psi=2^{1/2}{\binom{\psi}{0}.,\Psi=2^{1/2}{\binom{\psi}{0}.
760,c2b0d91516.png,1,1,100.0,exact,105,105,"(D_{\pm}F)^{i}(x,t)=\frac{\partialF^{i}}{\partialt}+(b_{\pm}\cdot\nabla)F^{i}\pm\nu_{0}(\Delta_{DR}F)^{i}","(D_{\pm}F)^{i}(x,t)=\frac{\partialF^{i}}{\partialt}+(b_{\pm}\cdot\nabla)F^{i}\pm\nu_{0}(\Delta_{DR}F)^{i}","(D_{\pm}F)^{i}(x,t)=\frac{\partialF^{i}{\partialt+(b_{\pm}\cdot\nabla)F^{i}\pm\nu_{0}(\Delta_{DR}F)^{i}","(D_{\pm}F)^{i}(x,t)=\frac{\partialF^{i}{\partialt+(b_{\pm}\cdot\nabla)F^{i}\pm\nu_{0}(\Delta_{DR}F)^{i}"
761,71e985533b.png,0,0,90.123,semantic_or_token_error,162,146,"\tilde{\Gamma}_{t}^{(4)}({\bf{q}}_{1},{\bf{q}}_{2},{\bf{q}}_{3},{\bf{q}}_{4})=\tilde{\Gamma}_{t,s=0}^{(4)}({\bf{q}}_{1},{\bf{q}}_{2},{\bf{q}}_{3},{\bf{q}}_{4})\;,","\tilde{\Gamma}_{t}^{(4)}({\bfq}_{1},{\bfq}_{2},{\bfq}_{3},{\bfq}_{4})=\tilde{\Gamma}_{t,s=0}^{(4)}({\bfq}_{1},{\bfq}_{2},{\bfq}_{3},{\bfq}_{4})\;,","\tilde\Gamma_t^{(4)}({\bfq_{1,{\bfq_{2,{\bfq_{3,{\bfq_{4)=\tilde\Gamma_{t,s=0^{(4)}({\bfq_{1,{\bfq_{2,{\bfq_{3,{\bfq_{4),","\tilde\Gamma_t^{(4)}(\bfq_{1,\bfq_{2,\bfq_{3,\bfq_{4)=\tilde\Gamma_{t,s=0^{(4)}(\bfq_{1,\bfq_{2,\bfq_{3,\bfq_{4),"
762,3bf03e60f5.png,0,0,65.882,semantic_or_token_error,85,73,S_{A}=C\not{P}+C\not{P}^{\prime}\not{P}+C\not{X}_{1}\not{X}_{2}\not{X}_{3}\not{X}_{4},S_{A}=C\not\!P+C\not\!P^{\prime}\not\!P+CA_{1}\not\!X_{2}A_{3}\not\!X_{4},S_{A=C\not{P+C\notP^{\prime}\not{P+C\notX_{1}\notX_{2}\notX_{3}\notX_{4},S_{A=C\notP+C\notP^{\prime}\notP+CA_{1}\notX_{2}A_{3}\notX_{4}
763,670d50e68c.png,0,0,76.786,semantic_or_token_error,55,56,\delta\xi:=\mathrm{an~infinitesimal~fermionic~variable},\delta\xi:=\operatorname{anfinitesimalfermionicvariable},\delta\xi:=\mathrm{an~infinitesimal~fermionic~variable},\delta\xi:=\operatorname{anfinitesimalfermionicvariable}
764,458389747a.png,1,1,100.0,exact,74,74,\intd^{n}x\frac{\deltaI}{\delta\phi^{i}}R_{\alpha}^{i}\epsilon^{\alpha}=0.,\intd^{n}x\frac{\deltaI}{\delta\phi^{i}}R_{\alpha}^{i}\epsilon^{\alpha}=0.,\intd^{n}x\frac{\deltaI}{\delta\phi^{i}R_\alpha^{i}\epsilon^{\alpha=0.,\intd^{n}x\frac{\deltaI}{\delta\phi^{i}R_\alpha^{i}\epsilon^{\alpha=0.
765,46d03bb4a9.png,0,0,93.478,semantic_or_token_error,45,46,F^{3}=\pi\delta^{2}(x)+\mathrm{regularterms}.,F^{3}=\pi\delta^{2}(x)+\mathrm{regular~terms.},F^{3=\pi\delta^{2}(x)+\mathrm{regularterms}.,F^{3=\pi\delta^{2}(x)+\mathrm{regular~terms.}
766,27c8e40982.png,1,1,100.0,exact,67,67,"\tilde{h}_{mn}\equiv\sqrt{e}\,e_{m}^{\mu}\,e_{n}^{\nu}\,h_{\mu\nu},","\tilde{h}_{mn}\equiv\sqrt{e}\,e_{m}^{\mu}\,e_{n}^{\nu}\,h_{\mu\nu},","\tildeh_{mn}\equiv\sqrt{e}e_m^{\mu}e_n^{\nu}h_{\mu\nu,","\tildeh_{mn}\equiv\sqrt{e}e_m^{\mu}e_n^{\nu}h_{\mu\nu,"
767,1e11f55550.png,0,0,95.946,almost_correct,148,142,"\omega_{\calL}=\sum_{k=1}^{m}\mathrm{d}p_{k}\wedge\mathrm{d}q^{k},\qquad\omega_{\tilde{\calL}}=\sum_{j=m+1}^{n}\mathrm{d}p_{j}\wedge\mathrm{d}q^{j}.","\omega_{\calL}=\sum_{k=1}^{m}\mathrm{d}p_{k}\wedge\mathrm{d}q^{k},\qquad\omega_{{\calL}}=\sum_{j=m+1}^{n}\mathrm{d}p_{j}\wedge\mathrm{d}q^{j}.","\omega_{\calL=\sum_{k=1^{m}\mathrm{d}p_{k}\wedge\mathrm{d}q^{k,\omega_\tilde{\calL=\sum_{j=m+1^{n}\mathrm{d}p_{j}\wedge\mathrm{d}q^{j}.","\omega_{\calL=\sum_{k=1^{m}\mathrm{d}p_{k}\wedge\mathrm{d}q^{k,\omega_{{\calL=\sum_{j=m+1^{n}\mathrm{d}p_{j}\wedge\mathrm{d}q^{j}."
768,5a7d64593a.png,0,0,98.276,almost_correct,116,114,"\widehat{\phi}(x^{1},x^{2})=\overline{{\phi}}\equiv\phi_{*}(1-|0\rangle\langle0|)\sim\phi_{*}(1-2e^{-r^{2}/\theta}).","\widehat{\phi}(x^{1},x^{2})=\overline{\phi}\equiv\phi_{*}(1-|0\rangle\langle0|)\sim\phi_{*}(1-2e^{-r^{2}/\theta}).","\widehat{\phi}(x^{1,x^{2)=\overline{{\phi}\equiv\phi_{*}(1-|0\rangle\langle0|)\sim\phi_{*}(1-2e^{-r^{2}/\theta).","\widehat{\phi}(x^{1,x^{2)=\overline{\phi}\equiv\phi_{*}(1-|0\rangle\langle0|)\sim\phi_{*}(1-2e^{-r^{2}/\theta)."
769,3e11404fa1.png,1,1,100.0,exact,45,45,K_{n=1+2s}=\frac{1}{4^{s}\left(s!\right)^{2}},K_{n=1+2s}=\frac{1}{4^{s}\left(s!\right)^{2}},K_{n=1+2s=\frac{1}{4^{s}(s!)^{2},K_{n=1+2s=\frac{1}{4^{s}(s!)^{2}
770,4dd78b451a.png,1,1,100.0,exact,131,131,X_{\pm}(\Omega^{2})=[\Omega^{2}-(\omega_{p}+\omega_{q}+\omega_{p\pmq})^{2}][\Omega^{2}-(\omega_{q}-\omega_{p}+\omega_{p\pmq})^{2}].,X_{\pm}(\Omega^{2})=[\Omega^{2}-(\omega_{p}+\omega_{q}+\omega_{p\pmq})^{2}][\Omega^{2}-(\omega_{q}-\omega_{p}+\omega_{p\pmq})^{2}].,X_{\pm}(\Omega^{2)=[\Omega^{2-(\omega_{p+\omega_{q+\omega_{p\pmq)^{2][\Omega^{2-(\omega_{q-\omega_{p+\omega_{p\pmq)^{2].,X_{\pm}(\Omega^{2)=[\Omega^{2-(\omega_{p+\omega_{q+\omega_{p\pmq)^{2][\Omega^{2-(\omega_{q-\omega_{p+\omega_{p\pmq)^{2].
771,11741abd7b.png,1,1,100.0,exact,38,38,E_{2s+1}=Q+Q^{-1}+\xi_{2}+\xi_{2}^{-1},E_{2s+1}=Q+Q^{-1}+\xi_{2}+\xi_{2}^{-1},E_{2s+1=Q+Q^{-1+\xi_{2+\xi_2^{-1},E_{2s+1=Q+Q^{-1+\xi_{2+\xi_2^{-1}
772,3a32525868.png,1,1,100.0,exact,148,148,"\Phi^{2}(x;\theta,\theta)=1+\frac{\lambda^{2}}{r_{1}^{2}+r_{2}^{2}}\left(1-\operatorname{exp}\left(-\frac{r_{1}^{2}+r_{2}^{2}}{\theta}\right)\right)","\Phi^{2}(x;\theta,\theta)=1+\frac{\lambda^{2}}{r_{1}^{2}+r_{2}^{2}}\left(1-\operatorname{exp}\left(-\frac{r_{1}^{2}+r_{2}^{2}}{\theta}\right)\right)","\Phi^{2}(x;\theta,\theta)=1+\frac{\lambda^{2}{r_1^{2+r_2^{2}(1-\operatorname{exp}(-\frac{r_1^{2+r_2^{2}{\theta))","\Phi^{2}(x;\theta,\theta)=1+\frac{\lambda^{2}{r_1^{2+r_2^{2}(1-\operatorname{exp}(-\frac{r_1^{2+r_2^{2}{\theta))"
773,5df31a9044.png,0,0,91.736,semantic_or_token_error,121,111,L_{0}=\sum_{i=1}^{N}[{\frac{1}{2}}(P_{i}{\dot{Q}}_{i}-Q_{i}{\dot{P}}_{i})-{\frac{1}{2}}P_{i}^{2}+{e^{-(Q_{i+1}-Q_{i})}}];,L_{0}=\sum_{i=1}^{N}[\frac{1}{2}(P_{i}\dot{Q}_{i}-Q_{i}\dot{P}_{i})-\frac{1}{2}P_{i}^{2}+e^{-(Q_{i+1}-Q_{i})}];,L_{0=\sum_{i=1^{N}[\frac{1}{2}(P_{i}\dotQ_{i-Q_{i}\dotP_{i)-\frac{1}{2}P_i^{2+{e^{-(Q_{i+1-Q_{i)];,L_{0=\sum_{i=1^{N}[\frac{1}{2}(P_{i}\dotQ_{i-Q_{i}\dotP_{i)-\frac{1}{2}P_i^{2+e^{-(Q_{i+1-Q_{i)];
774,484c0abf68.png,0,0,83.333,semantic_or_token_error,39,42,s_{\psi}\;\equiv\;1/2~\mathrm{mod.~}1~.,s_{\psi}\;\equiv\;1/2\;\mathrm{mod.}\;1\;.,s_{\psi}\equiv1/2~\mathrm{mod.~}1~.,s_{\psi}\equiv1/2\mathrm{mod.}1.
775,508ccdc441.png,0,0,77.483,semantic_or_token_error,151,131,\Psi_{\Lambda}[A]=\mathrm{exp}(-{\textstyle{\frac{6}{\Lambda}}}\int\tilde{\eta}^{abc}Tr[A_{a}\partial_{b}A_{c}+{\frac{\textstyle2}{3}}A_{a}A_{b}A_{c}]),\Psi_{\Lambda}[A]=\operatorname{exp}(-\frac{6}{\Lambda}\int\tilde{\eta}^{abc}Tr[A_{a}\partial_{b}A_{c}+\frac{2}{3}A_{a}A_{b}A_{c}]),\Psi_{\Lambda}[A]=\mathrm{exp}(-{\textstyle\frac{6}{\Lambda}\int\tilde\eta^{abc}Tr[A_{a}\partial_{b}A_{c+\frac{\textstyle2}{3}A_{a}A_{b}A_{c]),\Psi_{\Lambda}[A]=\operatorname{exp}(-\frac{6}{\Lambda}\int\tilde\eta^{abc}Tr[A_{a}\partial_{b}A_{c+\frac{2}{3}A_{a}A_{b}A_{c])
776,22daee3433.png,0,0,82.0,semantic_or_token_error,100,82,{\{}\lambda{\}}\downarrow\sum_{\sigma\vdash|\lambda|}{\{}\sigma{\}}\times{\{}\sigma\circ\lambda{\}}.,\{\lambda\}\downarrow\sum_{\sigma|\lambda|}\{\sigma\}\times\{\sigma\circ\lambda\}.,{\{}\lambda{\}\downarrow\sum_{\sigma\vdash|\lambda|}{\{}\sigma{\}\times{\{}\sigma\circ\lambda{\}.,\{\lambda\}\downarrow\sum_{\sigma|\lambda|}\{\sigma\}\times\{\sigma\circ\lambda\}.
777,3686d8806a.png,1,1,100.0,exact,75,75,{\calA}_{2n+1}=\partial_{2n+1}-2R_{n}\circ\partial_{1}+(\partial_{1}R_{n}).,{\calA}_{2n+1}=\partial_{2n+1}-2R_{n}\circ\partial_{1}+(\partial_{1}R_{n}).,\calA_{2n+1=\partial_{2n+1-2R_{n}\circ\partial_{1+(\partial_{1}R_{n).,\calA_{2n+1=\partial_{2n+1-2R_{n}\circ\partial_{1+(\partial_{1}R_{n).
778,19116205e1.png,1,1,100.0,exact,108,108,\partial^{\mu}\left(\rho\partial_{\mu}E\right)=2\rho\partial^{\mu}E\left(E+E^{T}\right)^{-1}\partial_{\mu}E.,\partial^{\mu}\left(\rho\partial_{\mu}E\right)=2\rho\partial^{\mu}E\left(E+E^{T}\right)^{-1}\partial_{\mu}E.,\partial^{\mu}(\rho\partial_{\mu}E)=2\rho\partial^{\mu}E(E+E^{T)^{-1}\partial_{\mu}E.,\partial^{\mu}(\rho\partial_{\mu}E)=2\rho\partial^{\mu}E(E+E^{T)^{-1}\partial_{\mu}E.
779,8ca9fbd470.png,1,1,100.0,exact,51,51,{\calX}_{\alpha}=\zeta_{\alpha}^{\mu}\partial_{\mu},{\calX}_{\alpha}=\zeta_{\alpha}^{\mu}\partial_{\mu},\calX_{\alpha=\zeta_\alpha^{\mu}\partial_{\mu},\calX_{\alpha=\zeta_\alpha^{\mu}\partial_{\mu}
780,52d71a79ba.png,1,1,100.0,exact,45,45,dim(\alpha)\gamma^{-2}=M_{\alpha}cS(u)u^{-1}.,dim(\alpha)\gamma^{-2}=M_{\alpha}cS(u)u^{-1}.,dim(\alpha)\gamma^{-2=M_{\alpha}cS(u)u^{-1}.,dim(\alpha)\gamma^{-2=M_{\alpha}cS(u)u^{-1}.
781,1f965aa511.png,0,0,97.581,almost_correct,124,121,"R_{\mu\nu\alpha}^{pr}Z^{rq\alpha}={\varepsilon}_{\mu\nu\alpha\beta}f^{prq}\frac{\delta{\calS}}{\deltaB_{\alpha\beta}^{r}}\,,","R_{\mu\nu\alpha}^{pr}Z^{q\alpha}=\varepsilon_{\mu\nu\alpha\beta}f^{prq}\frac{\delta{\calS}}{\deltaB_{\alpha\beta}^{r}}\,,","R_{\mu\nu\alpha^{pr}Z^{rq\alpha=\varepsilon_{\mu\nu\alpha\beta}f^{prq}\frac{\delta{\calS}{\deltaB_{\alpha\beta^{r,","R_{\mu\nu\alpha^{pr}Z^{q\alpha=\varepsilon_{\mu\nu\alpha\beta}f^{prq}\frac{\delta{\calS}{\deltaB_{\alpha\beta^{r,"
782,218f1a9b19.png,0,1,95.833,canonical_equivalent,48,46,x^{\mu}(\xi)=x^{\mu}(z)+\bar{x}^{\mu}({\bar{z}}),x^{\mu}(\xi)=x^{\mu}(z)+\bar{x}^{\mu}(\bar{z}),x^{\mu}(\xi)=x^{\mu}(z)+\barx^{\mu}(\bar{z),x^{\mu}(\xi)=x^{\mu}(z)+\barx^{\mu}(\bar{z)
783,2bb661e3f5.png,1,1,100.0,exact,52,52,"\{\gamma_{\alpha},\gamma_{\beta}\}=2diag(-,-,+,+,+).","\{\gamma_{\alpha},\gamma_{\beta}\}=2diag(-,-,+,+,+).","\{\gamma_{\alpha,\gamma_{\beta}\=2diag(-,-,+,+,+).","\{\gamma_{\alpha,\gamma_{\beta}\=2diag(-,-,+,+,+)."
784,265cceaae2.png,0,0,93.269,semantic_or_token_error,104,100,"{\calA}[\,\phi,\phi^{\ast}\,]\,=\,\DeltaS+{\frac{i}{\hbar}}(S,M_{1})\,=\,a_{\alpha}\,c^{\alpha}+\dots\,.","{\calA}[\,\phi,\phi^{*}\,]\,=\,\DeltaS+\frac{i}{\hbar}(S,M_{1})\,=\,a_{\alpha}\,c^{\alpha}+\ldots\,.","{\calA}[\phi,\phi^{\ast]=\DeltaS+\frac{i}{\hbar}(S,M_{1)=a_{\alpha}c^{\alpha+\dots.","{\calA}[\phi,\phi^{*]=\DeltaS+\frac{i}{\hbar}(S,M_{1)=a_{\alpha}c^{\alpha+\ldots."
785,2834f2e494.png,0,0,63.551,too_short,107,68,"C_{X}\;=\;0\;\;\;\mathrm{unless}\;\;\;\chi_{X}\;=\;2N_{f}\;n\;\;\;,\;n\;\in\;\mathrm{Z\hspace{-1.35mm}Z}\;,","C_{X}=0\mathrm{unless}\chi_{X}=2N_{f}\;n\;\;\;,n\;\in\;\mathrm{Z}\;,","C_{X=0\mathrm{unless}\chi_{X=2N_{f}n,n\in\mathrm{Z\hspace{-1.35mm}Z,","C_{X=0\mathrm{unless}\chi_{X=2N_{f}n,n\in\mathrm{Z,"
786,b1266e3e1d.png,1,1,100.0,exact,94,94,"D_{t}\phi_{i}=f\{\partial_{t}-i[L_{i},\hat{A}_{t}]+i[\hat{A}_{t},\hat{A}_{i}]\}=f\hat{F}_{ti}.","D_{t}\phi_{i}=f\{\partial_{t}-i[L_{i},\hat{A}_{t}]+i[\hat{A}_{t},\hat{A}_{i}]\}=f\hat{F}_{ti}.","D_{t}\phi_{i=f\{\partial_{t-i[L_{i,\hatA_{t]+i[\hatA_{t,\hatA_{i]\=f\hatF_{ti}.","D_{t}\phi_{i=f\{\partial_{t-i[L_{i,\hatA_{t]+i[\hatA_{t,\hatA_{i]\=f\hatF_{ti}."
787,2f194b3fad.png,1,1,100.0,exact,97,97,"T_{1}^{u}=i\kappa\left(:\tilde{u}_{\nu}(x)_{,\mu}h^{\mu\nu}(x)_{,\rho}u^{\rho}(x):+\ldots\right),","T_{1}^{u}=i\kappa\left(:\tilde{u}_{\nu}(x)_{,\mu}h^{\mu\nu}(x)_{,\rho}u^{\rho}(x):+\ldots\right),","T_1^{u=i\kappa(:\tildeu_{\nu}(x)_{,\mu}h^{\mu\nu}(x)_{,\rho}u^{\rho}(x):+\ldots),","T_1^{u=i\kappa(:\tildeu_{\nu}(x)_{,\mu}h^{\mu\nu}(x)_{,\rho}u^{\rho}(x):+\ldots),"
788,6821e03df5.png,0,1,87.879,canonical_equivalent,33,33,{\hat{H}}=\frac{1}{2}p_{\mu}^{2}.,\hat{H}={\frac{1}{2}}p_{\mu}^{2}.,\hat{H=\frac{1}{2}p_\mu^{2}.,\hat{H=\frac{1}{2}p_\mu^{2}.
789,3c735422b9.png,0,0,92.0,semantic_or_token_error,69,75,H^{\rho}=\hbar\omega(\rho_{1}^{\dag}\rho_{1}+\rho_{2}^{\dag}\rho_{2}),H^{\rho}=\hbar\omega(\rho_{1}^{\dagger}\rho_{1}+\rho_{2}^{\dagger}\rho_{2}),H^{\rho=\hbar\omega(\rho_1^{\dag}\rho_{1+\rho_2^{\dag}\rho_{2),H^{\rho=\hbar\omega(\rho_1^{\dagger}\rho_{1+\rho_2^{\dagger}\rho_{2)
790,3144ebfaf7.png,0,0,85.185,semantic_or_token_error,79,81,"\left[x,\stackrel{\wedge}{k}\right]=i\operatorname{cosh}\frac{i}{2}\frac{d}{dx}","\left[x,{\frac{\wedge}{k}}\right]=i\operatorname{cosh}{\frac{i}{2}}{\frac{d}{dx}}","[x,\stackrel{\wedge}{k]=i\operatorname{cosh}\frac{i}{2}\frac{d}{dx}","[x,\frac{\wedge}{k]=i\operatorname{cosh}\frac{i}{2}\frac{d}{dx}"
791,83e3523b7b.png,1,1,100.0,exact,71,71,"\chi^{\perp}n^{a}+\chi^{i}e_{i}^{a}=e_{i}^{a}V^{i}+\omega_{i}^{a}W^{i},","\chi^{\perp}n^{a}+\chi^{i}e_{i}^{a}=e_{i}^{a}V^{i}+\omega_{i}^{a}W^{i},","\chi^{\perp}n^{a+\chi^{i}e_i^{a=e_i^{a}V^{i+\omega_i^{a}W^{i,","\chi^{\perp}n^{a+\chi^{i}e_i^{a=e_i^{a}V^{i+\omega_i^{a}W^{i,"
792,7d4bf6a74e.png,1,1,100.0,exact,42,42,\nabla_{t}f(t)=\frac{1}{\tau}[f(t+1)-f(t)],\nabla_{t}f(t)=\frac{1}{\tau}[f(t+1)-f(t)],\nabla_{t}f(t)=\frac{1}{\tau}[f(t+1)-f(t)],\nabla_{t}f(t)=\frac{1}{\tau}[f(t+1)-f(t)]
793,5c984ded03.png,0,0,84.615,semantic_or_token_error,52,44,"\big\{\,\Omega^{\dot{a}\,a}\,,\,{\calH}\,\big\}=0\,,","\{\,\Omega^{\dot{a}\,a}\,,\,{\calH}\,\}=0\,,","\big\{\Omega^\dot{a}a,{\calH}\big\=0,","\{\Omega^\dot{a}a,{\calH}\=0,"
794,2640907df1.png,0,1,99.259,canonical_equivalent,135,135,"c^{2}(d\tau)^{2}=\eta_{\mu\nu}dx^{\mu}dx^{\nu}+\frac{k}{\lambda^{2}}x^{\rho}\eta_{\rho\mu}x^{\sigma}\eta_{\sigma\nu}dx^{\mu}dx^{\nu}\;,","c^{2}(d\tau)^{2}=\eta_{\mu\nu}dx^{\mu}dx^{\nu}+\frac{k}{\lambda^{2}}x^{\rho}\eta_{\rho\mu}x^{\sigma}\eta_{\sigma\nu}dx^{\mu}dx^{\nu}\,,","c^{2}(d\tau)^{2=\eta_{\mu\nu}dx^{\mu}dx^{\nu+\frac{k}{\lambda^{2}x^{\rho}\eta_{\rho\mu}x^{\sigma}\eta_{\sigma\nu}dx^{\mu}dx^{\nu,","c^{2}(d\tau)^{2=\eta_{\mu\nu}dx^{\mu}dx^{\nu+\frac{k}{\lambda^{2}x^{\rho}\eta_{\rho\mu}x^{\sigma}\eta_{\sigma\nu}dx^{\mu}dx^{\nu,"
795,3b483c343f.png,0,0,91.489,semantic_or_token_error,94,88,S_{\mathrm{{\smallint}}}={\frac{1}{2}}\int_{\Sigma}d^{D-1}x~T_{\mu\nu}{\widetildeh}^{\mu\nu}~.,S_{\mathrm{{int}}}={\frac{1}{2}}\int_{\Sigma}d^{D-1}x~T_{\mu\nu}\widetilde{h}^{\mu\nu}~.,S_\mathrm{{\smallint=\frac{1}{2}\int_{\Sigma}d^{D-1}x~T_{\mu\nu}\widetildeh^{\mu\nu}~.,S_\mathrm{{int=\frac{1}{2}\int_{\Sigma}d^{D-1}x~T_{\mu\nu}\widetildeh^{\mu\nu}~.
796,3f6b2553bf.png,0,0,54.783,too_short,115,65,"\mathrm{\boldmath~V~}^{2}=\mathrm{\boldmath~s~}^{2}\left(\frac{{\mathrm{\boldmath~\nabla~}}\rho}{m\rho}\right)^{2},","{V}^{2}={\bfs}^{2}\left(\frac{{\bf\nabla}\rho}{m\rho}\right)^{2},","\mathrm{\boldmath~V~^{2=\mathrm{\boldmath~s~^{2}(\frac\mathrm{\boldmath~\nabla~}\rho}{m\rho)^{2,","V^{2=\bfs^{2}(\frac{{\bf\nabla}\rho}{m\rho)^{2,"
797,5a8e2afd7f.png,1,1,100.0,exact,126,126,ds_{10}^{2}=\frac{1}{\sqrt{f_{1}f_{5}}}(-dt^{2}+dx_{9}^{2}+K(\operatorname{cosh}\sigmadt-\operatorname{sinh}\sigmadx_{9})^{2}),ds_{10}^{2}=\frac{1}{\sqrt{f_{1}f_{5}}}(-dt^{2}+dx_{9}^{2}+K(\operatorname{cosh}\sigmadt-\operatorname{sinh}\sigmadx_{9})^{2}),ds_{10^{2=\frac{1}\sqrt{f_{1}f_{5}(-dt^{2+dx_9^{2+K(\operatorname{cosh}\sigmadt-\operatorname{sinh}\sigmadx_{9)^{2),ds_{10^{2=\frac{1}\sqrt{f_{1}f_{5}(-dt^{2+dx_9^{2+K(\operatorname{cosh}\sigmadt-\operatorname{sinh}\sigmadx_{9)^{2)
798,4d64719725.png,1,1,100.0,exact,103,103,"g[E_{i}^{a}(x),\chi_{1}(y)]+g^{2}[E_{i}^{a}(x),\chi_{2}(y)]+g^{3}[E_{i}^{a}(x),\chi_{3}(y)]+O(g^{4})\,,","g[E_{i}^{a}(x),\chi_{1}(y)]+g^{2}[E_{i}^{a}(x),\chi_{2}(y)]+g^{3}[E_{i}^{a}(x),\chi_{3}(y)]+O(g^{4})\,,","g[E_i^{a}(x),\chi_{1}(y)]+g^{2}[E_i^{a}(x),\chi_{2}(y)]+g^{3}[E_i^{a}(x),\chi_{3}(y)]+O(g^{4),","g[E_i^{a}(x),\chi_{1}(y)]+g^{2}[E_i^{a}(x),\chi_{2}(y)]+g^{3}[E_i^{a}(x),\chi_{3}(y)]+O(g^{4),"
799,7016c22439.png,0,0,63.934,too_short,61,39,"\mathrm{tr}{\vphantom|}_{1}\bigl((\chi^{-1}\otimes1)\,b\bigr)","\mathrm{tr}_{1}((\chi^{-1}\otimes1)\,b)",\mathrm{tr}{\vphantom|_{1}\bigl((\chi^{-1}\otimes1)b\bigr),\mathrm{tr_{1}((\chi^{-1}\otimes1)b)
800,b179afa568.png,1,1,100.0,exact,89,89,"f(\beta)=\prod_{\alpha>0}\biggl(1+\sum_{s=1}^{\infty}a_{s}(\beta\cdot\alpha)^{2s}\biggr),","f(\beta)=\prod_{\alpha>0}\biggl(1+\sum_{s=1}^{\infty}a_{s}(\beta\cdot\alpha)^{2s}\biggr),","f(\beta)=\prod_{\alpha>0}\biggl(1+\sum_{s=1^{\infty}a_{s}(\beta\cdot\alpha)^{2s}\biggr),","f(\beta)=\prod_{\alpha>0}\biggl(1+\sum_{s=1^{\infty}a_{s}(\beta\cdot\alpha)^{2s}\biggr),"
801,422526b0b4.png,0,0,79.808,semantic_or_token_error,104,102,\fbox{\displaystyle{(Kg_{\mu\nu}-K_{\mu\nu})^{(1)}+(Kg_{\mu\nu}-K_{\mu\nu})^{(2)}=8\pi{\bfG}T_{\mu\nu}}},\frac{\left[(Kg_{\mu\nu}-K_{\mu\nu})^{(1)}+(Kg_{\mu\nu}-K_{\mu\nu})^{(2)}=8\pi{\bfG}T_{\mu\nu}}\right],\fbox{\displaystyle{(Kg_{\mu\nu-K_{\mu\nu)^{(1)+(Kg_{\mu\nu-K_{\mu\nu)^{(2)=8\pi{\bfG}T_{\mu\nu},\frac{[(Kg_{\mu\nu-K_{\mu\nu)^{(1)+(Kg_{\mu\nu-K_{\mu\nu)^{(2)=8\pi{\bfG}T_{\mu\nu]
802,3a188fa0b1.png,0,1,98.0,canonical_equivalent,98,100,"S\rightarrowS-\frac{1}{8\pi^{2}}\sum_{i=1}^{h_{(1,1)}}\delta_{GS}^{i}\operatorname{log}(icT+d)_{i}","S\rightarrowS-{\frac{1}{8\pi^{2}}}\sum_{i=1}^{h_{(1,1)}}\delta_{GS}^{i}\operatorname{log}(icT+d)_{i}","SarrowS-\frac{1}{8\pi^{2}\sum_{i=1^{h_{(1,1)}\delta_{GS^{i}\operatorname{log}(icT+d)_{i}","SarrowS-\frac{1}{8\pi^{2}\sum_{i=1^{h_{(1,1)}\delta_{GS^{i}\operatorname{log}(icT+d)_{i}"
803,1a649fdb86.png,0,1,95.833,canonical_equivalent,48,46,"F={\frac{1}{2}}F_{\mu\nu}dx^{\mu}\wedgedx^{\nu},","F=\frac{1}{2}F_{\mu\nu}dx^{\mu}\wedgedx^{\nu},","F=\frac{1}{2}F_{\mu\nu}dx^{\mu}\wedgedx^{\nu,","F=\frac{1}{2}F_{\mu\nu}dx^{\mu}\wedgedx^{\nu,"
804,4e5c00f3e4.png,0,0,68.75,missing_factorial,80,60,\frac{b_{1\!/\!2}(u)}{u^{2}}\;\sim\;\varepsilon_{\mathrm{\scriptsize{shear}}}\;.,{\frac{b_{12}(u)}{u^{2}}}~\sim~\varepsilon_{\mathrm{shear}}.,\frac{b_{1/2}(u)}{u^{2}\sim\varepsilon_\mathrm{\scriptsize{shear}.,\frac{b_{12}(u)}{u^{2}~\sim~\varepsilon_\mathrm{shear}.
805,5e440d70b7.png,1,1,100.0,exact,112,112,L_{-1}=\sum_{m=0}^{\infty}(m+\frac{1}{2})t_{m}\frac{\partial}{\partialt_{m-1}}+\frac{1}{8}\lambda^{-2}t_{0}^{2}.,L_{-1}=\sum_{m=0}^{\infty}(m+\frac{1}{2})t_{m}\frac{\partial}{\partialt_{m-1}}+\frac{1}{8}\lambda^{-2}t_{0}^{2}.,L_{-1=\sum_{m=0^{\infty}(m+\frac{1}{2)t_{m}\frac{\partial}{\partialt_{m-1+\frac{1}{8}\lambda^{-2}t_0^{2}.,L_{-1=\sum_{m=0^{\infty}(m+\frac{1}{2)t_{m}\frac{\partial}{\partialt_{m-1+\frac{1}{8}\lambda^{-2}t_0^{2}.
806,273c7c2c18.png,0,0,81.132,semantic_or_token_error,53,53,"\{Q_{i},Q_{j}^{+}\}=2H\delta_{ij}\qquad\qquadi,j=1..N","\{Q_{i},Q_{j}^{+}\}=2H\delta_{ij}\hspace{2cm}i,j=1..N","\{Q_{i,Q_j^{+}\=2H\delta_{ij}i,j=1..N","\{Q_{i,Q_j^{+}\=2H\delta_{ij}\hspace{2cm}i,j=1..N"
807,3f4a390528.png,0,0,97.222,almost_correct,72,72,\frac{d^{2}x^{-}}{d\tau^{2}}+\dot{x}^{+}\sum_{i=1}^{8}x_{i}\dot{x_{i}}=0,\frac{d^{2}x^{-}}{d\tau^{2}}+\dot{x}^{+}\sum_{i=1}^{8}x_{i}\dot{x}_{i}=0,\frac{d^{2}x^{-}{d\tau^{2+\dotx^{+}\sum_{i=1^{8}x_{i}\dot{x_{i=0,\frac{d^{2}x^{-}{d\tau^{2+\dotx^{+}\sum_{i=1^{8}x_{i}\dotx_{i=0
808,bda14fdebe.png,0,0,92.308,semantic_or_token_error,91,87,"\breve{A}_{n}={\frac{\beta}{\sqrt{\pi}}}\sum_{m=n}^{2n}\Gamma(m-n+1/2)\breve{a}_{2(m-n),m}.","\dot{A}_{n}=\frac{\beta}{\sqrt{\pi}}\sum_{m=n}^{2n}\Gamma(m-n+1/2)\breve{a}_{2(m-n),m}.","\breveA_{n=\frac{\beta}\sqrt{\pi}\sum_{m=n^{2n}\Gamma(m-n+1/2)\brevea_{2(m-n),m}.","\dotA_{n=\frac{\beta}\sqrt{\pi}\sum_{m=n^{2n}\Gamma(m-n+1/2)\brevea_{2(m-n),m}."
809,3b60a35b82.png,0,0,85.714,semantic_or_token_error,112,98,\lambda^{p}\sum_{i}(a_{i}^{n_{i}}a_{i}^{\daggerm_{i}})\sum_{j\nei}(a_{j}^{\dagger})^{n_{2}}(a_{j})^{m_{2}}M_{ij},\lambda^{p}\sum_{i}(a_{i}^{n_{i}}a_{i})\sum_{j\neqi}(a_{j}^{\dagger})^{n_{2}}(a_{j})^{m_{2}}M_{ij},\lambda^{p}\sum_{i}(a_i^{n_{i}a_i^{\daggerm_{i)\sum_{j\neqi}(a_j^{\dagger)^{n_{2}(a_{j)^{m_{2}M_{ij},\lambda^{p}\sum_{i}(a_i^{n_{i}a_{i)\sum_{j\neqqi}(a_j^{\dagger)^{n_{2}(a_{j)^{m_{2}M_{ij}
810,2a52c39377.png,0,0,97.403,almost_correct,77,76,"B_{z}(\rho)=A_{\varphi}^{\prime}(\rho)+{\frac{1}{\rho}}\;A_{\varphi}(\rho)\,.","B_{z}(\rho)=A_{\varphi}^{\prime}(\rho)+{\frac{1}{\rho}}~A_{\varphi}(\rho)\,.",B_{z}(\rho)=A_\varphi^{\prime}(\rho)+\frac{1}{\rho}A_{\varphi}(\rho).,B_{z}(\rho)=A_\varphi^{\prime}(\rho)+\frac{1}{\rho}~A_{\varphi}(\rho).
811,657e79eb05.png,0,0,66.176,brace_issue,204,164,"\left\{\begin{array}{c}{\partial_{\mu}\big(\varrho\,\partial^{\mu}\theta\big)=0,\hfill}\{\frac{1}{2}\partial_{\mu}\theta\partial^{\mu}\theta=-\displaystyle\frac{\deltaV}{\delta\varrho}}\\end{array}\right.","\left\{\begin{array}{l}{\partial_{t}(\theta^{\mu}\theta)=0,}\{{\frac{\deltaV}{\partial}_{\nu}\theta^{\mu}\theta=-{\frac{\deltaV}{\delta_{\rho}}}}\\end{array}\right.","\{\begin{array}{c}{\partial_{\mu}\big(\varrho\partial^{\mu}\theta\big)=0,\hfill}\\frac{1}{2}\partial_{\mu}\theta\partial^{\mu}\theta=-\displaystyle\frac{\deltaV}{\delta\varrho}\\end{array}.","\{\begin{array}{l}{\partial_{t}(\theta^{\mu}\theta)=0,}\\frac{\deltaV}\partial_{\nu}\theta^{\mu}\theta=-\frac{\deltaV}{\delta_{\rho}\\end{array}."
812,7bcac673b5.png,1,1,100.0,exact,56,56,\delta_{susy}\Psi_{\mu}=\hat{\nabla}_{\mu}\epsilon_{k}=0,\delta_{susy}\Psi_{\mu}=\hat{\nabla}_{\mu}\epsilon_{k}=0,\delta_{susy}\Psi_{\mu=\hat\nabla_{\mu}\epsilon_{k=0,\delta_{susy}\Psi_{\mu=\hat\nabla_{\mu}\epsilon_{k=0
813,49bd8613a8.png,0,0,66.667,too_short,48,32,p\rightarrow-m\omegax\qquadx\rightarrowp/m\omega,p\to-m\omegax\qquadx\top/m\omega,parrow-m\omegaxxarrowp/m\omega,p\rightarrow-m\omegaxx\rightarrowp/m\omega
814,5cc38bb5af.png,0,0,88.732,semantic_or_token_error,67,71,{\bfV}_{cd}^{\mu}=-\varepsilon^{\mu\nu\rho\sigma}f_{cdj}^{i}{\calH},\mathrm{V}_{cd}^{\mu}=-\varepsilon^{\mu\nu\rho\sigma}f_{cdj}^{i}{\calH},\bfV_{cd^{\mu=-\varepsilon^{\mu\nu\rho\sigma}f_{cdj^{i}{\calH},\mathrmV_{cd^{\mu=-\varepsilon^{\mu\nu\rho\sigma}f_{cdj^{i}{\calH}
815,13ab548dc3.png,1,1,100.0,exact,28,28,\chiy^{p-1}=\omegam^{4(p-1)},\chiy^{p-1}=\omegam^{4(p-1)},\chiy^{p-1=\omegam^{4(p-1)},\chiy^{p-1=\omegam^{4(p-1)}
816,29a7030b93.png,0,0,97.015,almost_correct,130,134,"\epsilon_{T}^{(R)}=\frac12(\epsilon_{T}+\bar{\epsilon}_{T}),\quad\epsilon_{T}^{(I)}=\frac{1}{2i}(\epsilon_{T}-\bar{\epsilon}_{T}).","\epsilon_{T}^{(R)}=\frac{1}{2}(\epsilon_{T}+\bar{\epsilon}_{T}),\quad\epsilon_{T}^{(I)}=\frac{1}{2i}(\epsilon_{T}-\bar{\epsilon}_{T}).","\epsilon_T^{(R)=\frac12(\epsilon_{T+\bar\epsilon_{T),\epsilon_T^{(I)=\frac{1}{2i}(\epsilon_{T-\bar\epsilon_{T).","\epsilon_T^{(R)=\frac{1}{2}(\epsilon_{T+\bar\epsilon_{T),\epsilon_T^{(I)=\frac{1}{2i}(\epsilon_{T-\bar\epsilon_{T)."
817,7e3ab28d46.png,1,1,100.0,exact,69,69,"\gamma_{p}=\left(\frac{p+1}{D}\langlev^{2}\rangle-\frac{p}{D}\right),","\gamma_{p}=\left(\frac{p+1}{D}\langlev^{2}\rangle-\frac{p}{D}\right),","\gamma_{p=(\frac{p+1}{D}\langlev^{2}\rangle-\frac{p}{D),","\gamma_{p=(\frac{p+1}{D}\langlev^{2}\rangle-\frac{p}{D),"
818,6eed664e51.png,1,1,100.0,exact,32,32,"\chi_{5}=\pi_{5}+(i/2)\xi_{5}\,,","\chi_{5}=\pi_{5}+(i/2)\xi_{5}\,,","\chi_{5=\pi_{5+(i/2)\xi_{5,","\chi_{5=\pi_{5+(i/2)\xi_{5,"
819,20cd79a25c.png,0,0,92.697,semantic_or_token_error,165,178,"B_{1}=\left(\begin{array}{ll}{0}&{\sqrt{\zeta}}\{0}&{0}\\end{array}\right),\quadB_{2}=0,\quadI=\left(\begin{array}{l}{0}\{\sqrt{2\zeta}}\\end{array}\right),\quadJ=0,","B_{1}=\left(\begin{array}{ll}{0}&{\sqrt{\zeta}}\{0}&{0}\\end{array}\right),\quadB_{2}=0,\quadI=\left(\begin{array}{l}{0}\{\sqrt{2}\overline{{\zeta}}}\\end{array}\right),\quadJ=0,","B_{1=(\begin{array}{ll}{0}&\sqrt{\zeta}\{0}&{0}\\end{array),B_{2=0,I=(\begin{array}{l}{0}\\sqrt{2\zeta}\\end{array),J=0,","B_{1=(\begin{array}{ll}{0}&\sqrt{\zeta}\{0}&{0}\\end{array),B_{2=0,I=(\begin{array}{l}{0}\\sqrt{2}\overline{{\zeta}\\end{array),J=0,"
820,64fd3ce204.png,0,0,99.065,almost_correct,107,107,"H^{2}(dP_{9},{\calO}_{dP_{9}}(6\sigma|_{dP_{9}}-5F))=H^{2}(dP_{9},{\calO}_{dP_{9}}(9\sigma|_{dP_{9}}-F))=0.","H^{2}(dP_{9},{\calO}_{dP_{9}}(6\sigma|_{dP_{9}}-5F))=H^{2}(dP_{9},{\calO}_{dP_{9}}(9\sigma|_{dP_{0}}-F))=0.","H^{2}(dP_{9,\calO_{dP_{9}(6\sigma|_{dP_{9-5F))=H^{2}(dP_{9,\calO_{dP_{9}(9\sigma|_{dP_{9-F))=0.","H^{2}(dP_{9,\calO_{dP_{9}(6\sigma|_{dP_{9-5F))=H^{2}(dP_{9,\calO_{dP_{9}(9\sigma|_{dP_{0-F))=0."
821,4ca56827fa.png,0,0,89.855,semantic_or_token_error,69,69,"\partial_{\mu}L_{\nu}-\partial_{\nu}L_{\mu}+[L_{\mu},L_{\nu}]~=~0~~~,","\partial_{\mu}L_{\nu}-\partial_{\nu}L_{\mu}+[L_{\mu},L_{\nu}]=0\quad,","\partial_{\mu}L_{\nu-\partial_{\nu}L_{\mu+[L_{\mu,L_{\nu]~=~0~~~,","\partial_{\mu}L_{\nu-\partial_{\nu}L_{\mu+[L_{\mu,L_{\nu]=0,"
822,67cef017cb.png,1,1,100.0,exact,68,68,B_{i}^{2}=(detD)^{-1}D_{ij}[v^{-1}e^{-\phi}E_{j}^{1}+\psiB_{j}^{1}].,B_{i}^{2}=(detD)^{-1}D_{ij}[v^{-1}e^{-\phi}E_{j}^{1}+\psiB_{j}^{1}].,B_i^{2=(detD)^{-1}D_{ij}[v^{-1}e^{-\phi}E_j^{1+\psiB_j^{1].,B_i^{2=(detD)^{-1}D_{ij}[v^{-1}e^{-\phi}E_j^{1+\psiB_j^{1].
823,4665cd1810.png,1,1,100.0,exact,32,32,"{\calD}^{2}=-K+4m{\calN}{\calD},","{\calD}^{2}=-K+4m{\calN}{\calD},","\calD^{2=-K+4m{\calN}{\calD,","\calD^{2=-K+4m{\calN}{\calD,"
824,1a10584570.png,0,0,91.489,semantic_or_token_error,47,43,"[H_{c},P^{I}]=iP^{I},\;{[}H_{c},Q^{I}{]}=iQ^{I}","[H_{c},P^{I}]=iP^{I},\;[H_{c},Q^{I}]=iQ^{I}","[H_{c,P^{I]=iP^{I,{[}H_{c,Q^{I}{]=iQ^{I}","[H_{c,P^{I]=iP^{I,[H_{c,Q^{I]=iQ^{I}"
825,522f9e0a41.png,1,1,100.0,exact,47,47,"\partial_{++}M^{i}=0\qquad\partial_{--}N^{i}=0,","\partial_{++}M^{i}=0\qquad\partial_{--}N^{i}=0,","\partial_{++}M^{i=0\partial_{--}N^{i=0,","\partial_{++}M^{i=0\partial_{--}N^{i=0,"
826,65ace224d7.png,0,1,95.96,canonical_equivalent,99,95,"N(y,y^{\prime},d_{1}+d_{2})={\frac{1}{2\pii}}\oint{\frac{dx}{x}}N(y,x,d_{1})N(1/x,y^{\prime},d_{2})","N(y,y^{\prime},d_{1}+d_{2})=\frac{1}{2\pii}\oint\frac{dx}{x}N(y,x,d_{1})N(1/x,y^{\prime},d_{2})","N(y,y^{\prime,d_{1+d_{2)=\frac{1}{2\pii}\oint\frac{dx}{x}N(y,x,d_{1)N(1/x,y^{\prime,d_{2)","N(y,y^{\prime,d_{1+d_{2)=\frac{1}{2\pii}\oint\frac{dx}{x}N(y,x,d_{1)N(1/x,y^{\prime,d_{2)"
827,745df4c319.png,1,1,100.0,exact,57,57,(\sigma_{ab})^{2}\simB_{tr}B_{tr}g^{tt}g^{rr}=B_{tr}^{2}.,(\sigma_{ab})^{2}\simB_{tr}B_{tr}g^{tt}g^{rr}=B_{tr}^{2}.,(\sigma_{ab)^{2}\simB_{tr}B_{tr}g^{tt}g^{rr=B_{tr^{2}.,(\sigma_{ab)^{2}\simB_{tr}B_{tr}g^{tt}g^{rr=B_{tr^{2}.
828,6d74f154f1.png,0,0,97.59,almost_correct,83,81,"f(z)=4\operatorname{tan}^{-1}\operatorname{exp}{[2\frac{z-z_{0}}{\sqrt{1-v^{2}}}]},","f(z)=4\operatorname{tan}^{-1}\operatorname{exp}[2\frac{z-z_{0}}{\sqrt{1-v^{2}}}],","f(z)=4\operatorname{tan^{-1}\operatorname{exp}{[2\frac{z-z_{0}\sqrt{1-v^{2],","f(z)=4\operatorname{tan^{-1}\operatorname{exp}[2\frac{z-z_{0}\sqrt{1-v^{2],"
829,283211c24e.png,0,1,96.296,canonical_equivalent,54,52,"S={\frac{1}{2}}\sqrt{4Tr(A^{2})-(TrA)^{2}+32Re(Pf\,Z)}","S=\frac{1}{2}\sqrt{4Tr(A^{2})-(TrA)^{2}+32Re(Pf\,Z)}",S=\frac{1}{2}\sqrt{4Tr(A^{2)-(TrA)^{2+32Re(PfZ)},S=\frac{1}{2}\sqrt{4Tr(A^{2)-(TrA)^{2+32Re(PfZ)}
830,3fe984e264.png,0,0,95.833,almost_correct,48,46,{\wp}=\sum_{\vec{\mu}}c_{\vec{\mu}}x^{\vec{\mu}},\wp=\sum_{\vec{\mu}}c_{\vec{\mu}}x^{\vec{\mu}},\wp=\sum_\vec{\mu}c_\vec{\mu}x^\vec{\mu,\wp=\sum_\vec{\mu}c_\vec{\mu}x^\vec{\mu}
831,ca36cbd20e.png,1,1,100.0,exact,51,51,"\theta_{+}=\theta^{-},\qquad\theta_{-}=-\theta^{+}.","\theta_{+}=\theta^{-},\qquad\theta_{-}=-\theta^{+}.","\theta_{+=\theta^{-,\theta_{-=-\theta^{+}.","\theta_{+=\theta^{-,\theta_{-=-\theta^{+}."
832,2902f84b15.png,0,0,74.107,semantic_or_token_error,224,186,\frac{\left(-1\right)^{k}}{\Gamma\left(\frac12\right)\Gamma\left(k\right)}\left(\fract2\right)^{2k-1}a_{d+2k-1}\left[2\operatorname{ln}\left(\fract2\right)-\left(\Psi\left(1\right)-\sum_{l=1}^{k-2}\frac1{l-k+1}\right)\right],\frac{(-1)^{k}}{\Gamma(k)}\left(\frac{t}{2}\right)^{2k-1}a_{d+2k-1}\left[2\operatorname{ln}\left(\frac{t}{2}\right)-\left(\Psi\left(1\right)-\sum_{l=1}^{k-2}\frac{1}{l-k+1}\right)\right],\frac{(-1)^{k}{\Gamma(\frac12)\Gamma(k)}(\fract2)^{2k-1}a_{d+2k-1}[2\operatorname{ln}(\fract2)-(\Psi(1)-\sum_{l=1^{k-2}\frac1{l-k+1)],\frac{(-1)^{k}{\Gamma(k)}(\frac{t}{2)^{2k-1}a_{d+2k-1}[2\operatorname{ln}(\frac{t}{2)-(\Psi(1)-\sum_{l=1^{k-2}\frac{1}{l-k+1)]
833,688a5640e1.png,0,0,82.524,semantic_or_token_error,206,178,"\omega^{12}=-i\{\frac{1}{2}d\operatorname{ln}(\frac{d\overline{{g}}_{1}}{d\overline{{z}}_{1}}\frac{dz_{1}}{dg_{1}})+\frac{(g_{1}d\overline{{g}}_{1}-\overline{{g}}_{1}dg_{1})}{(1-g_{1}\overline{{g}}_{1})}\},","\omega^{12}=-i\{\frac{1}{2}d\operatorname{ln}(\frac{d\bar{g}_{1}}{d\bar{z}_{1}}\frac{dz_{1}}{dg_{1}})+\frac{(g_{1}d\bar{g}_{1}-\overline{{g}}_{1}dg_{1})}{(1-g_{1}\bar{g}_{1})}\},","\omega^{12=-i\\frac{1}{2}d\operatorname{ln}(\frac{d\overline{g_{1}{d\overline{z_{1}\frac{dz_{1}{dg_{1)+\frac{(g_{1}d\overline{g_{1-\overline{g_{1}dg_{1)}{(1-g_{1}\overline{g_{1)}\,","\omega^{12=-i\\frac{1}{2}d\operatorname{ln}(\frac{d\barg_{1}{d\barz_{1}\frac{dz_{1}{dg_{1)+\frac{(g_{1}d\barg_{1-\overline{g_{1}dg_{1)}{(1-g_{1}\barg_{1)}\,"
834,4309be8561.png,0,1,96.154,canonical_equivalent,104,100,"{\frac{1}{4}}\,G_{IJ}\,\beta^{I}\,\beta^{J}=1-{\frac{V(\phi)}{(a\,\langleT\rangle+U(\phi))^{2}}}\geq0\,.","\frac{1}{4}\,G_{IJ}\,\beta^{I}\,\beta^{J}=1-\frac{V(\phi)}{(a\,\langleT\rangle+U(\phi))^{2}}\geq0\,.",\frac{1}{4}G_{IJ}\beta^{I}\beta^{J=1-\frac{V(\phi)}{(a\langleT\rangle+U(\phi))^{2}\geq0.,\frac{1}{4}G_{IJ}\beta^{I}\beta^{J=1-\frac{V(\phi)}{(a\langleT\rangle+U(\phi))^{2}\geq0.
835,110b895f22.png,1,1,100.0,exact,83,83,\alpha^{\prime}\tilde{p}^{2}n^{-1}(2\alpha^{\prime}/\pi\operatorname{log}n)^{1-D/2},\alpha^{\prime}\tilde{p}^{2}n^{-1}(2\alpha^{\prime}/\pi\operatorname{log}n)^{1-D/2},\alpha^{\prime}\tildep^{2}n^{-1}(2\alpha^{\prime}/\pi\operatorname{log}n)^{1-D/2},\alpha^{\prime}\tildep^{2}n^{-1}(2\alpha^{\prime}/\pi\operatorname{log}n)^{1-D/2}
836,4028c783ec.png,1,1,100.0,exact,94,94,"{\calL}\,=\,{\calL}_{Kin}^{vectors}\,+\,{\calL}_{Pauli}^{non\,inv}\,+\,{\calL}_{4f}^{non\,inv}","{\calL}\,=\,{\calL}_{Kin}^{vectors}\,+\,{\calL}_{Pauli}^{non\,inv}\,+\,{\calL}_{4f}^{non\,inv}",\calL=\calL_{Kin^{vectors+\calL_{Pauli^{noninv+\calL_{4f^{noninv,\calL=\calL_{Kin^{vectors+\calL_{Pauli^{noninv+\calL_{4f^{noninv
837,6396eb15ee.png,0,0,96.429,almost_correct,27,28,0=1-8\piGr_{*}^{2}U(r_{*}).,0=1-8\piGr_{*}^{2}U(r_{*})~.,0=1-8\piGr_{*^{2}U(r_{*).,0=1-8\piGr_{*^{2}U(r_{*)~.
838,1babf59ad8.png,0,0,97.674,almost_correct,85,86,"V_{IJKL}=\frac{W_{IJ}}{W_{KL}}~,\quad\bar{V}_{IJKL}=\frac{\bar{W}_{IJ}}{\bar{W}_{KL}}","V_{IJKL}=\frac{W_{IJ}}{W_{KL}}\;,\quad\bar{V}_{IJKL}=\frac{\bar{W}_{IJ}}{\bar{W}_{KL}}","V_{IJKL=\frac{W_{IJ}{W_{KL}~,\barV_{IJKL=\frac\barW_{IJ}\barW_{KL}","V_{IJKL=\frac{W_{IJ}{W_{KL,\barV_{IJKL=\frac\barW_{IJ}\barW_{KL}"
839,75dd80998e.png,0,0,89.944,semantic_or_token_error,179,162,"L_{0}=-\left(\dot{z}-A_{\mu}\dot{x}^{\mu}\right)^{2}-\left(\dot{w}-A_{\mu}\dot{u}^{\mu}\right)^{2}+\eta_{\mu\nu}\left(\dot{x}^{\mu}\dot{x}^{\nu}+\dot{u}^{\mu}\dot{u}^{\nu}\right),","L_{0}=-\left(\dot{z}-A_{\mu}\dot{x}^{\mu}\right)^{2}-(\dot{w}-A_{\mu}\dot{u}^{\mu})^{2}+\eta_{\mu\nu}\left(\dot{x}^{\mu}\dot{x}^{\nu}+i^{\mu}\dot{u}^{\nu}\right),","L_{0=-(\dot{z-A_{\mu}\dotx^{\mu)^{2-(\dot{w-A_{\mu}\dotu^{\mu)^{2+\eta_{\mu\nu}(\dotx^{\mu}\dotx^{\nu+\dotu^{\mu}\dotu^{\nu),","L_{0=-(\dot{z-A_{\mu}\dotx^{\mu)^{2-(\dot{w-A_{\mu}\dotu^{\mu)^{2+\eta_{\mu\nu}(\dotx^{\mu}\dotx^{\nu+i^{\mu}\dotu^{\nu),"
840,1cb315192e.png,0,0,89.474,semantic_or_token_error,68,76,"\tilde{\calH}=\tilde{\calH}_{0}+\tilde{\calH}_{1}+\tilde{\calH}_{2},","\tilde{{\calH}}=\tilde{{\calH}}_{0}+\tilde{{\calH}}_{1}+\tilde{{\calH}}_{2},","\tilde{\calH=\tilde\calH_{0+\tilde\calH_{1+\tilde\calH_{2,","\tilde{{\calH=\tilde{\calH_{0+\tilde{\calH_{1+\tilde{\calH_{2,"
841,28b48895e4.png,0,0,98.98,almost_correct,98,97,W_{eff}=-\frac{\mathrm{Pf}M}{2^{N_{c}-1}\Lambda_{N=1}^{2N_{c}+1}}-\frac{1}{2\mu}\mathrm{Tr}(M^{2}),W_{eff}=-\frac{\mathrm{Pf}}{2^{N_{c}-1}\Lambda_{N=1}^{2N_{c}+1}}-\frac{1}{2\mu}\mathrm{Tr}(M^{2}),W_{eff=-\frac\mathrm{Pf}M}{2^{N_{c-1}\Lambda_{N=1^{2N_{c+1-\frac{1}{2\mu}\mathrm{Tr}(M^{2),W_{eff=-\frac\mathrm{Pf}{2^{N_{c-1}\Lambda_{N=1^{2N_{c+1-\frac{1}{2\mu}\mathrm{Tr}(M^{2)
842,752c0e038a.png,1,1,100.0,exact,83,83,\psi_{ab}=2D_{[a}^{\dagger}M_{b]}(M^{\dagger}M)^{-1}\psi+M_{c}^{\dagger}\psi_{abc}.,\psi_{ab}=2D_{[a}^{\dagger}M_{b]}(M^{\dagger}M)^{-1}\psi+M_{c}^{\dagger}\psi_{abc}.,\psi_{ab=2D_{[a^{\dagger}M_{b]}(M^{\dagger}M)^{-1}\psi+M_c^{\dagger}\psi_{abc}.,\psi_{ab=2D_{[a^{\dagger}M_{b]}(M^{\dagger}M)^{-1}\psi+M_c^{\dagger}\psi_{abc}.
843,498fe8419c.png,0,0,91.16,semantic_or_token_error,177,181,\mathrm{Re}n(\omega)=\mathrm{Re}n(\infty)+\frac{2}{\pi}\int_{0}^{\infty}\mathrm{d}\omega^{\prime}\frac{\omega^{\prime}\mathrm{Im}n(\omega^{\prime})}{\omega^{\prime2}-\omega^{2}},\mathrm{Re}~n(\omega)~=~\mathrm{Re~}~n(\infty)~+~\frac{2}{\pi}\int_{0}^{\infty}\mathrm{d}\omega^{\prime}~\frac{\omega^{\prime}~\mathrm{Im}~n(\omega^{\prime})}{\omega^{2}-\omega^{2}},\mathrm{Re}n(\omega)=\mathrm{Re}n(\infty)+\frac{2}{\pi}\int_0^{\infty}\mathrm{d}\omega^{\prime}\frac{\omega^{\prime}\mathrm{Im}n(\omega^{\prime)}{\omega^{\prime2-\omega^{2},\mathrm{Re}~n(\omega)~=~\mathrm{Re~}~n(\infty)~+~\frac{2}{\pi}\int_0^{\infty}\mathrm{d}\omega^{\prime}~\frac{\omega^{\prime}~\mathrm{Im}~n(\omega^{\prime)}{\omega^{2-\omega^{2}
844,7a21c515ad.png,1,1,100.0,exact,55,55,"Q(H-E)Q\mid\Psi_{Q}\,\rangle+QHP\mid\Psi_{P}\,\rangle=0","Q(H-E)Q\mid\Psi_{Q}\,\rangle+QHP\mid\Psi_{P}\,\rangle=0",Q(H-E)Q\mid\Psi_{Q}\rangle+QHP\mid\Psi_{P}\rangle=0,Q(H-E)Q\mid\Psi_{Q}\rangle+QHP\mid\Psi_{P}\rangle=0
845,5956930cca.png,1,1,100.0,exact,52,52,V(\phi)=-\frac{1}{2}\phi^{2}+\frac{1}{p+1}\phi^{p+1},V(\phi)=-\frac{1}{2}\phi^{2}+\frac{1}{p+1}\phi^{p+1},V(\phi)=-\frac{1}{2}\phi^{2+\frac{1}{p+1}\phi^{p+1},V(\phi)=-\frac{1}{2}\phi^{2+\frac{1}{p+1}\phi^{p+1}
846,3decfc00d5.png,1,1,100.0,exact,66,66,c_{\hat{j}}(\hat{m})=\sqrt{2(\hat{j}-\hat{m})(\hat{j}+\hat{m}+1)}.,c_{\hat{j}}(\hat{m})=\sqrt{2(\hat{j}-\hat{m})(\hat{j}+\hat{m}+1)}.,c_\hat{j}(\hat{m)=\sqrt{2(\hat{j-\hat{m)(\hat{j+\hat{m+1)}.,c_\hat{j}(\hat{m)=\sqrt{2(\hat{j-\hat{m)(\hat{j+\hat{m+1)}.
847,134da4a4cc.png,1,1,100.0,exact,60,60,\wp^{(1/2)}(x)\equiv\wp(x)+\wp(x+\omega_{1})-\wp(\omega_{1}),\wp^{(1/2)}(x)\equiv\wp(x)+\wp(x+\omega_{1})-\wp(\omega_{1}),\wp^{(1/2)}(x)\equiv\wp(x)+\wp(x+\omega_{1)-\wp(\omega_{1),\wp^{(1/2)}(x)\equiv\wp(x)+\wp(x+\omega_{1)-\wp(\omega_{1)
848,9bc1188cdc.png,0,0,98.104,almost_correct,207,211,"F_{\mu\nu\alpha\beta}=\frac12(\partial_{\mu}\partial_{\alpha}h_{\nu\beta}-\partial_{\mu}\partial_{\beta}h_{\nu\alpha}-\partial_{\nu}\partial_{\alpha}h_{\mu\beta}+\partial_{\nu}\partial_{\beta}h_{\mu\alpha}),","F_{\mu\nu\alpha\beta}=\frac{1}{2}(\partial_{\mu}\partial_{\alpha}h_{\nu\beta}-\partial_{\mu}\partial_{\beta}h_{\nu\alpha}-\partial_{\nu}\partial_{\alpha}h_{\mu\beta}+\partial_{\nu}\partial_{\beta}h_{\mu\alpha}),","F_{\mu\nu\alpha\beta=\frac12(\partial_{\mu}\partial_{\alpha}h_{\nu\beta-\partial_{\mu}\partial_{\beta}h_{\nu\alpha-\partial_{\nu}\partial_{\alpha}h_{\mu\beta+\partial_{\nu}\partial_{\beta}h_{\mu\alpha),","F_{\mu\nu\alpha\beta=\frac{1}{2}(\partial_{\mu}\partial_{\alpha}h_{\nu\beta-\partial_{\mu}\partial_{\beta}h_{\nu\alpha-\partial_{\nu}\partial_{\alpha}h_{\mu\beta+\partial_{\nu}\partial_{\beta}h_{\mu\alpha),"
849,7067da3b35.png,1,1,100.0,exact,60,60,h^{\alpha}=|c_{\alpha}|^{2}\sum_{i=1}^{r}v_{\alpha}^{i}H^{i},h^{\alpha}=|c_{\alpha}|^{2}\sum_{i=1}^{r}v_{\alpha}^{i}H^{i},h^{\alpha=|c_{\alpha}|^{2}\sum_{i=1^{r}v_\alpha^{i}H^{i},h^{\alpha=|c_{\alpha}|^{2}\sum_{i=1^{r}v_\alpha^{i}H^{i}
850,584a5601d4.png,0,0,92.647,semantic_or_token_error,68,65,"c_{eff}=1-\frac{8}{4nt}=1-\frac{2(\bar{n}t-3\bar{m}n)^{2}}{nt}\quad,","c_{eff}=1-\frac{8}{4nt}=1-\frac{2(\bar{n}t-3\bar{m}n)^{2}}{nt}~~,","c_{eff=1-\frac{8}{4nt=1-\frac{2(\bar{n}t-3\bar{m}n)^{2}{nt,","c_{eff=1-\frac{8}{4nt=1-\frac{2(\bar{n}t-3\bar{m}n)^{2}{nt}~~,"
851,56ff43dd29.png,1,1,100.0,exact,70,70,"[r_{12},r_{13}]+[r_{12},r_{23}]+[r_{13},r_{23}]=\alpha[t_{13},t_{23}].","[r_{12},r_{13}]+[r_{12},r_{23}]+[r_{13},r_{23}]=\alpha[t_{13},t_{23}].","[r_{12,r_{13]+[r_{12,r_{23]+[r_{13,r_{23]=\alpha[t_{13,t_{23].","[r_{12,r_{13]+[r_{12,r_{23]+[r_{13,r_{23]=\alpha[t_{13,t_{23]."
852,2e8fbeaabd.png,0,0,94.203,semantic_or_token_error,66,69,"\delta_{v}(\delta_{u}B^{a})=D\delta_{v}u^{a}=DDv^{a}=[F,~v]^{a}=0,","\delta_{v}(\delta_{u}B^{a})=D\delta_{v}u^{a}=DDv^{a}=[F,\,\,v]^{a}=0,","\delta_{v}(\delta_{u}B^{a)=D\delta_{v}u^{a=DDv^{a=[F,~v]^{a=0,","\delta_{v}(\delta_{u}B^{a)=D\delta_{v}u^{a=DDv^{a=[F,v]^{a=0,"
853,5f4eea9f83.png,1,1,100.0,exact,101,101,H=\frac{L^{4}}{2}\left(\frac{1}{|\vec{y}-\vec{d}_{1}|^{4}}+\frac{1}{|\vec{y}-\vec{d}_{2}|^{4}}\right),H=\frac{L^{4}}{2}\left(\frac{1}{|\vec{y}-\vec{d}_{1}|^{4}}+\frac{1}{|\vec{y}-\vec{d}_{2}|^{4}}\right),H=\frac{L^{4}{2}(\frac{1}{|\vec{y-\vecd_{1}|^{4+\frac{1}{|\vec{y-\vecd_{2}|^{4),H=\frac{L^{4}{2}(\frac{1}{|\vec{y-\vecd_{1}|^{4+\frac{1}{|\vec{y-\vecd_{2}|^{4)
854,7570329615.png,0,0,89.286,semantic_or_token_error,56,54,\rho(y_{H})=0\quad\textrm{and}\quad\rho(y_{I})=\infty\;.,\rho(y_{H})=0\quad\mathrm{and}\quad\rho(y_{I})=\infty.,\rho(y_{H)=0\textrm{and}\rho(y_{I)=\infty.,\rho(y_{H)=0\mathrm{and}\rho(y_{I)=\infty.
855,60ac6efda3.png,1,1,100.0,exact,63,63,"\left(\nabla_{\mu}\nabla^{\mu}+\frac{1}{6}R\right)\varphi(x)=0,","\left(\nabla_{\mu}\nabla^{\mu}+\frac{1}{6}R\right)\varphi(x)=0,","(\nabla_{\mu}\nabla^{\mu+\frac{1}{6}R)\varphi(x)=0,","(\nabla_{\mu}\nabla^{\mu+\frac{1}{6}R)\varphi(x)=0,"
856,32c293af8e.png,1,1,100.0,exact,43,43,"\beta=2\alpha(n+1)-1,\quadwith\;n=0,1,2,...","\beta=2\alpha(n+1)-1,\quadwith\;n=0,1,2,...","\beta=2\alpha(n+1)-1,withn=0,1,2,...","\beta=2\alpha(n+1)-1,withn=0,1,2,..."
857,7035ede6a4.png,0,0,89.706,semantic_or_token_error,136,124,{\calA}={\frac{{\calF}_{\mathrm{in}}(0)}{{\calF}_{\mathrm{in}}(\infty)}}\simeq4\piu_{0}^{2}q\left\vert{\frac{A}{\alpha}}\right\vert^{2}.,{\calA}=\frac{{\calF}_{\mathrm{in}}(0)}{{\calF}_{\mathrm{in}}(\infty)}\simeq4\piu_{0}^{2}q\left|\frac{A}{\alpha}\right|^{2}.,{\calA=\frac{\calF_\mathrm{in}(0)}{\calF_\mathrm{in}(\infty)}\simeq4\piu_0^{2}q\vert\frac{A}{\alpha}\vert^{2}.,{\calA=\frac{\calF_\mathrm{in}(0)}{\calF_\mathrm{in}(\infty)}\simeq4\piu_0^{2}q|\frac{A}{\alpha}|^{2}.
858,12b83c88c4.png,0,0,89.032,semantic_or_token_error,155,148,"\left|{\frac{dx}{d\lambda}}\right|={\frac{1}{\sqrt{g_{xx}^{E}}}}\sqrt{-{\frac{E^{2}}{g_{tt}^{E}}}-{\frac{(J^{m})^{2}}{g_{\phi_{m}\phi_{m}}^{E}}}-\epsilon},","\left|\frac{dx}{d\lambda}\right|=\frac{1}{\sqrt{g_{xx}^{E}}}\sqrt{-\frac{E^{2}}{g_{tt}^{E}}-\frac{(J^{m})^{2}}{g_{m}^{F}\phi_{m}}^{F_{m}}-\epsilon},","|\frac{dx}{d\lambda}|=\frac{1}\sqrt{g_{xx^{E}\sqrt{-\frac{E^{2}{g_{tt^{E-\frac{(J^{m)^{2}{g_{\phi_{m}\phi_m^{E-\epsilon,","|\frac{dx}{d\lambda}|=\frac{1}\sqrt{g_{xx^{E}\sqrt{-\frac{E^{2}{g_{tt^{E-\frac{(J^{m)^{2}{g_m^{F}\phi_m^{F_{m-\epsilon,"
859,5e38280f69.png,1,1,100.0,exact,93,93,"\eta_{\alpha\beta}\,=\,\mathrm{diag}\,(1,-1,\ldots,-1),\quad\alpha,\,\beta\,=\,0,1,\ldots,D-1","\eta_{\alpha\beta}\,=\,\mathrm{diag}\,(1,-1,\ldots,-1),\quad\alpha,\,\beta\,=\,0,1,\ldots,D-1","\eta_{\alpha\beta=\mathrm{diag}(1,-1,\ldots,-1),\alpha,\beta=0,1,\ldots,D-1","\eta_{\alpha\beta=\mathrm{diag}(1,-1,\ldots,-1),\alpha,\beta=0,1,\ldots,D-1"
860,15b6e7733c.png,1,1,100.0,exact,36,36,(l_{j})_{s}=l_{j}/(3s-P_{j}t^{-1/2}),(l_{j})_{s}=l_{j}/(3s-P_{j}t^{-1/2}),(l_{j)_{s=l_{j}/(3s-P_{j}t^{-1/2),(l_{j)_{s=l_{j}/(3s-P_{j}t^{-1/2)
861,78e47c4148.png,1,1,100.0,exact,58,58,"g_{k}^{(l_{1},l_{2})}\rightarrowc_{1}g_{k}^{(l_{1},l_{2})}","g_{k}^{(l_{1},l_{2})}\rightarrowc_{1}g_{k}^{(l_{1},l_{2})}","g_k^{(l_{1,l_{2)}arrowc_{1}g_k^{(l_{1,l_{2)}","g_k^{(l_{1,l_{2)}arrowc_{1}g_k^{(l_{1,l_{2)}"
862,76e8819433.png,0,0,91.304,semantic_or_token_error,46,43,E_{(phases)}\{\mu_{k}\mu_{k}^{\ast}\}=N_{k}\;.,E_{(phases)}\{\mu_{k}\mu_{k}^{*}\}=N_{k}\;.,E_{(phases)}\{\mu_{k}\mu_k^{\ast}\=N_{k}.,E_{(phases)}\{\mu_{k}\mu_k^{*}\=N_{k}.
863,573423c856.png,0,1,97.826,canonical_equivalent,184,180,"E_{-}^{(2)}=E_{-}-{\frac{\hbar^{2}}{16m^{2}}}\sum_{n=1}^{\infty}{\frac{|p_{2}(0)|^{2}}{E_{1,n}-E_{-}}}\left|\intdx\,\varphi_{1,n}(x)\partial_{x}\theta(x)\right|^{2}\varphi_{2+}(0)^{2}.","E_{-}^{(2)}=E_{-}-\frac{\hbar^{2}}{16m^{2}}\sum_{n=1}^{\infty}\frac{|p_{2}(0)|^{2}}{E_{1,n}-E_{-}}\left|\intdx\,\varphi_{1,n}(x)\partial_{x}\theta(x)\right|^{2}\varphi_{2+}(0)^{2}.","E_{-^{(2)=E_{--\frac{\hbar^{2}{16m^{2}\sum_{n=1^{\infty}\frac{|p_{2}(0)|^{2}{E_{1,n-E_{-}|\intdx\varphi_{1,n}(x)\partial_{x}\theta(x)|^{2}\varphi_{2+}(0)^{2}.","E_{-^{(2)=E_{--\frac{\hbar^{2}{16m^{2}\sum_{n=1^{\infty}\frac{|p_{2}(0)|^{2}{E_{1,n-E_{-}|\intdx\varphi_{1,n}(x)\partial_{x}\theta(x)|^{2}\varphi_{2+}(0)^{2}."
864,6fe9108d3e.png,0,0,94.872,semantic_or_token_error,78,74,\sum_{n}c_{n}f_{n}\*\sum_{m}d_{m}f_{m}=\sum_{m}d_{m}f_{m}\*\sum_{n}c_{n}f_{n}.,\sum_{n}c_{n}f_{n}\sum_{m}d_{m}f_{m}=\sum_{m}d_{m}f_{m}\sum_{n}c_{n}f_{n}.,\sum_{n}c_{n}f_{n}\*\sum_{m}d_{m}f_{m=\sum_{m}d_{m}f_{m}\*\sum_{n}c_{n}f_{n}.,\sum_{n}c_{n}f_{n}\sum_{m}d_{m}f_{m=\sum_{m}d_{m}f_{m}\sum_{n}c_{n}f_{n}.
865,7fae142826.png,0,0,96.774,almost_correct,30,31,ds_{L}^{2}=g_{ij}dx^{i}dx^{j}.,ds_{L}^{2}=g_{ij}dx^{i}dx^{j}~.,ds_L^{2=g_{ij}dx^{i}dx^{j}.,ds_L^{2=g_{ij}dx^{i}dx^{j}~.
866,22256f2026.png,1,1,100.0,exact,51,51,"{\calL}_{A}=-\frac{1}{4}\,F_{\mu\nu}\,F^{\mu\nu}\,,","{\calL}_{A}=-\frac{1}{4}\,F_{\mu\nu}\,F^{\mu\nu}\,,","\calL_{A=-\frac{1}{4}F_{\mu\nu}F^{\mu\nu,","\calL_{A=-\frac{1}{4}F_{\mu\nu}F^{\mu\nu,"
867,7124d72347.png,0,0,93.578,brace_issue,218,212,"N^{(N+l)}(L)\;:=\;\sum_{\{\alpha_{a},\beta_{a},\alpha_{a}^{\prime},\beta_{a}^{\prime}\}}\Bigg\{\prod_{b=1}^{N}\left[\psi_{\alpha_{b}}^{(b)}(-L,0)\;U\Big({\calC}(L)\Big)\;\overline{{\psi}}_{\beta_{b}}^{(b)}(+L,0)\right]","N^{(N+l)}(L):=\sum_{\{\alpha_{a},\beta_{a},\alpha_{a}^{\prime},\beta_{a}^{\prime}\}}\left\{\prod_{b=1}^{N}\left[\psi_{\alpha_{b}}^{(b)}(-L,0)U\Bigl({\calC}(L)\Bigr)\overline{{\psi}}_{\beta_{b}}^{(b)}(+L,0)\right]","N^{(N+l)}(L):=\sum_{\{\alpha_{a,\beta_{a,\alpha_a^{\prime,\beta_a^{\prime}\}\Bigg\{\prod_{b=1^{N}[\psi_{\alpha_b^{(b)}(-L,0)U\Big({\calC}(L)\Big)\overline{\psi_{\beta_b^{(b)}(+L,0)]","N^{(N+l)}(L):=\sum_{\{\alpha_{a,\beta_{a,\alpha_a^{\prime,\beta_a^{\prime}\}\{\prod_{b=1^{N}[\psi_{\alpha_b^{(b)}(-L,0)U\Bigl({\calC}(L)\Bigr)\overline{\psi_{\beta_b^{(b)}(+L,0)]"
868,20bdbc2427.png,1,1,100.0,exact,73,73,\DeltaV\sim\frac{2}{3\pi}\frac{R^{2}}{r^{2}}\operatorname{ln}\frac{r}{R}.,\DeltaV\sim\frac{2}{3\pi}\frac{R^{2}}{r^{2}}\operatorname{ln}\frac{r}{R}.,\DeltaV\sim\frac{2}{3\pi}\frac{R^{2}{r^{2}\operatorname{ln}\frac{r}{R}.,\DeltaV\sim\frac{2}{3\pi}\frac{R^{2}{r^{2}\operatorname{ln}\frac{r}{R}.
869,4693f10365.png,0,0,89.744,semantic_or_token_error,39,35,"F={\frac{Q}{r^{2}}};~~Q=\mathrm{const},","F=\frac{Q}{r^{2}};Q=\mathrm{const},","F=\frac{Q}{r^{2};~~Q=\mathrm{const,","F=\frac{Q}{r^{2};Q=\mathrm{const,"
870,1ac408b290.png,1,1,100.0,exact,66,66,"\delta_{\lambda}B_{m\,\mu\nu}=2\partial_{[\mu}\lambda_{|m|\nu]}\,.","\delta_{\lambda}B_{m\,\mu\nu}=2\partial_{[\mu}\lambda_{|m|\nu]}\,.",\delta_{\lambda}B_{m\mu\nu=2\partial_{[\mu}\lambda_{|m|\nu]}.,\delta_{\lambda}B_{m\mu\nu=2\partial_{[\mu}\lambda_{|m|\nu]}.
871,5491560287.png,0,0,98.507,almost_correct,134,132,"E_{eff(3+1)}=-\frac{B_{m}}{2\pi^{2}}\operatorname{ln}\left(B_{m}/{m_{f}^{2}}\right)\int_{0}^{+\infty}y\left(G(y,B_{m}d^{2})-c\right)dy","E_{eff(3+1)}=-\frac{B_{m}}{2\pi^{2}}\operatorname{ln}\left(B_{m}/m_{f}^{2}\right)\int_{0}^{+\infty}y\left(G(y,B_{m}d^{2})-c\right)dy","E_{eff(3+1)=-\frac{B_{m}{2\pi^{2}\operatorname{ln}(B_{m}/{m_f^{2)\int_0^{+\infty}y(G(y,B_{m}d^{2)-c)dy","E_{eff(3+1)=-\frac{B_{m}{2\pi^{2}\operatorname{ln}(B_{m}/m_f^{2)\int_0^{+\infty}y(G(y,B_{m}d^{2)-c)dy"
872,c0e6eff767.png,1,1,100.0,exact,112,112,"\epsilon_{(0)}^{3}=\epsilon_{(0)}^{4}=0\,,\hspace{1cm}\epsilon_{1(0)}=e^{i\gamma}\gamma^{0}\epsilon_{(0)}^{2}\,.","\epsilon_{(0)}^{3}=\epsilon_{(0)}^{4}=0\,,\hspace{1cm}\epsilon_{1(0)}=e^{i\gamma}\gamma^{0}\epsilon_{(0)}^{2}\,.","\epsilon_{(0)^{3=\epsilon_{(0)^{4=0,\hspace{1cm}\epsilon_{1(0)=e^{i\gamma}\gamma^{0}\epsilon_{(0)^{2}.","\epsilon_{(0)^{3=\epsilon_{(0)^{4=0,\hspace{1cm}\epsilon_{1(0)=e^{i\gamma}\gamma^{0}\epsilon_{(0)^{2}."
873,59e08c0887.png,1,1,100.0,exact,50,50,"m_{2}\circm_{2}+m_{1}\circm_{3}+m_{3}\circm_{1}=0,","m_{2}\circm_{2}+m_{1}\circm_{3}+m_{3}\circm_{1}=0,","m_{2}\circm_{2+m_{1}\circm_{3+m_{3}\circm_{1=0,","m_{2}\circm_{2+m_{1}\circm_{3+m_{3}\circm_{1=0,"
874,5a9c48cdd7.png,1,1,100.0,exact,80,80,\langle\psi_{\ell}|H|\psi_{\ell}\rangle=\langle{\bfa}|H_{SB}(\ell)|{\bfa}\rangle,\langle\psi_{\ell}|H|\psi_{\ell}\rangle=\langle{\bfa}|H_{SB}(\ell)|{\bfa}\rangle,\langle\psi_{\ell}|H|\psi_{\ell}\rangle=\langle{\bfa}|H_{SB}(\ell)|{\bfa}\rangle,\langle\psi_{\ell}|H|\psi_{\ell}\rangle=\langle{\bfa}|H_{SB}(\ell)|{\bfa}\rangle
875,367835aaef.png,0,0,96.512,almost_correct,172,168,"\operatorname*{lim}_{n\to\infty}\mathcal{I}_{n}^{\alpha,a}=\operatorname*{lim}_{n\to\infty}\int_{0}^{\infty}dyn^{(1+a)-\alpha}L_{n}^{\alpha}(2y)y^{a}\operatorname{exp}(-y),","\operatorname*{lim}_{n\to\infty}{\calI}_{n}^{\alpha,a}=\operatorname*{lim}_{n\to\infty}\int_{0}^{\infty}dyn^{(1+a)-\alpha}L_{n}^{\alpha}(2y)y^{a}\operatorname{exp}(-y),","\operatorname*{lim_{n\rightarrow\infty}\mathcalI_n^{\alpha,a=\operatorname*{lim_{n\rightarrow\infty}\int_0^{\infty}dyn^{(1+a)-\alpha}L_n^{\alpha}(2y)y^{a}\operatorname{exp}(-y),","\operatorname*{lim_{n\rightarrow\infty}\calI_n^{\alpha,a=\operatorname*{lim_{n\rightarrow\infty}\int_0^{\infty}dyn^{(1+a)-\alpha}L_n^{\alpha}(2y)y^{a}\operatorname{exp}(-y),"
876,21992e13ea.png,1,1,100.0,exact,80,80,e^{i\theta}=e^{\phi_{0}/2}(q_{1}-q_{2}\overline{{\lambda}}_{0})\Delta_{q}^{-1/2},e^{i\theta}=e^{\phi_{0}/2}(q_{1}-q_{2}\overline{{\lambda}}_{0})\Delta_{q}^{-1/2},e^{i\theta=e^{\phi_{0}/2}(q_{1-q_{2}\overline{\lambda_{0)\Delta_q^{-1/2},e^{i\theta=e^{\phi_{0}/2}(q_{1-q_{2}\overline{\lambda_{0)\Delta_q^{-1/2}
877,85333c1c9f.png,1,1,100.0,exact,98,98,"\deltah_{zz}=\nabla_{z}\xi_{z}\qquad,\qquad\deltah_{\bar{z}\bar{z}}=\nabla_{\bar{z}}\xi_{\bar{z}}.","\deltah_{zz}=\nabla_{z}\xi_{z}\qquad,\qquad\deltah_{\bar{z}\bar{z}}=\nabla_{\bar{z}}\xi_{\bar{z}}.","\deltah_{zz=\nabla_{z}\xi_{z,\deltah_\bar{z}\bar{z=\nabla_\bar{z}\xi_\bar{z}.","\deltah_{zz=\nabla_{z}\xi_{z,\deltah_\bar{z}\bar{z=\nabla_\bar{z}\xi_\bar{z}."
878,363d011f47.png,1,1,100.0,exact,48,48,"(\deltaT_{0})_{2,2}(s_{2}-)=\deltaT_{0}(s_{2}+).","(\deltaT_{0})_{2,2}(s_{2}-)=\deltaT_{0}(s_{2}+).","(\deltaT_{0)_{2,2}(s_{2-)=\deltaT_{0}(s_{2+).","(\deltaT_{0)_{2,2}(s_{2-)=\deltaT_{0}(s_{2+)."
879,17fcc808de.png,0,0,93.75,semantic_or_token_error,32,31,<<p_{0}-p>>_{i}=<<M_{D}u_{i}>>=0,<r_{0}-p>>_{i}=<<M_{D}u_{i}>>=0,<<p_{0-p>>_{i=<<M_{D}u_{i}>>=0,<r_{0-p>>_{i=<<M_{D}u_{i}>>=0
880,d123328969.png,1,1,100.0,exact,88,88,"\{g_{\mu\nu},\phi,B_{\mu\nu},C^{(3)}{}_{\mu\nu\rho},C^{(1)}{}_{\mu},\psi_{\mu},\lambda\}","\{g_{\mu\nu},\phi,B_{\mu\nu},C^{(3)}{}_{\mu\nu\rho},C^{(1)}{}_{\mu},\psi_{\mu},\lambda\}","\{g_{\mu\nu,\phi,B_{\mu\nu,C^{(3)}{_{\mu\nu\rho,C^{(1)}{_{\mu,\psi_{\mu,\lambda\}","\{g_{\mu\nu,\phi,B_{\mu\nu,C^{(3)}{_{\mu\nu\rho,C^{(1)}{_{\mu,\psi_{\mu,\lambda\}"
881,4c05c5f662.png,1,1,100.0,exact,57,57,"\eta_{-}=\eta_{a}-\eta_{b},\qquad\xi_{+}=\xi_{a}+\xi_{b}.","\eta_{-}=\eta_{a}-\eta_{b},\qquad\xi_{+}=\xi_{a}+\xi_{b}.","\eta_{-=\eta_{a-\eta_{b,\xi_{+=\xi_{a+\xi_{b}.","\eta_{-=\eta_{a-\eta_{b,\xi_{+=\xi_{a+\xi_{b}."
882,6ce758b2c7.png,1,1,100.0,exact,91,91,"{\calZ}(t)={\calZ}^{F_{0},\alpha_{0}}(t^{5}),\qquadZ_{3}^{F_{0}}=-1/2,\quad\alpha_{0}=12/5,","{\calZ}(t)={\calZ}^{F_{0},\alpha_{0}}(t^{5}),\qquadZ_{3}^{F_{0}}=-1/2,\quad\alpha_{0}=12/5,","{\calZ}(t)=\calZ^{F_{0,\alpha_{0}(t^{5),Z_3^{F_{0=-1/2,\alpha_{0=12/5,","{\calZ}(t)=\calZ^{F_{0,\alpha_{0}(t^{5),Z_3^{F_{0=-1/2,\alpha_{0=12/5,"
883,46a8ad086d.png,0,1,97.333,canonical_equivalent,146,150,"\phi_{mr}=\sum_{n=1}^{\infty}\left[\operatorname{ln}\left(\frac{\omega_{rn}+\omega_{m}\alpha_{r}}{n}\right)-\frac{\omega_{m}\alpha_{r}}{n}\right],","\phi_{mr}=\sum_{n=1}^{\infty}\left[\operatorname{ln}\left({\frac{\omega_{rn}+\omega_{m}\alpha_{r}}{n}}\right)-{\frac{\omega_{m}\alpha_{r}}{n}}\right],","\phi_{mr=\sum_{n=1^{\infty}[\operatorname{ln}(\frac{\omega_{rn+\omega_{m}\alpha_{r}{n)-\frac{\omega_{m}\alpha_{r}{n],","\phi_{mr=\sum_{n=1^{\infty}[\operatorname{ln}(\frac{\omega_{rn+\omega_{m}\alpha_{r}{n)-\frac{\omega_{m}\alpha_{r}{n],"
884,7903408830.png,1,1,100.0,exact,103,103,"F_{\mu\nu}^{a}=\partial_{\mu}A_{\nu}^{a}-\partial_{\nu}A_{\mu}^{a}+\alphaf^{abc}A_{\mu}^{b}A_{\nu}^{c},","F_{\mu\nu}^{a}=\partial_{\mu}A_{\nu}^{a}-\partial_{\nu}A_{\mu}^{a}+\alphaf^{abc}A_{\mu}^{b}A_{\nu}^{c},","F_{\mu\nu^{a=\partial_{\mu}A_\nu^{a-\partial_{\nu}A_\mu^{a+\alphaf^{abc}A_\mu^{b}A_\nu^{c,","F_{\mu\nu^{a=\partial_{\mu}A_\nu^{a-\partial_{\nu}A_\mu^{a+\alphaf^{abc}A_\mu^{b}A_\nu^{c,"
885,5ecf85ad43.png,1,1,100.0,exact,60,60,"Eq^{m}=\int_{V}d\tilde{\sigma}_{\mu}j_{\mu}^{m}(x,C)=EI(V,C)","Eq^{m}=\int_{V}d\tilde{\sigma}_{\mu}j_{\mu}^{m}(x,C)=EI(V,C)","Eq^{m=\int_{V}d\tilde\sigma_{\mu}j_\mu^{m}(x,C)=EI(V,C)","Eq^{m=\int_{V}d\tilde\sigma_{\mu}j_\mu^{m}(x,C)=EI(V,C)"
886,3974ae0081.png,0,1,96.46,canonical_equivalent,113,109,"G^{R}(k)={\frac{N^{2}k^{4}}{64\pi^{2}}}(\operatorname{ln}{|k^{2}|}-i\pi\,\theta(-k^{2})\,\mathrm{sgn}\,\omega)\,.","G^{R}(k)=\frac{N^{2}k^{4}}{64\pi^{2}}(\operatorname{ln}{|k^{2}|}-i\pi\,\theta(-k^{2})\mathrm{sgn}\,\omega)\,.",G^{R}(k)=\frac{N^{2}k^{4}{64\pi^{2}(\operatorname{ln}{|k^{2}|-i\pi\theta(-k^{2)\mathrm{sgn}\omega).,G^{R}(k)=\frac{N^{2}k^{4}{64\pi^{2}(\operatorname{ln}{|k^{2}|-i\pi\theta(-k^{2)\mathrm{sgn}\omega).
887,50534e9b5d.png,0,1,97.08,canonical_equivalent,137,137,"{\delta}_{\alpha}\equiv\frac{\delta}{du^{\alpha}}=(\delta_{i}=\partial_{i}-N_{i}^{b}(u)\partial_{b},\partial_{a}=\frac{\partial}{dy^{a}})","\delta_{\alpha}\equiv\frac{\delta}{du^{\alpha}}=(\delta_{i}=\partial_{i}-N_{i}^{b}(u)\;\partial_{b},\partial_{a}=\frac{\partial}{dy^{a}})","\delta_{\alpha}\equiv\frac{\delta}{du^{\alpha=(\delta_{i=\partial_{i-N_i^{b}(u)\partial_{b,\partial_{a=\frac{\partial}{dy^{a)","\delta_{\alpha}\equiv\frac{\delta}{du^{\alpha=(\delta_{i=\partial_{i-N_i^{b}(u)\partial_{b,\partial_{a=\frac{\partial}{dy^{a)"
888,5ac52ca986.png,0,1,98.473,canonical_equivalent,131,129,"{\frac{2}{3-\varphi^{2}}}\varphi^{\prime\prime}+[1-\lambda(p,\varphi)]\varphi^{\prime}=-[1-3\lambda(p,\varphi)]\alpha_{m}(\varphi),","\frac{2}{3-\varphi^{2}}\varphi^{\prime\prime}+[1-\lambda(p,\varphi)]\varphi^{\prime}=-[1-3\lambda(p,\varphi)]\alpha_{m}(\varphi),","\frac{2}{3-\varphi^{2}\varphi^{\prime\prime+[1-\lambda(p,\varphi)]\varphi^{\prime=-[1-3\lambda(p,\varphi)]\alpha_{m}(\varphi),","\frac{2}{3-\varphi^{2}\varphi^{\prime\prime+[1-\lambda(p,\varphi)]\varphi^{\prime=-[1-3\lambda(p,\varphi)]\alpha_{m}(\varphi),"
889,52b981ea58.png,0,1,98.347,canonical_equivalent,121,119,"j_{\;\;a}^{\mu}=i\bar{\psi}_{\alpha}^{\;A}\left(\gamma^{\mu}\right)_{\;\;\beta}^{\alpha}T_{\;\;aA}^{C}\psi_{\;C}^{\beta},","j_{\;\;a}^{\mu}=i\bar{\psi}_{\alpha}^{\;A}\left(\gamma^{\mu}\right)_{\;\;\beta}^{\alpha}T_{\;aA}^{C}\psi_{\;C}^{\beta},","j_a^{\mu=i\bar\psi_\alpha^{A}(\gamma^{\mu)_\beta^{\alpha}T_{aA^{C}\psi_C^{\beta,","j_a^{\mu=i\bar\psi_\alpha^{A}(\gamma^{\mu)_\beta^{\alpha}T_{aA^{C}\psi_C^{\beta,"
890,3047ce3033.png,0,0,84.0,missing_factorial,100,90,"f^{(0)}=kS~,~~~~~~~K^{(0)}=-\operatorname{ln}(S+\,\overline{{\!S}})+G^{(0)}(Z,\,\overline{{\!Z}})\,,","f^{(0)}=kS,\qquadK^{(0)}=-\operatorname{ln}(S+\overline{{S}})+G^{(0)}(Z,\overline{{Z}})\,,","f^{(0)=kS~,~~~~~~~K^{(0)=-\operatorname{ln}(S+\overline{{S)+G^{(0)}(Z,\overline{{Z),","f^{(0)=kS,K^{(0)=-\operatorname{ln}(S+\overline{{S)+G^{(0)}(Z,\overline{{Z),"
891,5a3785e0d1.png,0,1,98.601,canonical_equivalent,143,141,"G(s,\nu_{1},\nu_{2},\alpha(\mu),N)={\frac{1}{s^{3}}}Z_{\sigma^{2}}^{-3}(\alpha(1/s),\alpha(\mu))G_{\mathrm{red}}(\nu_{1},\nu_{2},\alpha(1/s),N)","G(s,\nu_{1},\nu_{2},\alpha(\mu),N)=\frac{1}{s^{3}}Z_{\sigma^{2}}^{-3}(\alpha(1/s),\alpha(\mu))G_{\mathrm{red}}(\nu_{1},\nu_{2},\alpha(1/s),N)","G(s,\nu_{1,\nu_{2,\alpha(\mu),N)=\frac{1}{s^{3}Z_{\sigma^2^{-3}(\alpha(1/s),\alpha(\mu))G_\mathrm{red}(\nu_{1,\nu_{2,\alpha(1/s),N)","G(s,\nu_{1,\nu_{2,\alpha(\mu),N)=\frac{1}{s^{3}Z_{\sigma^2^{-3}(\alpha(1/s),\alpha(\mu))G_\mathrm{red}(\nu_{1,\nu_{2,\alpha(1/s),N)"
892,6f6b8be8c5.png,1,1,100.0,exact,71,71,"{\calM}=V^{\dagger}{\calU}V,\quadV=(\sigma_{00}-i\sigma_{10})/\sqrt{2},","{\calM}=V^{\dagger}{\calU}V,\quadV=(\sigma_{00}-i\sigma_{10})/\sqrt{2},","{\calM=V^{\dagger}{\calU}V,V=(\sigma_{00-i\sigma_{10)/\sqrt{2,","{\calM=V^{\dagger}{\calU}V,V=(\sigma_{00-i\sigma_{10)/\sqrt{2,"
893,116f4d9c60.png,0,0,99.482,almost_correct,192,193,"\widehat{{\calR}}_{\mu\nu}={\calR}_{\mu\nu}+\theta^{\alpha\beta}{\calR}_{\mu\nu\alpha\beta}^{(1)}+\theta^{\alpha\beta}\theta^{\gamma\delta}{\calR}_{\mu\nu\alpha\beta\gamma\delta}^{(2)}+\cdots,","\widehat{{\calR}}_{\mu\nu}={\calR}_{\mu\nu}+\theta^{\alpha\beta}{\calR}_{\mu\nu\alpha\beta}^{(1)}+\theta^{\alpha\beta}\theta^{\gamma\delta}{\calR}_{\mu\nu\alpha\beta\gamma\delta}^{(2)}+\cdots~,","\widehat{\calR_{\mu\nu=\calR_{\mu\nu+\theta^{\alpha\beta}\calR_{\mu\nu\alpha\beta^{(1)+\theta^{\alpha\beta}\theta^{\gamma\delta}\calR_{\mu\nu\alpha\beta\gamma\delta^{(2)+\cdots,","\widehat{\calR_{\mu\nu=\calR_{\mu\nu+\theta^{\alpha\beta}\calR_{\mu\nu\alpha\beta^{(1)+\theta^{\alpha\beta}\theta^{\gamma\delta}\calR_{\mu\nu\alpha\beta\gamma\delta^{(2)+\cdots~,"
894,ec09a7844a.png,0,1,96.296,canonical_equivalent,54,52,p_{0}^{2}=p_{3}^{2}+P^{2}+c{\frac{1}{\theta^{2}P^{2}}},p_{0}^{2}=p_{3}^{2}+P^{2}+c\frac{1}{\theta^{2}P^{2}},p_0^{2=p_3^{2+P^{2+c\frac{1}{\theta^{2}P^{2},p_0^{2=p_3^{2+P^{2+c\frac{1}{\theta^{2}P^{2}
895,7e6847a0ed.png,0,0,99.038,almost_correct,104,104,"R_{l}(r)=\left(\frac{eB}{4}r^{2}\right)^{\frac{b}{2}-\frac{1}{4}}e^{-eBr^{2}/8}F(a,b,\frac{eB}{4}r^{2}),","R_{l}(r)=\left(\frac{eB}{4}r^{2}\right)^{\frac{h}{2}-\frac{1}{4}}e^{-eBr^{2}/8}F(a,b,\frac{eB}{4}r^{2}),","R_{l}(r)=(\frac{eB}{4}r^{2)^\frac{b}{2-\frac{1}{4}e^{-eBr^{2}/8}F(a,b,\frac{eB}{4}r^{2),","R_{l}(r)=(\frac{eB}{4}r^{2)^\frac{h}{2-\frac{1}{4}e^{-eBr^{2}/8}F(a,b,\frac{eB}{4}r^{2),"
896,e7e9327d02.png,1,1,100.0,exact,53,53,i\sum_{a=1}^{N}\psi^{a}\psi^{b}\omega_{ab}-C\dot{=}0.,i\sum_{a=1}^{N}\psi^{a}\psi^{b}\omega_{ab}-C\dot{=}0.,i\sum_{a=1^{N}\psi^{a}\psi^{b}\omega_{ab-C\dot{=}0.,i\sum_{a=1^{N}\psi^{a}\psi^{b}\omega_{ab-C\dot{=}0.
897,52bc42034a.png,0,0,93.793,semantic_or_token_error,145,136,\Omega(\pm\eta_{\mathrm{j}})=\Psi_{\mathrm{i}}\pm\epsilonn\eta_{0}\biggl(1-\frac{n^{2}}{n_{\mathrm{inf}}^{2}}\biggr)^{1/2}+{\calO}(\epsilon^{3}).,\Omega(\pm\eta_{\mathrm{j}})=\Psi_{i}\pm\epsilonn\eta_{0}\biggl(1-\frac{n^{2}}{n_{\mathrm{inf}}^{2}}\biggr)^{1/2}+{\calO}(\epsilon^{3}).,\Omega(\pm\eta_\mathrm{j)=\Psi_\mathrm{i}\pm\epsilonn\eta_{0}\biggl(1-\frac{n^{2}{n_\mathrm{inf^{2}\biggr)^{1/2+{\calO}(\epsilon^{3).,\Omega(\pm\eta_\mathrm{j)=\Psi_{i}\pm\epsilonn\eta_{0}\biggl(1-\frac{n^{2}{n_\mathrm{inf^{2}\biggr)^{1/2+{\calO}(\epsilon^{3).
898,7d7ae67068.png,0,0,59.524,too_short,42,25,"E(L)=-\displaystyle\frac{\pic(L)}{6L}\,\,.",E(L)=-\frac{\pic(L)}{6L}.,E(L)=-\displaystyle\frac{\pic(L)}{6L}.,E(L)=-\frac{\pic(L)}{6L}.
899,38266cd93f.png,0,0,91.753,semantic_or_token_error,97,89,\int_{0}^{\pi}C_{m}^{p}(cos{\theta})C_{l}^{p}(cos{\theta})(sin{\theta})^{2p}d{\theta}=\delta_{lm},\int_{0}^{\pi}C_{m}^{p}(cos\theta)C_{l}^{p}(cos\theta)(sin\theta)^{2p}d\theta=\delta_{lm},\int_0^{\pi}C_m^{p}(cos{\theta)C_l^{p}(cos{\theta)(sin{\theta)^{2p}d{\theta=\delta_{lm},\int_0^{\pi}C_m^{p}(cos\theta)C_l^{p}(cos\theta)(sin\theta)^{2p}d\theta=\delta_{lm}
900,2705e5ccee.png,1,1,100.0,exact,36,36,r^{\prime}=2(\Lambdar^{2}-M)p+2p_{v},r^{\prime}=2(\Lambdar^{2}-M)p+2p_{v},r^{\prime=2(\Lambdar^{2-M)p+2p_{v},r^{\prime=2(\Lambdar^{2-M)p+2p_{v}
901,53fb9be330.png,0,0,97.633,almost_correct,168,169,"\Omega_{\vec{n}_{\bot}}=\operatorname{exp}\left\{-i\pi\left(n_{1}Q_{\mathrm{rad}}^{1}+n_{2}Q_{\mathrm{rad}}^{2}\right)\right\},\qquad\left(n_{1}^{2}+n_{2}^{2}=1\right),","\Omega_{\vec{n}_{\perp}}=\operatorname{exp}\left\{-i\pi\left(n_{1}Q_{\mathrm{rad}}^{1}+n_{2}Q_{\mathrm{rad}}^{2}\right)\right\},\qquad\left(n_{1}^{2}+n_{2}^{2}=1\right),","\Omega_\vecn_{\bot=\operatorname{exp}\{-i\pi(n_{1}Q_\mathrm{rad^{1+n_{2}Q_\mathrm{rad^{2)\,(n_1^{2+n_2^{2=1),","\Omega_\vecn_{\perp=\operatorname{exp}\{-i\pi(n_{1}Q_\mathrm{rad^{1+n_{2}Q_\mathrm{rad^{2)\,(n_1^{2+n_2^{2=1),"
902,15e0e6ba31.png,1,1,100.0,exact,62,62,"\tau_{D}=\left(d_{p}Ne^{(2-k)\phi}\right)^{2/\tilde{d}}\gg1\,.","\tau_{D}=\left(d_{p}Ne^{(2-k)\phi}\right)^{2/\tilde{d}}\gg1\,.",\tau_{D=(d_{p}Ne^{(2-k)\phi)^{2/\tilde{d}\gg1.,\tau_{D=(d_{p}Ne^{(2-k)\phi)^{2/\tilde{d}\gg1.
903,62aaaed7e1.png,1,1,100.0,exact,58,58,\int\frac{d\omega}{2\pi}\rightarrow\frac{1}{\beta}\sum_{n},\int\frac{d\omega}{2\pi}\rightarrow\frac{1}{\beta}\sum_{n},\int\frac{d\omega}{2\pi}arrow\frac{1}{\beta}\sum_{n},\int\frac{d\omega}{2\pi}arrow\frac{1}{\beta}\sum_{n}
904,7290d88ea5.png,0,1,86.719,canonical_equivalent,128,111,"\operatorname*{det}\,\Delta_{\phi}=\operatorname*{det}\,\Delta_{\mathrm{gh}}=\left[\operatorname*{det}\,\Delta_{+}\right]^{1/2}.",\operatorname*{det}\Delta_{\phi}=\operatorname*{det}\Delta_{\mathrm{gh}}=[\operatorname*{det}\Delta_{+}]^{1/2}.,\operatorname*{det}\Delta_{\phi=\operatorname*{det}\Delta_\mathrm{gh=[\operatorname*{det}\Delta_{+]^{1/2}.,\operatorname*{det}\Delta_{\phi=\operatorname*{det}\Delta_\mathrm{gh=[\operatorname*{det}\Delta_{+]^{1/2}.
905,5df6d2bcc7.png,0,0,97.297,almost_correct,145,148,"{\bfa}^{\mu\nu}(x)=\frac{1}{(2\pi)^{3}}\int\frac{d^{3}p}{\sqrt{2p^{o}}}\left[{\bfa}^{\mu\nu}(p)\;e^{ipx}+{\bfa}^{\dag\mu\nu}(p)\;e^{-ipx}\right],","{\bfa}^{\mu\nu}(x)=\frac{1}{(2\pi)^{3}}\int\frac{d^{3}p}{\sqrt{2p^{2}}}\left[{\bfa}^{\mu\nu}(p)\;e^{ipx}+{\bfa}^{\dagger\mu\nu}(p)\;e^{-ipx}\right],","\bfa^{\mu\nu}(x)=\frac{1}{(2\pi)^{3}\int\frac{d^{3}p}\sqrt{2p^{o}[\bfa^{\mu\nu}(p)e^{ipx+\bfa^{\dag\mu\nu}(p)e^{-ipx],","\bfa^{\mu\nu}(x)=\frac{1}{(2\pi)^{3}\int\frac{d^{3}p}\sqrt{2p^{2}[\bfa^{\mu\nu}(p)e^{ipx+\bfa^{\dagger\mu\nu}(p)e^{-ipx],"
906,33bd10ea30.png,0,0,51.531,too_long,137,196,"S\equivS_{1}=(S_{1,ij})_{i,j=-1,0,1}=\left(\begin{array}{lll}{1,}&{0,}&{0}\{0,}&{-q(q^{2}+1)^{-1},}&{0}\{0,}&{0,}&{1}\\end{array}\right).",\begin{array}{ll}{S\equivS_{1}=(S_{1}\psi)N_{N-1}=\left(\begin{array}{lll}{1}&{0}=\left(\begin{array}{ll}{1}&{0}&{0}\{0}&{-0}\{0}&{}&{}&{0}&{0}\{0}&{0}&{0}&{0}&{1}\\end{array}\right).}\\end{array},"S\equivS_{1=(S_{1,ij)_{i,j=-1,0,1=(\begin{array}{lll}{1,}&{0,}&{0}\{0,}&{-q(q^{2+1)^{-1,}&{0}\{0,}&{0,}&{1}\\end{array).",\begin{array}{ll}{S\equivS_{1=(S_{1}\psi)N_{N-1=(\begin{array}{lll}{1}&{0=(\begin{array}{ll}{1}&{0}&{0}\{0}&{-0}\{0}&{}&{}&{0}&{0}\{0}&{0}&{0}&{0}&{1}\\end{array).}\\end{array}
907,1dcc9010be.png,0,1,97.26,canonical_equivalent,73,71,"{\frac{1}{2}}\intG_{(p+2)}\starG_{(p+2)}+i\mu_{p}\int_{p-brane}C_{(p+1)},","\frac{1}{2}\intG_{(p+2)}\starG_{(p+2)}+i\mu_{p}\int_{p-brane}C_{(p+1)},","\frac{1}{2}\intG_{(p+2)}\starG_{(p+2)+i\mu_{p}\int_{p-brane}C_{(p+1),","\frac{1}{2}\intG_{(p+2)}\starG_{(p+2)+i\mu_{p}\int_{p-brane}C_{(p+1),"
908,66a901e709.png,0,0,93.277,semantic_or_token_error,111,119,\mu\frac{d}{d\mu}\tilde{g}=\tilde{g}\frac12\gamma_{A}+\tilde{g}(\fracD2-2)=\frac{\tilde{g}}{2}(\gamma_{A}+D-4).,\mu\frac{d}{d\mu}\tilde{g}=\tilde{g}\frac{1}{2}\gamma_{A}+\tilde{g}(\frac{D}{2}-2)=\frac{\tilde{g}}{2}(\gamma_{A}+D-4).,\mu\frac{d}{d\mu}\tilde{g=\tilde{g}\frac12\gamma_{A+\tilde{g}(\fracD2-2)=\frac\tilde{g}{2}(\gamma_{A+D-4).,\mu\frac{d}{d\mu}\tilde{g=\tilde{g}\frac{1}{2}\gamma_{A+\tilde{g}(\frac{D}{2-2)=\frac\tilde{g}{2}(\gamma_{A+D-4).
909,38c5d2d2a5.png,1,1,100.0,exact,87,87,"\nu^{2}:=\frac{\lambda_{2}}{\lambda_{1}},\qquad\mu^{2}:=\frac{\lambda_{0}}{\lambda_{1}}","\nu^{2}:=\frac{\lambda_{2}}{\lambda_{1}},\qquad\mu^{2}:=\frac{\lambda_{0}}{\lambda_{1}}","\nu^{2}:=\frac{\lambda_{2}{\lambda_{1,\mu^{2}:=\frac{\lambda_{0}{\lambda_{1}","\nu^{2}:=\frac{\lambda_{2}{\lambda_{1,\mu^{2}:=\frac{\lambda_{0}{\lambda_{1}"
910,1c80a7df6f.png,1,1,100.0,exact,160,160,"32T={\frac{r_{0}^{2}}{2}}[\dot{\xi}^{2}+\operatorname{tan}^{2}(\xi)\dot{\phi}^{2}]={\frac{r_{0}^{2}}{2}}[\dot{\xi}^{2}+\operatorname{cot}^{2}(\xi)p_{\phi}^{2}],","32T={\frac{r_{0}^{2}}{2}}[\dot{\xi}^{2}+\operatorname{tan}^{2}(\xi)\dot{\phi}^{2}]={\frac{r_{0}^{2}}{2}}[\dot{\xi}^{2}+\operatorname{cot}^{2}(\xi)p_{\phi}^{2}],","32T=\frac{r_0^{2}{2}[\dot\xi^{2+\operatorname{tan^{2}(\xi)\dot\phi^{2]=\frac{r_0^{2}{2}[\dot\xi^{2+\operatorname{cot^{2}(\xi)p_\phi^{2],","32T=\frac{r_0^{2}{2}[\dot\xi^{2+\operatorname{tan^{2}(\xi)\dot\phi^{2]=\frac{r_0^{2}{2}[\dot\xi^{2+\operatorname{cot^{2}(\xi)p_\phi^{2],"
911,55e8069117.png,0,0,93.333,semantic_or_token_error,73,75,"\nabla^{(1)}\pi_{\alpha}^{(1)}=0,~~~[\pi^{(1)},H^{(1)}]_{*_{1}}=O(\hbar).","\nabla^{(1)}\pi_{\alpha}^{(1)}=0,\quad[\pi^{(1)},H^{(1)}]_{*_{1}}=O(\hbar).","\nabla^{(1)}\pi_\alpha^{(1)=0,~~~[\pi^{(1),H^{(1)]_{*_{1=O(\hbar).","\nabla^{(1)}\pi_\alpha^{(1)=0,[\pi^{(1),H^{(1)]_{*_{1=O(\hbar)."
912,14bd9bc1fa.png,0,1,93.548,canonical_equivalent,58,62,\dot{r}^{2}-\frac{E^{2}}{r^{2}}G+\frac{G}{F}p_{\chi}^{2}=0,\dot{r}^{2}-{\frac{E^{2}}{r^{2}}}G+{\frac{G}{F}}p_{\chi}^{2}=0,\dotr^{2-\frac{E^{2}{r^{2}G+\frac{G}{F}p_\chi^{2=0,\dotr^{2-\frac{E^{2}{r^{2}G+\frac{G}{F}p_\chi^{2=0
913,1e497609d4.png,0,1,97.5,canonical_equivalent,78,80,"\overline{{A}}^{t}=\frac{1}{t}\int_{0}^{t}\,d\tauA[\pi(\tau),\varphi(\tau)]~~.","\overline{{A}}^{t}={\frac{1}{t}}\int_{0}^{t}\,d\tauA[\pi(\tau),\varphi(\tau)]~~.","\overline{A^{t=\frac{1}{t}\int_0^{t}d\tauA[\pi(\tau),\varphi(\tau)]~~.","\overline{A^{t=\frac{1}{t}\int_0^{t}d\tauA[\pi(\tau),\varphi(\tau)]~~."
914,430b5f88a9.png,0,0,95.122,almost_correct,123,117,"\tilde{B}=\left(\begin{array}{ll}{3N_{c}-2N_{f}-6}&{-N_{f}}\{N_{f}-N_{c}+1}&{{\frac{N_{f}-N_{c}+4}{2}}}\\end{array}\right),","\tilde{B}=\left(\begin{array}{ll}{3N_{c}-2N_{f}-6}&{-N_{f}}\{N_{f}-N_{c}+1}&{\frac{N-N_{c}+4}{2}}\\end{array}\right),","\tilde{B=(\begin{array}{ll}{3N_{c-2N_{f-6}&{-N_{f}\{N_{f-N_{c+1}&\frac{N_{f-N_{c+4}{2}\\end{array),","\tilde{B=(\begin{array}{ll}{3N_{c-2N_{f-6}&{-N_{f}\{N_{f-N_{c+1}&\frac{N-N_{c+4}{2}\\end{array),"
915,5aff6b796d.png,0,1,95.699,canonical_equivalent,89,93,"f_{(\frac{3}{2},3)}^{M}(A_{9})=\frac{17\pi^{2}}{108}A_{9}^{4},\qquad-\infty<A_{9}<\infty,","f_{({\frac{3}{2}},3)}^{M}(A_{9})={\frac{17\pi^{2}}{108}}A_{9}^{4},\qquad-\infty<A_{9}<\infty,","f_{(\frac{3}{2,3)^{M}(A_{9)=\frac{17\pi^{2}{108}A_9^{4,-\infty<A_{9}<\infty,","f_{(\frac{3}{2,3)^{M}(A_{9)=\frac{17\pi^{2}{108}A_9^{4,-\infty<A_{9}<\infty,"
916,14a1b8e462.png,0,0,92.35,semantic_or_token_error,183,177,"\intdx\,\sqrt{g}\,V[\sigma]=\intdx\,\sqrt{g}\,\frac{N}{2\lambda_{B}}\sigma^{2}+\frac{N}{2}\mathrm{Tr~}\,\int_{1/\Lambda^{2}}^{\infty}\frac{dt}{t}\,e^{-t\sigma^{2}}e^{\not\nabla^{2}t}.","\intdx\,\sqrt{g}\,V[\sigma]=\intdx\,\sqrt{g}\,\frac{N}{2\lambda_{B}}\sigma^{2}+\frac{N}{2}\mathrm{Tr}~\int_{1/\Lambda^{2}}^{\infty}\,\frac{dt}{t}\,e^{-t\sigma^{2}}e^{\Psi^{2}t}.",\intdx\sqrt{g}V[\sigma]=\intdx\sqrt{g}\frac{N}{2\lambda_{B}\sigma^{2+\frac{N}{2}\mathrm{Tr~}\int_{1/\Lambda^2^{\infty}\frac{dt}{t}e^{-t\sigma^{2}e^{\not\nabla^{2}t}.,\intdx\sqrt{g}V[\sigma]=\intdx\sqrt{g}\frac{N}{2\lambda_{B}\sigma^{2+\frac{N}{2}\mathrm{Tr}~\int_{1/\Lambda^2^{\infty}\frac{dt}{t}e^{-t\sigma^{2}e^{\Psi^{2}t}.
917,3d9e56c770.png,1,1,100.0,exact,55,55,\rho_{2}=\sqrt{2}e\intdx^{-}\psi_{+}^{\dagger}\psi_{+}.,\rho_{2}=\sqrt{2}e\intdx^{-}\psi_{+}^{\dagger}\psi_{+}.,\rho_{2=\sqrt{2}e\intdx^{-}\psi_{+^{\dagger}\psi_{+}.,\rho_{2=\sqrt{2}e\intdx^{-}\psi_{+^{\dagger}\psi_{+}.
918,6b4115f47a.png,0,0,89.474,semantic_or_token_error,51,57,"\operatorname{tan}\phi_{0}=0,(\mathrm{if}M_{0}\ne0)","\operatorname{tan}\phi_{0}=0,\quad(\mathrm{if}M_{0}\neq0)","\operatorname{tan}\phi_{0=0,(\mathrm{if}M_{0}\neq0)","\operatorname{tan}\phi_{0=0,(\mathrm{if}M_{0}\neqq0)"
919,350437a530.png,0,0,92.647,semantic_or_token_error,63,68,"\eta\left(V(V_{(\infty^{p},-1)}^{(M)}(\psi)\chi,1)U\right)=0\,,","\eta\left(V(V_{(\infty^{\prime},-1)}^{(M)}(\psi)\chi,1)U\right)=0\,,","\eta(V(V_{(\infty^{p,-1)^{(M)}(\psi)\chi,1)U)=0,","\eta(V(V_{(\infty^{\prime,-1)^{(M)}(\psi)\chi,1)U)=0,"
920,39fd38f316.png,0,1,81.915,canonical_equivalent,94,89,"F_{12}=F_{0}J_{1}\;,\;\;\;F_{34}=F_{0}J_{2}\;,\;\;\;F_{56}=F_{0}J_{3}\;,\;\;\;F_{09}=vJ_{0}\;,","F_{12}=F_{0}J_{1},\quadF_{34}=F_{0}J_{2}\;,\quadF_{56}=F_{0}J_{3}\;,\quadF_{09}=vJ_{0}\;,","F_{12=F_{0}J_{1,F_{34=F_{0}J_{2,F_{56=F_{0}J_{3,F_{09=vJ_{0,","F_{12=F_{0}J_{1,F_{34=F_{0}J_{2,F_{56=F_{0}J_{3,F_{09=vJ_{0,"
921,7822a7e3c7.png,0,0,93.333,semantic_or_token_error,56,60,{\calD}_{2g}=\frac{1}{\rho}(\vec{\sigma}.\vec{\calL}+1).,{\calD}_{2g}={\frac{1}{\rho}}(\vec{\sigma}.\vec{{\calL}}+1).,\calD_{2g=\frac{1}{\rho}(\vec{\sigma}.\vec{\calL+1).,\calD_{2g=\frac{1}{\rho}(\vec{\sigma}.\vec{{\calL+1).
922,789c522b90.png,1,1,100.0,exact,130,130,"\hat{q}=\sqrt{\frac{\hbar}{2m\omega}}\left[a+a^{\dagger}\right],\hat{p}=-i\sqrt{\frac{\hbarm\omega}{2}}\left[a-a^{\dagger}\right],","\hat{q}=\sqrt{\frac{\hbar}{2m\omega}}\left[a+a^{\dagger}\right],\hat{p}=-i\sqrt{\frac{\hbarm\omega}{2}}\left[a-a^{\dagger}\right],","\hat{q=\sqrt\frac{\hbar}{2m\omega}[a+a^{\dagger],\hat{p=-i\sqrt\frac{\hbarm\omega}{2}[a-a^{\dagger],","\hat{q=\sqrt\frac{\hbar}{2m\omega}[a+a^{\dagger],\hat{p=-i\sqrt\frac{\hbarm\omega}{2}[a-a^{\dagger],"
923,559a37817f.png,1,1,100.0,exact,125,125,D_{\gamma}=exp\left\{\frac{b}{d}L_{-1}\right\}\left(\frac{\sqrt{ad-bc}}{d}\right)^{2L_{0}}exp\left\{-\frac{c}{d}L_{1}\right\},D_{\gamma}=exp\left\{\frac{b}{d}L_{-1}\right\}\left(\frac{\sqrt{ad-bc}}{d}\right)^{2L_{0}}exp\left\{-\frac{c}{d}L_{1}\right\},D_{\gamma=exp\\frac{b}{d}L_{-1}\}(\frac\sqrt{ad-bc}{d)^{2L_{0}exp\{-\frac{c}{d}L_{1}\},D_{\gamma=exp\\frac{b}{d}L_{-1}\}(\frac\sqrt{ad-bc}{d)^{2L_{0}exp\{-\frac{c}{d}L_{1}\}
924,673faf5a46.png,1,1,100.0,exact,67,67,ds^{2}=\eta_{\mu\nu}dx^{\mu}dx^{\nu}+r^{2}(d\theta+qdy)^{2}+dy^{2}.,ds^{2}=\eta_{\mu\nu}dx^{\mu}dx^{\nu}+r^{2}(d\theta+qdy)^{2}+dy^{2}.,ds^{2=\eta_{\mu\nu}dx^{\mu}dx^{\nu+r^{2}(d\theta+qdy)^{2+dy^{2}.,ds^{2=\eta_{\mu\nu}dx^{\mu}dx^{\nu+r^{2}(d\theta+qdy)^{2+dy^{2}.
925,2eb75a29c0.png,1,1,100.0,exact,94,94,"\frac{\bar{\Lambda}/M^{2}}{M_{P,eff}^{2}}=\frac{\tilde{\Lambda}/M^{2}}{\tilde{M}_{P,eff}^{2}}.","\frac{\bar{\Lambda}/M^{2}}{M_{P,eff}^{2}}=\frac{\tilde{\Lambda}/M^{2}}{\tilde{M}_{P,eff}^{2}}.","\frac\bar{\Lambda}/M^{2}{M_{P,eff^{2=\frac\tilde{\Lambda}/M^{2}\tildeM_{P,eff^{2}.","\frac\bar{\Lambda}/M^{2}{M_{P,eff^{2=\frac\tilde{\Lambda}/M^{2}\tildeM_{P,eff^{2}."
926,5966a791ac.png,0,1,99.18,canonical_equivalent,122,122,h_{\mu\nu}=\frac{1}{2}\left(\nabla_{\mu}\xi_{\nu}+\nabla_{\nu}\xi_{\mu}-\delta_{\mu\nu}\nabla\xi\right)=(P\xi)_{\mu\nu}\:.,"h_{\mu\nu}=\frac{1}{2}\left(\nabla_{\mu}\xi_{\nu}+\nabla_{\nu}\xi_{\mu}-\delta_{\mu\nu}\nabla\xi\right)=(P\xi)_{\mu\nu}\,.",h_{\mu\nu=\frac{1}{2}(\nabla_{\mu}\xi_{\nu+\nabla_{\nu}\xi_{\mu-\delta_{\mu\nu}\nabla\xi)=(P\xi)_{\mu\nu}.,h_{\mu\nu=\frac{1}{2}(\nabla_{\mu}\xi_{\nu+\nabla_{\nu}\xi_{\mu-\delta_{\mu\nu}\nabla\xi)=(P\xi)_{\mu\nu}.
927,36d5974564.png,1,1,100.0,exact,99,99,"S_{\Lambda}[A,E]=-\int_{\calM}\mathrm{Tr}\left(E\wedgeF+{\frac{\Lambda}{12}}E\wedgeE\wedgeE\right),","S_{\Lambda}[A,E]=-\int_{\calM}\mathrm{Tr}\left(E\wedgeF+{\frac{\Lambda}{12}}E\wedgeE\wedgeE\right),","S_{\Lambda}[A,E]=-\int_{\calM}\mathrm{Tr}(E\wedgeF+\frac{\Lambda}{12}E\wedgeE\wedgeE),","S_{\Lambda}[A,E]=-\int_{\calM}\mathrm{Tr}(E\wedgeF+\frac{\Lambda}{12}E\wedgeE\wedgeE),"
928,1dd4be67fa.png,0,0,99.123,almost_correct,114,113,W^{(1)}={\frac{1}{4}}\left(B^{\prime}x_{0}^{4}+x_{3}^{4}+x_{4}^{4}+x_{5}^{4}\right)-\psi_{0}x_{0}x_{3}x_{4}x_{5}~.,W^{(1)}={\frac{1}{4}}\left(B^{\prime}x_{0}^{4}+x_{3}^{4}+x_{4}^{4}+x_{5}^{4}\right)-\psi_{0}x_{0}x_{3}x_{4}x_{5}.,W^{(1)=\frac{1}{4}(B^{\prime}x_0^{4+x_3^{4+x_4^{4+x_5^{4)-\psi_{0}x_{0}x_{3}x_{4}x_{5}~.,W^{(1)=\frac{1}{4}(B^{\prime}x_0^{4+x_3^{4+x_4^{4+x_5^{4)-\psi_{0}x_{0}x_{3}x_{4}x_{5}.
929,cd9b48b0f6.png,1,1,100.0,exact,83,83,"\nabla_{\mu}\nabla^{\mu}Z-2\lambda^{2}Z\bar{\sigma}\sigma-2c(cZ+m)\bar{\phi}\phi=0,","\nabla_{\mu}\nabla^{\mu}Z-2\lambda^{2}Z\bar{\sigma}\sigma-2c(cZ+m)\bar{\phi}\phi=0,","\nabla_{\mu}\nabla^{\mu}Z-2\lambda^{2}Z\bar{\sigma}\sigma-2c(cZ+m)\bar{\phi}\phi=0,","\nabla_{\mu}\nabla^{\mu}Z-2\lambda^{2}Z\bar{\sigma}\sigma-2c(cZ+m)\bar{\phi}\phi=0,"
930,3809a7045d.png,1,1,100.0,exact,95,95,"\partial^{\mu}{\calS}\partial_{\mu}S-2imc{\calD}\partial^{\mu}\partial_{\mu}{\calS}=m^{2}c^{2},","\partial^{\mu}{\calS}\partial_{\mu}S-2imc{\calD}\partial^{\mu}\partial_{\mu}{\calS}=m^{2}c^{2},","\partial^{\mu}{\calS}\partial_{\mu}S-2imc{\calD}\partial^{\mu}\partial_{\mu}{\calS=m^{2}c^{2,","\partial^{\mu}{\calS}\partial_{\mu}S-2imc{\calD}\partial^{\mu}\partial_{\mu}{\calS=m^{2}c^{2,"
931,1cafec7b79.png,0,0,92.593,semantic_or_token_error,108,100,{}^{(5)}\Lambda+{\frac{\kappa_{5}^{2}}{6}}\lambda^{2}={\frac{1}{8}}\left({\frac{d\lambda}{d\phi}}\right)^{2},^{(5)}\Lambda+\frac{\kappa_{5}^{2}}{6}\lambda^{2}=\frac{1}{8}\left(\frac{d\lambda}{d\phi}\right)^{2},^{(5)}\Lambda+\frac{\kappa_5^{2}{6}\lambda^{2=\frac{1}{8}(\frac{d\lambda}{d\phi)^{2,^{(5)}\Lambda+\frac{\kappa_5^{2}{6}\lambda^{2=\frac{1}{8}(\frac{d\lambda}{d\phi)^{2}
932,740e9913a7.png,1,1,100.0,exact,51,51,\delta\theta\intd^{4}z\{\frac{\delta}{\delta\xi(z)},\delta\theta\intd^{4}z\{\frac{\delta}{\delta\xi(z)},\delta\theta\intd^{4}z\\frac{\delta}{\delta\xi(z)},\delta\theta\intd^{4}z\\frac{\delta}{\delta\xi(z)}
933,24c4e365b3.png,1,1,100.0,exact,56,56,"\mathrm{e}^{\psi\;\mathrm{ad}_{I}}f(0)=0\;\;\forall\psi,","\mathrm{e}^{\psi\;\mathrm{ad}_{I}}f(0)=0\;\;\forall\psi,","\mathrme^{\psi\mathrm{ad_{I}f(0)=0\forall\psi,","\mathrme^{\psi\mathrm{ad_{I}f(0)=0\forall\psi,"
934,628670941a.png,0,0,98.529,almost_correct,136,135,"\chi_{m}^{\ell,s}(\tau,z)=\sum_{r\in{\bfZ}_{k}}c_{m-s+4r}^{\ell}(\tau)\:\theta_{2m+(k+2)(-s+4r),2k(k+2)}\left(\tau,\frac{z}{k+2}\right).","\chi_{m}^{\ell,s}(\tau,z)=\sum_{r\in{\bfZ}_{k}}c_{m-s+r}^{\ell}(\tau)\,\theta_{2m+(k+2)(-s+4r),2k(k+2)}\left(\tau,\frac{z}{k+2}\right).","\chi_m^{\ell,s}(\tau,z)=\sum_{r\in\bfZ_{k}c_{m-s+4r^{\ell}(\tau)\theta_{2m+(k+2)(-s+4r),2k(k+2)}(\tau,\frac{z}{k+2).","\chi_m^{\ell,s}(\tau,z)=\sum_{r\in\bfZ_{k}c_{m-s+r^{\ell}(\tau)\theta_{2m+(k+2)(-s+4r),2k(k+2)}(\tau,\frac{z}{k+2)."
935,773ea590a8.png,0,0,64.384,semantic_or_token_error,73,57,"E_{0}=0.66933,\hspace{.2in}n_{1}=1.18346,\hspace{.2in}\rho_{1}=0.666721~.","E_{0}=0.66693,\quadn_{1}=1.18346,\quad\rho_{1}=0.6666721.","E_{0=0.66933,\hspace{.2in}n_{1=1.18346,\hspace{.2in}\rho_{1=0.666721~.","E_{0=0.66693,n_{1=1.18346,\rho_{1=0.6666721."
936,436734b35a.png,1,1,100.0,exact,144,144,"\Phi_{\sigma}\frac{\partial\Lambda_{\mu}^{\sigma}}{\partialx^{\nu}}=-C_{\nu\sigma}^{\alpha\beta}\Phi_{\alpha}\Phi_{\beta}\Lambda_{\mu}^{\sigma},","\Phi_{\sigma}\frac{\partial\Lambda_{\mu}^{\sigma}}{\partialx^{\nu}}=-C_{\nu\sigma}^{\alpha\beta}\Phi_{\alpha}\Phi_{\beta}\Lambda_{\mu}^{\sigma},","\Phi_{\sigma}\frac{\partial\Lambda_\mu^{\sigma}{\partialx^{\nu=-C_{\nu\sigma^{\alpha\beta}\Phi_{\alpha}\Phi_{\beta}\Lambda_\mu^{\sigma,","\Phi_{\sigma}\frac{\partial\Lambda_\mu^{\sigma}{\partialx^{\nu=-C_{\nu\sigma^{\alpha\beta}\Phi_{\alpha}\Phi_{\beta}\Lambda_\mu^{\sigma,"
937,14c1983a97.png,0,0,91.27,semantic_or_token_error,120,126,"\tilde{Z}(\tilde{\tau})=\int{\calD}{^+}G\,{\calD}{^-}G\,{\calD}A_{\mu}^{ab}{\calD}A_{\mu}^{a4}exp\bigg(-\int_{X}L\bigg).","\tilde{Z}(\tilde{\tau})=\int{\calD}^{+}G\,{\calD}^{-}G\,{\calD}A_{\mu}^{ab}\;{\calD}A_{\mu}^{ad}\;exp\biggl(-\int_{X}L\biggr).",\tilde{Z}(\tilde{\tau)=\int{\calD}{^+}G{\calD}{^-}G{\calD}A_\mu^{ab}{\calD}A_\mu^{a4}exp\bigg(-\int_{X}L\bigg).,\tilde{Z}(\tilde{\tau)=\int\calD^{+}G\calD^{-}G{\calD}A_\mu^{ab}{\calD}A_\mu^{ad}exp\biggl(-\int_{X}L\biggr).
938,5bbbd0d84e.png,0,1,95.294,canonical_equivalent,85,81,-\lambda_{i}-{\frac{4g}{N}}\lambda_{i}^{3}+\sum{\frac{2}{\lambda_{i}-\lambda_{j}}}=0.,-\lambda_{i}-\frac{4g}{N}\lambda_{i}^{3}+\sum\frac{2}{\lambda_{i}-\lambda_{j}}=0.,-\lambda_{i-\frac{4g}{N}\lambda_i^{3+\sum\frac{2}{\lambda_{i-\lambda_{j=0.,-\lambda_{i-\frac{4g}{N}\lambda_i^{3+\sum\frac{2}{\lambda_{i-\lambda_{j=0.
939,e1b324bbbd.png,1,1,100.0,exact,54,54,"\zeta=\dot{\chi}(d\chi+\stardh)+\frac{1}{4}\dot{h}\,dh","\zeta=\dot{\chi}(d\chi+\stardh)+\frac{1}{4}\dot{h}\,dh",\zeta=\dot{\chi}(d\chi+\stardh)+\frac{1}{4}\dot{h}dh,\zeta=\dot{\chi}(d\chi+\stardh)+\frac{1}{4}\dot{h}dh
940,97501c8dec.png,0,1,93.548,canonical_equivalent,186,174,"B_{eff}^{(1)}(\vec{R}_{p_{1}})=\frac{2\pi\kappa\sigma_{1}}{q_{1}}\varepsilon_{ij}\partial_{i}v_{j}^{(2)}(\vec{R}_{p_{1}})\;\;,\;\;\partial_{i}=\frac{\partial}{\partialR_{p_{1}}^{i}}\;\;.","B_{eff}^{(1)}(\vec{R}_{p_{1}})=\frac{2\pi\kappa\sigma_{1}}{q_{1}}\varepsilon_{ij}\partial_{i}v_{j}^{(2)}(\vec{R}_{p_{1}}),\partial_{i}=\frac{\partial}{\partialR_{p_{1}}^{i}}.","B_{eff^{(1)}(\vecR_{p_{1)=\frac{2\pi\kappa\sigma_{1}{q_{1}\varepsilon_{ij}\partial_{i}v_j^{(2)}(\vecR_{p_{1),\partial_{i=\frac{\partial}{\partialR_{p_1^{i}.","B_{eff^{(1)}(\vecR_{p_{1)=\frac{2\pi\kappa\sigma_{1}{q_{1}\varepsilon_{ij}\partial_{i}v_j^{(2)}(\vecR_{p_{1),\partial_{i=\frac{\partial}{\partialR_{p_1^{i}."
941,4688d33aaf.png,1,1,100.0,exact,26,26,"\Sigma\ggT,e_{f}^{2}/12\pi","\Sigma\ggT,e_{f}^{2}/12\pi","\Sigma\ggT,e_f^{2}/12\pi","\Sigma\ggT,e_f^{2}/12\pi"
942,1a0d6fd821.png,1,1,100.0,exact,46,46,"ds^{2}=-H^{-1}dt^{2}+H\delta_{mn}dx^{m}dx^{n},","ds^{2}=-H^{-1}dt^{2}+H\delta_{mn}dx^{m}dx^{n},","ds^{2=-H^{-1}dt^{2+H\delta_{mn}dx^{m}dx^{n,","ds^{2=-H^{-1}dt^{2+H\delta_{mn}dx^{m}dx^{n,"
943,72b969305c.png,0,1,78.846,canonical_equivalent,208,186,"\left(\Gamma_{1}\otimes\Gamma_{2}\right)\left(\Gamma_{3}\otimes\Gamma_{4}\right)=(-1)^{\mathrm{deg}\left(\Gamma_{2}\right)\mathrm{deg}\left(\Gamma_{3}\right)}\Gamma_{1}\Gamma_{3}\otimes\Gamma_{2}\Gamma_{4}\,,","(\Gamma_{1}\otimes\Gamma_{2})\left(\Gamma_{3}\otimes\Gamma_{4}\right)=\left(-1\right)^{\mathrm{deg}(\Gamma_{2})\mathrm{deg}(\Gamma_{3})}\Gamma_{1}\Gamma_{3}\otimes\Gamma_{2}\Gamma_{4}\,,","(\Gamma_{1}\otimes\Gamma_{2)(\Gamma_{3}\otimes\Gamma_{4)=(-1)^\mathrm{deg}(\Gamma_{2)\mathrm{deg}(\Gamma_{3)}\Gamma_{1}\Gamma_{3}\otimes\Gamma_{2}\Gamma_{4,","(\Gamma_{1}\otimes\Gamma_{2)(\Gamma_{3}\otimes\Gamma_{4)=(-1)^\mathrm{deg}(\Gamma_{2)\mathrm{deg}(\Gamma_{3)}\Gamma_{1}\Gamma_{3}\otimes\Gamma_{2}\Gamma_{4,"
944,717f193abe.png,1,1,100.0,exact,79,79,"\int_{\Sigma_{2}}B_{2}=\frac{\left(2\pi\sqrt{\alpha^{\prime}}\right)^{2}}{2}\,.","\int_{\Sigma_{2}}B_{2}=\frac{\left(2\pi\sqrt{\alpha^{\prime}}\right)^{2}}{2}\,.",\int_{\Sigma_{2}B_{2=\frac{(2\pi\sqrt{\alpha^{\prime)^{2}{2}.,\int_{\Sigma_{2}B_{2=\frac{(2\pi\sqrt{\alpha^{\prime)^{2}{2}.
945,45fef4565d.png,1,1,100.0,exact,50,50,"\alpha_{\pm}=\alpha_{0}\pm\sqrt{1+\alpha_{0}^{2}},","\alpha_{\pm}=\alpha_{0}\pm\sqrt{1+\alpha_{0}^{2}},","\alpha_{\pm=\alpha_{0}\pm\sqrt{1+\alpha_0^{2,","\alpha_{\pm=\alpha_{0}\pm\sqrt{1+\alpha_0^{2,"
946,4f372f9301.png,1,1,100.0,exact,71,71,"m_{1}+n_{1}=\frac{1}{2}(N+m_{2}),\quadm_{2}+n_{2}=\frac{1}{2}(m_{1}+1),","m_{1}+n_{1}=\frac{1}{2}(N+m_{2}),\quadm_{2}+n_{2}=\frac{1}{2}(m_{1}+1),","m_{1+n_{1=\frac{1}{2}(N+m_{2),m_{2+n_{2=\frac{1}{2}(m_{1+1),","m_{1+n_{1=\frac{1}{2}(N+m_{2),m_{2+n_{2=\frac{1}{2}(m_{1+1),"
947,47c44ce65e.png,0,1,98.54,canonical_equivalent,135,137,"\intd^{d}k_{1}\frac{\partial}{\partialk_{1\mu}}\left[(k_{1}+q)_{\mu}P_{k_{1},m_{1}}^{\nu_{1}}P_{k_{1}-q,m_{2}}^{\nu_{2}}\right]\equiv0,","\intd^{d}k_{1}{\frac{\partial}{\partialk_{1\mu}}}\left[(k_{1}+q)_{\mu}P_{k_{1},m_{1}}^{\nu_{1}}P_{k_{1}-q,m_{2}}^{\nu_{2}}\right]\equiv0,","\intd^{d}k_{1}\frac{\partial}{\partialk_{1\mu}[(k_{1+q)_{\mu}P_{k_{1,m_1^{\nu_{1}P_{k_{1-q,m_2^{\nu_{2]\equiv0,","\intd^{d}k_{1}\frac{\partial}{\partialk_{1\mu}[(k_{1+q)_{\mu}P_{k_{1,m_1^{\nu_{1}P_{k_{1-q,m_2^{\nu_{2]\equiv0,"
948,3d7040f2e7.png,0,0,56.604,semantic_or_token_error,53,40,"u^{i}=z_{\pm}^{i}(v),\quad\quad\quad\quad\quadi=1,2,3","u^{i}=z_{\pm}^{i}(v),\hspace{2cm}i=1,2,3","u^{i=z_\pm^{i}(v),i=1,2,3","u^{i=z_\pm^{i}(v),\hspace{2cm}i=1,2,3"
949,1a3fb3aa7b.png,1,1,100.0,exact,85,85,"A^{(1)}=T_{3}\frac{f_{1}(x_{3}^{2}+x_{4}^{2})}{x_{3}^{2}+x_{4}^{2}}(0,0,x_{4},-x_{3})","A^{(1)}=T_{3}\frac{f_{1}(x_{3}^{2}+x_{4}^{2})}{x_{3}^{2}+x_{4}^{2}}(0,0,x_{4},-x_{3})","A^{(1)=T_{3}\frac{f_{1}(x_3^{2+x_4^{2)}{x_3^{2+x_4^{2}(0,0,x_{4,-x_{3)","A^{(1)=T_{3}\frac{f_{1}(x_3^{2+x_4^{2)}{x_3^{2+x_4^{2}(0,0,x_{4,-x_{3)"
950,36b35fc8ff.png,0,0,80.374,semantic_or_token_error,107,97,"\gamma_{1,2}=-\frac12\int_{{\bfc}^{(I)}}\left[1\mp\operatorname{cos}\theta\right]d\varphi\pm\triangle\gamma","\gamma_{1,2}=-\frac{1}{2}\int_{c^{(I)}}[1\mp\operatorname{cos}\theta]\,d\varphi\pm\triangle\gamma","\gamma_{1,2=-\frac12\int_{\bfc^{(I)}[1\mp\operatorname{cos}\theta]d\varphi\pm\triangle\gamma","\gamma_{1,2=-\frac{1}{2}\int_{c^{(I)}[1\mp\operatorname{cos}\theta]d\varphi\pm\triangle\gamma"
951,a0349ebe16.png,1,1,100.0,exact,69,69,"e^{2\sigma}=2\pi_{~z}^{\bar{z}}\pi_{~\bar{z}}^{z}e^{2\tilde{\sigma}},","e^{2\sigma}=2\pi_{~z}^{\bar{z}}\pi_{~\bar{z}}^{z}e^{2\tilde{\sigma}},","e^{2\sigma=2\pi_{~z^\bar{z}\pi_{~\barz^{z}e^{2\tilde{\sigma,","e^{2\sigma=2\pi_{~z^\bar{z}\pi_{~\barz^{z}e^{2\tilde{\sigma,"
952,3b00853257.png,1,1,100.0,exact,59,59,"M_{ij}(q(i\pis_{n}),\bar{q}(i\pis_{n}))\simy_{i}(n)y_{j}(n)","M_{ij}(q(i\pis_{n}),\bar{q}(i\pis_{n}))\simy_{i}(n)y_{j}(n)","M_{ij}(q(i\pis_{n),\bar{q}(i\pis_{n))\simy_{i}(n)y_{j}(n)","M_{ij}(q(i\pis_{n),\bar{q}(i\pis_{n))\simy_{i}(n)y_{j}(n)"
953,58e907166f.png,0,1,95.082,canonical_equivalent,122,116,"M=\mu\left[1+{\frac{v^{2}}{2(1-v^{2})}}\right]\;,\;\;\;Q={\frac{\muv}{1-v^{2}}}\;,\;\;\;J={\frac{\mua}{\sqrt{1-v^{2}}}}\;.","M=\mu\left[1+\frac{v^{2}}{2(1-v^{2})}\right]\;,\;\;\;Q=\frac{\muv}{1-v^{2}}\;,\;\;\;J=\frac{\mua}{\sqrt{1-v^{2}}}\;.","M=\mu[1+\frac{v^{2}{2(1-v^{2)],Q=\frac{\muv}{1-v^{2,J=\frac{\mua}\sqrt{1-v^{2}.","M=\mu[1+\frac{v^{2}{2(1-v^{2)],Q=\frac{\muv}{1-v^{2,J=\frac{\mua}\sqrt{1-v^{2}."
954,67cc0666ea.png,0,1,98.361,canonical_equivalent,122,120,"\nabla_{X_{H}}X_{H}\cdot\partial_{x}=-X_{H}\cdot\nabla_{\partial_{x}}X_{H}=-{\frac{1}{2}}\,d(X_{H}\cdotX_{H})(\partialx)=0","\nabla_{X_{H}}X_{H}\cdot\partial_{x}=-X_{H}\cdot\nabla_{\partial_{x}}X_{H}=-\frac{1}{2}\,d(X_{H}\cdotX_{H})(\partialx)=0",\nabla_{X_{H}X_{H}\cdot\partial_{x=-X_{H}\cdot\nabla_{\partial_{x}X_{H=-\frac{1}{2}d(X_{H}\cdotX_{H)(\partialx)=0,\nabla_{X_{H}X_{H}\cdot\partial_{x=-X_{H}\cdot\nabla_{\partial_{x}X_{H=-\frac{1}{2}d(X_{H}\cdotX_{H)(\partialx)=0
955,1084d5a3c0.png,0,0,89.172,semantic_or_token_error,157,150,"\widetilde{T_{\alpha}}=\left(i\Gamma^{m}\theta\right)_{\alpha}\cdot\frac\partial{\partialX^{m}}+\frac\partial{\partial\theta^{\alpha}}=:\delta_{\alpha}\quad,","\widetilde{T}_{\alpha}=(i\Gamma^{m}\theta)_{\alpha}\cdot\frac{\partial}{\partialX^{m}}+\frac{\partial}{\partial\theta^{\alpha}}=:\delta_{\alpha}\quad,","\widetilde{T_{\alpha=(i\Gamma^{m}\theta)_{\alpha}\cdot\frac\partial{\partialX^{m+\frac\partial{\partial\theta^{\alpha=:\delta_{\alpha,","\widetildeT_{\alpha=(i\Gamma^{m}\theta)_{\alpha}\cdot\frac{\partial}{\partialX^{m+\frac{\partial}{\partial\theta^{\alpha=:\delta_{\alpha,"
956,616b1758b4.png,0,1,96.364,canonical_equivalent,53,55,"H_{6}(r)=1+\frac{g_{s}\sqrt{\alpha^{\prime}}M}{2r}\,.","H_{6}(r)=1+{\frac{g_{s}\sqrt{\alpha^{\prime}}M}{2r}}\,.",H_{6}(r)=1+\frac{g_{s}\sqrt{\alpha^{\prime}M}{2r}.,H_{6}(r)=1+\frac{g_{s}\sqrt{\alpha^{\prime}M}{2r}.
957,761ca6ddff.png,0,0,91.781,semantic_or_token_error,143,146,"I^{(\pm)}:=\intd^{2}q\,\frac{e^{i\vec{q}.(\vec{x}-\vec{x}^{\prime})}}{k^{2}-q^{2}\pmi\epsilon}\;,~~~~~~k:=|\vec{k}|=\frac{\sqrt{2mE}}{\hbar}\,.","I^{(\pm)}:=\intd^{2}q\,{\frac{e^{i\vec{q}}(\vec{x}-\vec{x}^{\prime})}{k^{2}-q^{2}\pmi\epsilon}}\;,\qquadk:=|\vec{k}|={\frac{\sqrt{2mE}}{\hbar}}\,.","I^{(\pm)}:=\intd^{2}q\frac{e^{i\vec{q}.(\vec{x-\vecx^{\prime)}{k^{2-q^{2}\pmi\epsilon,~~~~~~k:=|\vec{k}|=\frac\sqrt{2mE}{\hbar}.","I^{(\pm)}:=\intd^{2}q\frac{e^{i\vec{q}(\vec{x-\vecx^{\prime)}{k^{2-q^{2}\pmi\epsilon,k:=|\vec{k}|=\frac\sqrt{2mE}{\hbar}."
958,687f17f759.png,0,1,88.079,canonical_equivalent,151,134,{\calL}={\frac{1}{2}}\left(\partial_{\mu}\phi\right)^{2}+{\frac{m^{2}}{\beta^{2}}}-{\frac{m^{2}}{2}}\phi^{2}+{\frac{m^{2}\beta^{2}}{24}}\phi^{4}+\cdots,"{\calL}=\frac{1}{2}\,(\partial_{\mu}\phi)^{2}+\frac{m^{2}}{\beta^{2}}-\frac{m^{2}}{2}\phi^{2}+\frac{m^{2}\beta^{2}}{24}\phi^{4}+\cdots",{\calL=\frac{1}{2}(\partial_{\mu}\phi)^{2+\frac{m^{2}{\beta^{2-\frac{m^{2}{2}\phi^{2+\frac{m^{2}\beta^{2}{24}\phi^{4+\cdots,{\calL=\frac{1}{2}(\partial_{\mu}\phi)^{2+\frac{m^{2}{\beta^{2-\frac{m^{2}{2}\phi^{2+\frac{m^{2}\beta^{2}{24}\phi^{4+\cdots
959,35b5af17b2.png,1,1,100.0,exact,48,48,ds^{2}=-a^{2}dt^{2}+b^{2}dr^{2}+r^{2}d\Omega^{2},ds^{2}=-a^{2}dt^{2}+b^{2}dr^{2}+r^{2}d\Omega^{2},ds^{2=-a^{2}dt^{2+b^{2}dr^{2+r^{2}d\Omega^{2},ds^{2=-a^{2}dt^{2+b^{2}dr^{2+r^{2}d\Omega^{2}
960,46355e6f26.png,1,1,100.0,exact,70,70,-\frac{1}{f}(e^{-2\alpha\phi}dv^{2}+e^{2\alpha\phi}da^{2})+2d\phi^{2}.,-\frac{1}{f}(e^{-2\alpha\phi}dv^{2}+e^{2\alpha\phi}da^{2})+2d\phi^{2}.,-\frac{1}{f}(e^{-2\alpha\phi}dv^{2+e^{2\alpha\phi}da^{2)+2d\phi^{2}.,-\frac{1}{f}(e^{-2\alpha\phi}dv^{2+e^{2\alpha\phi}da^{2)+2d\phi^{2}.
961,2021bcaff5.png,0,1,92.614,canonical_equivalent,176,167,F_{n}^{{\calO}|\mu_{1}\ldots\mu_{n}}(\theta_{1}\ldots\theta_{n})=\left\langle{\calO}(0)V_{\mu_{1}}(\theta_{1})V_{\mu_{2}}(\theta_{2})\ldotsV_{\mu_{n}}(\theta_{n})\right\rangle.,"F_{n}^{{\calO}|\mu_{1}\ldots\mu_{n}}(\theta_{1}\ldots\theta_{n})=\langle{\calO}(0)V_{\mu_{1}}(\theta_{1})V_{\mu_{2}}(\theta_{2})\ldotsV_{\mu_{n}}(\theta_{n})\rangle\,.",F_n^{{\calO}|\mu_{1}\ldots\mu_{n}(\theta_{1}\ldots\theta_{n)=\langle{\calO}(0)V_{\mu_{1}(\theta_{1)V_{\mu_{2}(\theta_{2)\ldotsV_{\mu_{n}(\theta_{n)\rangle.,F_n^{{\calO}|\mu_{1}\ldots\mu_{n}(\theta_{1}\ldots\theta_{n)=\langle{\calO}(0)V_{\mu_{1}(\theta_{1)V_{\mu_{2}(\theta_{2)\ldotsV_{\mu_{n}(\theta_{n)\rangle.
962,13c66efef8.png,1,1,100.0,exact,33,33,n_{i}E(b)=h(1+b^{2})\muG(be_{i}).,n_{i}E(b)=h(1+b^{2})\muG(be_{i}).,n_{i}E(b)=h(1+b^{2)\muG(be_{i).,n_{i}E(b)=h(1+b^{2)\muG(be_{i).
963,72319b56fa.png,0,0,75.0,semantic_or_token_error,39,40,"m^{4}\intD[C]\,\vert\Psi[C]\vert^{2}=1.",m^{4}\intD[C]\left|\Psi[C]\right|^{2}=1.,m^{4}\intD[C]\vert\Psi[C]\vert^{2=1.,m^{4}\intD[C]|\Psi[C]|^{2=1.
964,5e75dd276c.png,0,1,92.188,canonical_equivalent,128,118,H=\omega{\bar{\eta}}_{i}{\partial}_{\bar{\eta}}^{i}-\bar{f}(t){\bar{g}}_{i}{\partial}_{\bar{\eta}}^{i}-f(t){\bar{\eta}}_{i}g^{i},H=\omega\bar{\eta}_{i}\partial_{\bar{\eta}}^{i}-\bar{f}(t)\bar{g}_{i}\partial_{\bar{\eta}}^{i}-f(t)\bar{\eta}_{i}g^{i},H=\omega\bar\eta_{i}\partial_\bar\eta^{i-\bar{f}(t)\barg_{i}\partial_\bar\eta^{i-f(t)\bar\eta_{i}g^{i},H=\omega\bar\eta_{i}\partial_\bar\eta^{i-\bar{f}(t)\barg_{i}\partial_\bar\eta^{i-f(t)\bar\eta_{i}g^{i}
965,6ff1f16e7d.png,0,0,98.182,almost_correct,54,55,Q^{\rho\sigma}Q_{\rho}^{\lambda}=\eta^{\sigma\lambda}.,Q^{\rho\sigma}Q_{\rho}^{~\lambda}=\eta^{\sigma\lambda}.,Q^{\rho\sigma}Q_\rho^{\lambda=\eta^{\sigma\lambda}.,Q^{\rho\sigma}Q_\rho^{~\lambda=\eta^{\sigma\lambda}.
966,1e0028fc68.png,0,0,83.607,semantic_or_token_error,61,51,Z(t)=Tr(e^{-t\mathcal{H}})=\int_{0}^{\infty}dEe^{-tE}\rho(E).,Z(t)=Tr(e^{-tH})=\int_{0}^{\infty}dEe^{-tE}\rho(E).,Z(t)=Tr(e^{-t\mathcal{H)=\int_0^{\infty}dEe^{-tE}\rho(E).,Z(t)=Tr(e^{-tH)=\int_0^{\infty}dEe^{-tE}\rho(E).
967,b3e0923245.png,0,0,98.45,almost_correct,129,129,"b^{-2}(\phi_{n+1}^{\alpha}+\phi_{n-1}^{\alpha}-2\phi_{n}^{\alpha})+iL^{-\frac{1}{2}}\chi^{\alpha}e^{iD_{\alpha}nb}=0,\quadn\neq-N","b^{-2}(\phi_{n+1}^{\alpha}+\phi_{n-1}^{\alpha}-2\phi_{n}^{\alpha})+iL^{-\frac{1}{2}}\chi^{\alpha}e^{iD_{\alphanb}}=0,\quadn\neq-N","b^{-2}(\phi_{n+1^{\alpha+\phi_{n-1^{\alpha-2\phi_n^{\alpha)+iL^{-\frac{1}{2}\chi^{\alpha}e^{iD_{\alpha}nb=0,n\neqq-N","b^{-2}(\phi_{n+1^{\alpha+\phi_{n-1^{\alpha-2\phi_n^{\alpha)+iL^{-\frac{1}{2}\chi^{\alpha}e^{iD_{\alphanb=0,n\neqq-N"
968,552a6010ba.png,0,0,89.6,semantic_or_token_error,124,125,"P_{i}(\epsilon,D)={\frac{\epsilon^{2-D}}{(4\pi)^{D/2}}}~\left({\frac{\beta_{H}}{\pi\beta}}\right)^{D-1}Q_{i}~{\calA}^{H}~~~,","P_{i}(\epsilon,D)=\frac{\epsilon^{2-D}}{(4\pi)^{D/2}}\;\left(\frac{\beta_{H}}{\pi\beta}\right)^{D-1}Q_{i}\;{\calA}^{H}\;\;\;,","P_{i}(\epsilon,D)=\frac{\epsilon^{2-D}{(4\pi)^{D/2}~(\frac{\beta_{H}{\pi\beta)^{D-1}Q_{i}~\calA^{H}~~~,","P_{i}(\epsilon,D)=\frac{\epsilon^{2-D}{(4\pi)^{D/2}(\frac{\beta_{H}{\pi\beta)^{D-1}Q_{i}\calA^{H,"
969,390c7b6d6d.png,0,0,97.619,almost_correct,84,83,"\rho(\theta,\tau)~\equiv~\frac{1}{N}\sum_{i=1}^{N}\delta(\theta-\alpha_{i}(\tau))\;,","\rho(\theta,\tau)~\equiv~\frac{1}{N}\sum_{i=1}^{N}\delta(\theta-\alpha_{i}(\tau))~,","\rho(\theta,\tau)~\equiv~\frac{1}{N}\sum_{i=1^{N}\delta(\theta-\alpha_{i}(\tau)),","\rho(\theta,\tau)~\equiv~\frac{1}{N}\sum_{i=1^{N}\delta(\theta-\alpha_{i}(\tau))~,"
970,44b90a0a76.png,1,1,100.0,exact,45,45,"\Omega(p)=\bar{p}\quad,\quad\Omega(\bar{p})=p","\Omega(p)=\bar{p}\quad,\quad\Omega(\bar{p})=p","\Omega(p)=\bar{p,\Omega(\bar{p)=p","\Omega(p)=\bar{p,\Omega(\bar{p)=p"
971,7667f73166.png,0,0,90.055,semantic_or_token_error,181,181,\Gamma_{0}(b_{i}\tob_{f}+\gamma)={\frac{2}{3\pi}}\left({\frac{M(N_{i})^{2}-M(N_{f})^{2}}{2\hbarM(N_{i})}}\right)^{3}A_{H}(N_{i})\;{\frac{2J_{f}+1}{2J_{i}+1}}\;{\frac{N_{f}}{N_{i}}}.,"\Gamma_{0}(b_{i}\rightarrowb_{f}+\gamma)=\frac{2}{3\pi}\left(\frac{M(N_{i})^{2}-M(N_{f})^{2}}{2\hbarM(N_{i})}\right)^{3}A_{H}(N_{i})\,\frac{2J_{f}+1}{2J_{i}+1}\,\frac{N_{f}}{N_{i}}.",\Gamma_{0}(b_{i}\rightarrowb_{f+\gamma)=\frac{2}{3\pi}(\frac{M(N_{i)^{2-M(N_{f)^{2}{2\hbarM(N_{i))^{3}A_{H}(N_{i)\frac{2J_{f+1}{2J_{i+1}\frac{N_{f}{N_{i}.,\Gamma_{0}(b_{i}arrowb_{f+\gamma)=\frac{2}{3\pi}(\frac{M(N_{i)^{2-M(N_{f)^{2}{2\hbarM(N_{i))^{3}A_{H}(N_{i)\frac{2J_{f+1}{2J_{i+1}\frac{N_{f}{N_{i}.
972,294853741c.png,0,0,89.041,semantic_or_token_error,73,69,\eta^{\mu\sigma}\eta^{\nu\alpha}G_{\mu\nu\rho\sigma\alpha\beta}\;\;=\;\;0,\eta^{\mu\sigma}\eta^{\nu\alpha}G_{\mu\nu\rho\sigma\alpha\beta}~~=~~0,\eta^{\mu\sigma}\eta^{\nu\alpha}G_{\mu\nu\rho\sigma\alpha\beta=0,\eta^{\mu\sigma}\eta^{\nu\alpha}G_{\mu\nu\rho\sigma\alpha\beta}~~=~~0
973,63708785a5.png,1,1,100.0,exact,88,88,H=H_{b}+H_{f}=\omega\left(N_{b}+\frac{1}{2}+N_{f}-\frac{1}{2}\right)=\omega(N_{b}+N_{f}),H=H_{b}+H_{f}=\omega\left(N_{b}+\frac{1}{2}+N_{f}-\frac{1}{2}\right)=\omega(N_{b}+N_{f}),H=H_{b+H_{f=\omega(N_{b+\frac{1}{2+N_{f-\frac{1}{2)=\omega(N_{b+N_{f),H=H_{b+H_{f=\omega(N_{b+\frac{1}{2+N_{f-\frac{1}{2)=\omega(N_{b+N_{f)
974,6652df5d30.png,0,1,95.745,canonical_equivalent,47,45,"\delta{X}^{5}=f(\hat{X}^{1},\cdots,\hat{X}^{4})","\deltaX^{5}=f(\hat{X}^{1},\cdots,\hat{X}^{4})","\deltaX^{5=f(\hatX^{1,\cdots,\hatX^{4)","\deltaX^{5=f(\hatX^{1,\cdots,\hatX^{4)"
975,54db7d0d74.png,1,1,100.0,exact,72,72,"\Sigma\rightarrow\Sigma+\epsilon_{\Phi},\hspace{1cm}\Phi\rightarrow\Phi.","\Sigma\rightarrow\Sigma+\epsilon_{\Phi},\hspace{1cm}\Phi\rightarrow\Phi.","\Sigmaarrow\Sigma+\epsilon_{\Phi,\hspace{1cm}\Phiarrow\Phi.","\Sigmaarrow\Sigma+\epsilon_{\Phi,\hspace{1cm}\Phiarrow\Phi."
976,2eb43b5d0c.png,0,0,83.92,semantic_or_token_error,184,199,"H_{gonihedric}^{3d}=-\frac{1}{2}\sum_{\vec{r},\vec{\alpha},\vec{beta}}\sigma_{\vec{r}}\sigma_{\vec{r}+\vec{\alpha}}\sigma_{\vec{r}+\vec{\alpha}+\vec{\beta}}\sigma_{\vec{r}+\vec{\beta}}","H_{goniheqtic}^{3d}=-\frac{1}{2}\sum_{\vec{r},\vec{\alpha},\delta\epsilon_{\vec{r}}}\sigma_{\vec{r}+\vec{\alpha}}\sigma_{r+\vec{\alpha}}\sigma_{r+\vec{\alpha}+\vec{\beta}}\sigma_{\vec{r}+\vec{\beta}}","H_{gonihedric^{3d=-\frac{1}{2}\sum_\vec{r,\vec{\alpha,\vec{beta}\sigma_\vec{r}\sigma_\vec{r+\vec{\alpha}\sigma_\vec{r+\vec{\alpha+\vec{\beta}\sigma_\vec{r+\vec{\beta}","H_{goniheqtic^{3d=-\frac{1}{2}\sum_\vec{r,\vec{\alpha,\delta\epsilon_\vec{r}\sigma_\vec{r+\vec{\alpha}\sigma_{r+\vec{\alpha}\sigma_{r+\vec{\alpha+\vec{\beta}\sigma_\vec{r+\vec{\beta}"
977,7b2d79bd72.png,0,1,96.129,canonical_equivalent,149,155,"K_{i}=(\mux_{i}-2\tilde{p}_{i})\operatorname{cosh}\frac{t}{R}+\left(\frac{\kappa}{2R}\,\epsilon_{ij}x_{j}-Rp_{i}\right)\operatorname{sinh}\frac{t}{R}","K_{i}=(\mux_{i}-2\tilde{p}_{i})\operatorname{cosh}{\frac{t}{R}}+\left({\frac{\kappa}{2R}}\,\epsilon_{ij}x_{j}-Rp_{i}\right)\operatorname{sinh}{\frac{t}{R}}",K_{i=(\mux_{i-2\tildep_{i)\operatorname{cosh}\frac{t}{R+(\frac{\kappa}{2R}\epsilon_{ij}x_{j-Rp_{i)\operatorname{sinh}\frac{t}{R},K_{i=(\mux_{i-2\tildep_{i)\operatorname{cosh}\frac{t}{R+(\frac{\kappa}{2R}\epsilon_{ij}x_{j-Rp_{i)\operatorname{sinh}\frac{t}{R}
978,2051bda03e.png,0,0,87.121,missing_factorial,125,132,"\frac{2\pi}{N\lambda_{0}}=\int_{0}^{\Lambda}\frac{dk}{\sqrt{k^{2}+m^{2}}}=\operatorname{ln}\!\left(\frac{2\Lambda}{m}\right),","{\frac{2\pi}{N\lambda_{0}}}=\int_{0}^{\Lambda}{\frac{dk}{\sqrt{k^{2}+m^{2}}}}=\operatorname{ln}\biggl({\frac{2\Lambda}{m}}\biggr)\,,","\frac{2\pi}{N\lambda_{0=\int_0^{\Lambda}\frac{dk}\sqrt{k^{2+m^{2=\operatorname{ln}(\frac{2\Lambda}{m),","\frac{2\pi}{N\lambda_{0=\int_0^{\Lambda}\frac{dk}\sqrt{k^{2+m^{2=\operatorname{ln}\biggl(\frac{2\Lambda}{m}\biggr),"
979,7cfa315df8.png,0,0,83.636,semantic_or_token_error,53,55,"{\calS}_{\nu|\mu}^{\mu}=0,\quad{\calS}_{\mu}^{\mu}=0.","{\calS}_{~\nu|\mu}^{\mu}=0~,~~~{\calS}_{~\mu}^{\mu}=0~.","\calS_{\nu|\mu^{\mu=0,\calS_\mu^{\mu=0.","\calS_{~\nu|\mu^{\mu=0~,~~~\calS_{~\mu^{\mu=0~."
980,4ac2d894b1.png,0,1,94.737,canonical_equivalent,76,72,"C^{a}=\tilde{C}^{a}+C_{0}^{a},\quad\quadC_{0}^{a}(x)=C_{i}^{a}(x)\theta^{i},","C^{a}=\tilde{C}^{a}+C_{0}^{a},\qquadC_{0}^{a}(x)=C_{i}^{a}(x)\theta^{i},","C^{a=\tildeC^{a+C_0^{a,C_0^{a}(x)=C_i^{a}(x)\theta^{i,","C^{a=\tildeC^{a+C_0^{a,C_0^{a}(x)=C_i^{a}(x)\theta^{i,"
981,6dd13a4373.png,1,1,100.0,exact,48,48,"\Lambda=M_{P}e^{-8\pi^{2}k_{N}S/(3N_{c}-N_{f})},","\Lambda=M_{P}e^{-8\pi^{2}k_{N}S/(3N_{c}-N_{f})},","\Lambda=M_{P}e^{-8\pi^{2}k_{N}S/(3N_{c-N_{f),","\Lambda=M_{P}e^{-8\pi^{2}k_{N}S/(3N_{c-N_{f),"
982,4f06beab4f.png,0,1,94.118,canonical_equivalent,64,68,P_{c}\equiv\frac{\partialL}{\partial\dot{X}}=\frac{1}{2}\dot{X}.,P_{c}\equiv{\frac{\partialL}{\partial\dot{X}}}={\frac{1}{2}}\dot{X}.,P_{c}\equiv\frac{\partialL}{\partial\dot{X=\frac{1}{2}\dot{X}.,P_{c}\equiv\frac{\partialL}{\partial\dot{X=\frac{1}{2}\dot{X}.
983,4ff70524bd.png,0,0,98.198,almost_correct,111,111,"\Delta_{\mathrm{SO}(2N)}(E,x)=\prod_{i<j}^{N}\Big[(x_{i}-x_{j})^{2}-E^{2}\Big]\Big[(x_{i}+x_{j})^{2}-E^{2}\Big]","\Delta_{\mathrm{SO(2N)}}(E,x)=\prod_{i<j}^{N}\Big[(x_{i}-x_{j})^{2}-E^{2}\Big]\Big[(x_{i}+x_{j})^{2}-E^{2}\Big]","\Delta_\mathrm{SO}(2N)}(E,x)=\prod_{i<j^{N}\Big[(x_{i-x_{j)^{2-E^{2}\Big]\Big[(x_{i+x_{j)^{2-E^{2}\Big]","\Delta_\mathrm{SO(2N)}(E,x)=\prod_{i<j^{N}\Big[(x_{i-x_{j)^{2-E^{2}\Big]\Big[(x_{i+x_{j)^{2-E^{2}\Big]"
984,310b920c21.png,0,0,92.308,semantic_or_token_error,91,84,"\omega=\frac{eB}{m}+\frac{e^{3}B^{3}c^{2}}{A^{2}m^{3}}=\omega_{c}+\bigtriangleup\omega\,{,}","\omega=\frac{eB}{m}+\frac{e^{3}B^{3}c^{2}}{A^{2}m^{3}}=\omega_{c}+\triangle\omega\,,","\omega=\frac{eB}{m+\frac{e^{3}B^{3}c^{2}{A^{2}m^{3=\omega_{c+\bigtriangleup\omega{,}","\omega=\frac{eB}{m+\frac{e^{3}B^{3}c^{2}{A^{2}m^{3=\omega_{c+\triangle\omega,"
985,70452d3206.png,0,0,82.759,semantic_or_token_error,58,50,\langlex\verte^{-tH_{\alpha}}\vertx\rangle=\frac{1}{4\pit},\langlex|e^{-tH_{\alpha}}|x\rangle=\frac{1}{4\pit},\langlex\verte^{-tH_{\alpha}\vertx\rangle=\frac{1}{4\pit},\langlex|e^{-tH_{\alpha}|x\rangle=\frac{1}{4\pit}
986,1a6e0d6438.png,0,0,81.308,semantic_or_token_error,105,107,F_{a}\toF_{a}-r^{2}\partial_{a}(r^{-2}\xi_{(T)})\qquad(\mathrm{for}k\mathrm{such~that}T_{(LT)ij}\equiv0).,F_{a}\rightarrowF_{a}-r^{2}\partial_{a}(r^{-2}\xi_{(T)})\qquad\mathrm{(for~k~such~that~}T_{(LT)ij}\equiv0).,F_{a}\rightarrowF_{a-r^{2}\partial_{a}(r^{-2}\xi_{(T))(\mathrm{for}k\mathrm{such~that}T_{(LT)ij}\equiv0).,F_{a}arrowF_{a-r^{2}\partial_{a}(r^{-2}\xi_{(T))\mathrm{(for~k~such~that~}T_{(LT)ij}\equiv0).
987,24a217c29c.png,1,1,100.0,exact,26,26,\beta_{1}^{^{\prime}}(0)=0,\beta_{1}^{^{\prime}}(0)=0,\beta_1^{^{\prime}(0)=0,\beta_1^{^{\prime}(0)=0
988,423be7f7b4.png,1,1,100.0,exact,67,67,"S^{(0)}=e^{\hat{Y}^{(0)}}S_{2,c}^{(0)},\quad\varepsilon(Y^{(0)})=1.","S^{(0)}=e^{\hat{Y}^{(0)}}S_{2,c}^{(0)},\quad\varepsilon(Y^{(0)})=1.","S^{(0)=e^\hatY^{(0)}S_{2,c^{(0),\varepsilon(Y^{(0))=1.","S^{(0)=e^\hatY^{(0)}S_{2,c^{(0),\varepsilon(Y^{(0))=1."
989,211182b92b.png,0,0,90.909,semantic_or_token_error,44,40,"F_{\!_{J}}=\,frac{hc}{2\pi}\,\frac{1}{R^{2}}","F_{\!_{J}}=\,frachc2\pi\,\frac{1}{R^{2}}",F_{_{J=frac{hc}{2\pi}\frac{1}{R^{2},F_{_{J=frachc2\pi\frac{1}{R^{2}
990,af7722dc1a.png,0,0,81.395,semantic_or_token_error,86,72,{\calE}=-{\frac{{\pi}^{2}l^{4}\left[a^{6}/l^{6}+5a^{4}/l^{4}+50\Xi\right]}{1280\XiG}}.,{\calE}=-\frac{\pi^{2}l^{4}[a^{6}/l^{6}+5a^{4}/l^{4}+500\Xi]}{1280\XiG}.,{\calE=-\frac{\pi^{2}l^{4}[a^{6}/l^{6+5a^{4}/l^{4+50\Xi]}{1280\XiG}.,{\calE=-\frac{\pi^{2}l^{4}[a^{6}/l^{6+5a^{4}/l^{4+500\Xi]}{1280\XiG}.
991,22c1137c3e.png,0,0,99.16,almost_correct,119,118,"\Delta_{++,--}(b+2p\tau-2p^{\prime}\tau^{\prime},0)\sim-\frac{1}{2}\Delta(b)\delta^{2}(2p\tau-2p^{\prime}\tau^{\prime})","\Delta_{++,-}(b+2p\tau-2p^{\prime}\tau^{\prime},0)\sim-\frac{1}{2}\Delta(b)\delta^{2}(2p\tau-2p^{\prime}\tau^{\prime})","\Delta_{++,--}(b+2p\tau-2p^{\prime}\tau^{\prime,0)\sim-\frac{1}{2}\Delta(b)\delta^{2}(2p\tau-2p^{\prime}\tau^{\prime)","\Delta_{++,-}(b+2p\tau-2p^{\prime}\tau^{\prime,0)\sim-\frac{1}{2}\Delta(b)\delta^{2}(2p\tau-2p^{\prime}\tau^{\prime)"
992,7fa319614f.png,0,1,97.26,canonical_equivalent,73,71,"\sigma_{l}^{B=0}={\frac{8\pi^{2}/3}{\omega^{5}}}(l+1)(l+2)^{2}(l+3)P_{l},","\sigma_{l}^{B=0}=\frac{8\pi^{2}/3}{\omega^{5}}(l+1)(l+2)^{2}(l+3)P_{l},","\sigma_l^{B=0=\frac{8\pi^{2}/3}{\omega^{5}(l+1)(l+2)^{2}(l+3)P_{l,","\sigma_l^{B=0=\frac{8\pi^{2}/3}{\omega^{5}(l+1)(l+2)^{2}(l+3)P_{l,"
993,2b83453fc3.png,1,1,100.0,exact,69,69,"\partial\psi=p\varphi\qquad,\qquad\overline{{\partial}}\varphi=-p\psi","\partial\psi=p\varphi\qquad,\qquad\overline{{\partial}}\varphi=-p\psi","\partial\psi=p\varphi,\overline{{\partial}\varphi=-p\psi","\partial\psi=p\varphi,\overline{{\partial}\varphi=-p\psi"
994,7ac0b77599.png,1,1,100.0,exact,76,76,H_{n}(1;\mu)=\sum_{k=1}^{n}X_{k}(-\mu^{2})^{n-k}+(-\mu^{2})^{n}H_{0}(1;\mu).,H_{n}(1;\mu)=\sum_{k=1}^{n}X_{k}(-\mu^{2})^{n-k}+(-\mu^{2})^{n}H_{0}(1;\mu).,H_{n}(1;\mu)=\sum_{k=1^{n}X_{k}(-\mu^{2)^{n-k+(-\mu^{2)^{n}H_{0}(1;\mu).,H_{n}(1;\mu)=\sum_{k=1^{n}X_{k}(-\mu^{2)^{n-k+(-\mu^{2)^{n}H_{0}(1;\mu).
995,a4b4233a18.png,1,1,100.0,exact,196,196,S_{CS}=\frac{1}{4\kappa^{2}\mu}\intd^{3}x\epsilon^{\lambda\mu\nu}\Gamma_{\lambda\rho}^{\sigma}(\partial_{\mu}\Gamma_{\sigma\nu}^{\rho}+\frac{2}{3}\Gamma_{\mu\tau}^{\rho}\Gamma_{\nu\sigma}^{\tau}).,S_{CS}=\frac{1}{4\kappa^{2}\mu}\intd^{3}x\epsilon^{\lambda\mu\nu}\Gamma_{\lambda\rho}^{\sigma}(\partial_{\mu}\Gamma_{\sigma\nu}^{\rho}+\frac{2}{3}\Gamma_{\mu\tau}^{\rho}\Gamma_{\nu\sigma}^{\tau}).,S_{CS=\frac{1}{4\kappa^{2}\mu}\intd^{3}x\epsilon^{\lambda\mu\nu}\Gamma_{\lambda\rho^{\sigma}(\partial_{\mu}\Gamma_{\sigma\nu^{\rho+\frac{2}{3}\Gamma_{\mu\tau^{\rho}\Gamma_{\nu\sigma^{\tau).,S_{CS=\frac{1}{4\kappa^{2}\mu}\intd^{3}x\epsilon^{\lambda\mu\nu}\Gamma_{\lambda\rho^{\sigma}(\partial_{\mu}\Gamma_{\sigma\nu^{\rho+\frac{2}{3}\Gamma_{\mu\tau^{\rho}\Gamma_{\nu\sigma^{\tau).
996,75bbfe13a4.png,0,1,95.714,canonical_equivalent,140,134,"\langle0|W_{\mathrm{eff}}|0\rangle=\sum_{p=2}^{N}\,g_{p}\langle0|u_{p}|0\rangle=\sum_{p=2}^{N}\,\sum_{j=1}^{N}\,g_{p}\tilde{\lambda}_{j}^{p}",\langle0|W_{\mathrm{eff}}|0\rangle=\sum_{p=2}^{N}g_{p}\langle0|u_{p}|0\rangle=\sum_{p=2}^{N}\sum_{j=1}^{N}g_{p}\tilde{\lambda}_{j}^{p},\langle0|W_\mathrm{eff}|0\rangle=\sum_{p=2^{N}g_{p}\langle0|u_{p}|0\rangle=\sum_{p=2^{N}\sum_{j=1^{N}g_{p}\tilde\lambda_j^{p},\langle0|W_\mathrm{eff}|0\rangle=\sum_{p=2^{N}g_{p}\langle0|u_{p}|0\rangle=\sum_{p=2^{N}\sum_{j=1^{N}g_{p}\tilde\lambda_j^{p}
997,2a9a1eb689.png,0,0,92.0,semantic_or_token_error,50,48,"Z_{M}(f(\rho),g(\lambda))=Z_{W}(\lambda,\rho)\;\;,","Z_{M}(f(\rho),g(\lambda))=Z_{W}(\lambda,\rho)~~,","Z_{M}(f(\rho),g(\lambda))=Z_{W}(\lambda,\rho),","Z_{M}(f(\rho),g(\lambda))=Z_{W}(\lambda,\rho)~~,"
998,7671969280.png,1,1,100.0,exact,67,67,"\hat{H}_{\mathrm{rel}}\psi_{n}(z,\bar{z})=E_{n}\psi_{n}(z,\bar{z}).","\hat{H}_{\mathrm{rel}}\psi_{n}(z,\bar{z})=E_{n}\psi_{n}(z,\bar{z}).","\hatH_\mathrm{rel}\psi_{n}(z,\bar{z)=E_{n}\psi_{n}(z,\bar{z).","\hatH_\mathrm{rel}\psi_{n}(z,\bar{z)=E_{n}\psi_{n}(z,\bar{z)."
999,429cba5316.png,0,0,86.364,semantic_or_token_error,132,126,"B_{3/2}=\frac{\alpha\,\sqrt\pi}{64\,R},\quadB_{2}=\frac{4\,\alpha}{315\,R^{2}},\quadB_{5/2}=\frac{37\,\alpha\,\sqrt\pi}{2^{13}}\,{.}","B_{3/2}={\frac{\alpha\,\sqrt\pi}{64\,R}},B_{2}={\frac{4\,\alpha}{315\,R^{2}}},B_{5/2}={\frac{37\,\alpha\,\sqrt\pi}{2^{13}}}\,.","B_{3/2=\frac{\alpha\sqrt\pi}{64R,B_{2=\frac{4\alpha}{315R^{2,B_{5/2=\frac{37\alpha\sqrt\pi}{2^{13}{.}","B_{3/2=\frac{\alpha\sqrt\pi}{64R,B_{2=\frac{4\alpha}{315R^{2,B_{5/2=\frac{37\alpha\sqrt\pi}{2^{13}."
