formula,image,formula_len_chars,formula_len_tokens_rough,image_width,image_height,aspect_ratio
I = 2 \left( { \frac { \alpha } { \operatorname { s i n h } ^ { 2 } A + \operatorname { s i n } ^ { 2 } { \frac { \gamma } { 2 } } } } - { \frac { \operatorname { s i n h } { \frac { 2 A } { \alpha } } } { \operatorname { s i n h } { 2 A } } } ~ { \frac { 1 } { ( \operatorname { s i n h } ^ { 2 } { \frac { A } { \alpha } } + \operatorname { s i n } ^ { 2 } { \frac { [ \gamma ] } { 2 \alpha } } ) } } \right) ~ ~ .,616706dd5a.png,416,138,480,64,7.5
"\left\{ \begin{array} { r c l } { \displaystyle \partial ^ { m } h _ { m } - \frac { 1 } { 2 } \dot { h } ^ { \prime } } & { = } & { 0 , \vspace { 2 m m } } \\ { \displaystyle \partial ^ { n } h _ { m n } - \frac { 1 } { 2 } \partial _ { m } h ^ { \prime } } & { = } & { 0 , \vspace { 2 m m } } \\ { \displaystyle \partial ^ { m } \theta _ { m } - \frac { 1 } { 2 } h ^ { \prime } } & { = } & { 0 . } \\ \end{array} \right.",347196fad5.png,423,138,480,128,3.75
"{ \bf W } _ { a a } = - \sum _ { c \neq a } { \mathrm { \boldmath ~ \beta ~ } } _ { a } ^ { * } \cdot { \mathrm { \boldmath ~ \beta ~ } } _ { c } ^ { * } { \bf w } _ { a c } , \, \, \, \, { \bf W } _ { a b } = { \mathrm { \boldmath ~ \beta ~ } } _ { a } ^ { * } \cdot { \mathrm { \boldmath ~ \beta ~ } } _ { b } ^ { * } { \bf w } _ { a b } \quad \mathrm { \hspace { ~ 1 c m } ~ i f ~ a \neq ~ b ~ } .",33274d5123.png,400,142,480,64,7.5
"\left. \left( \begin{array} { c c c } { \partial \beta _ { g } / \partial g } & { \partial \beta _ { g } / \partial h } & { \partial \beta _ { g } / \partial f } \\ { \partial \beta _ { h } / \partial g } & { \partial \beta _ { h } / \partial h } & { \partial \beta _ { h } / \partial f } \\ { \partial \beta _ { f } / \partial g } & { \partial \beta _ { f } / \partial h } & { \partial \beta _ { f } / \partial f } \\ \end{array} \right) \right| _ { g = g _ { \ast } , h = h _ { \ast } , f = f _ { \ast } }",1015942522.png,507,145,384,96,4.0
\begin{array} { r l } { \displaystyle Z _ { N } ( \vartheta ) } & { = 2 N \operatorname { a r c t a n } \displaystyle \frac { \operatorname { s i n h } \vartheta } { \operatorname { c o s h } \Theta } + \displaystyle \sum _ { k = 1 } ^ { N _ { H } } \chi ( \vartheta - h _ { k } ) - 2 \displaystyle \sum _ { k = 1 } ^ { N _ { S } } \chi ( \vartheta - y _ { k } ) - } \\ \end{array},5c8ae6694c.png,381,111,480,160,3.0
"K = i \int _ { 0 } ^ { \infty } d \lambda ^ { \prime } \; s e ^ { i \lambda ^ { \prime } ( \pi ^ { \prime \prime } - \pi ^ { \prime } ) } e ^ { - i [ s \lambda ^ { \prime } ( \gamma ^ { \mu } P _ { \mu } ^ { \prime } - m ) + { \frac { i } { s } } ( { \bar { \eta } } ^ { \prime \prime } - { \bar { \eta } } ^ { \prime } ) ( \eta ^ { \prime \prime } - \eta ^ { \prime } ) ] } \delta ^ { 4 } ( P ^ { \prime \prime } - P ^ { \prime } ) \, .",74bc680700.png,437,145,480,64,7.5
"e _ { 1 } = \left| \begin{array} { c } { \overrightarrow { e _ { 1 } } } \\ { 0 } \\ \end{array} \right| , \quad e _ { 2 } = \left| \begin{array} { c } { \overrightarrow { e _ { 2 } } } \\ { 0 } \\ \end{array} \right| , \quad e _ { 3 } = \left| \begin{array} { c } { \overrightarrow { e _ { 3 } } } \\ { 0 } \\ \end{array} \right| , \quad e _ { 4 } = \left| \begin{array} { c } { 0 } \\ { 1 } \\ \end{array} \right| .",7222c26c18.png,417,112,480,64,7.5
"\begin{array} { l } { \delta \theta ^ { \alpha } = \epsilon ^ { \alpha } , \qquad \delta \bar { \theta } _ { \alpha } = \bar { \epsilon } _ { \alpha } , } \\ { \delta x ^ { \bar { \mu } } = - i \bar { \epsilon } _ { \alpha } \tilde { \Gamma } ^ { { \bar { \mu } } \alpha \beta } \bar { \theta } _ { \beta } + i \epsilon ^ { \alpha } \Gamma _ { \alpha \beta } ^ { \bar { \mu } } \theta ^ { \beta } , \qquad \delta x ^ { 1 1 } = 0 , } \\ \end{array}",54ecd49027.png,447,124,320,64,5.0
"\hat { \varrho } _ { \mathrm { f l d } } = \hat { \varrho } _ { m } \left[ 1 + \zeta \left( { \frac { \hat { c } } { c } } \right) ^ { 2 } \right] + \hat { \varrho } _ { r } \left( { \frac { \hat { c } } { c } } \right) ^ { 2 } , \ \ \ \ \ \ \ \hat { \wp } _ { \mathrm { f l d } } = { \frac { 1 } { 3 } } \hat { \varrho } _ { r } \left( { \frac { \hat { c } } { c } } \right) ^ { 2 } ,",462d961136.png,385,130,480,64,7.5
"\tilde { Z } _ { i j } = i \sigma _ { 2 } \left( \begin{array} { l l } { | Z | } & { 0 } \\ { 0 } & { | Z | } \\ \end{array} \right) \ , \qquad \tilde { Z } _ { i j } = i \sigma _ { 2 } \left( \begin{array} { l l l l } { | Z | } & { 0 } & { 0 } & { 0 } \\ { 0 } & { | Z | } & { 0 } & { 0 } \\ { 0 } & { 0 } & { | Z | } & { 0 } \\ { 0 } & { 0 } & { 0 } & { | Z | } \\ \end{array} \right) \ ,",4b2b463726.png,390,147,480,128,3.75
"\alpha _ { A } ( \varphi ) = - \left[ \operatorname { l n } { \frac { \widehat \Lambda _ { s } } { m _ { A } } } + { \frac { 1 } { 2 } } \right] { \frac { \partial \operatorname { l n } B ( \varphi ) } { \partial \varphi } } = + \operatorname { l n } { \frac { \widehat \Lambda _ { s } ^ { \prime } } { m _ { A } } } \, { \frac { \partial \operatorname { l n } B ^ { - 1 } ( \varphi ) } { \partial \varphi } } \ ,",3733924e20.png,413,120,480,64,7.5
"\Delta _ { \varepsilon , \overline { { \varepsilon } } } ^ { ( 1 ) } = \frac { \sigma ^ { 2 } } 2 \cdot \frac { m - i \varepsilon \widehat { p } } { 2 m } \cdot \frac { m - i \overline { { \varepsilon } } \overline { { p } } } { 2 m } \cdot \left( 1 - \sigma _ { p } ^ { 2 } \right) = \Psi _ { \varepsilon , \overline { { \varepsilon } } } \cdot \overline { { \Psi } } _ { \varepsilon , \overline { { \varepsilon } } }",2efe089406.png,418,112,384,64,6.0
{ \bf J } = { \frac { 1 } { 2 } } \left( \begin{array} { c c } { p ^ { \dagger } } & { q ^ { \dagger } } \\ \end{array} \right) { \bf \sigma } \left( \begin{array} { c } { p } \\ { q } \\ \end{array} \right) + { \frac { 1 } { 2 } } \left( \begin{array} { c c } { r ^ { \dagger } } & { s ^ { \dagger } } \\ \end{array} \right) { \bf \sigma } \left( \begin{array} { c } { r } \\ { s } \\ \end{array} \right),2a2d9f39aa.png,405,110,384,64,6.0
"\left( \begin{array} { c } { h _ { + } } \\ { h _ { - } } \\ { h _ { 3 } } \\ { 1 } \\ \end{array} \right) = \left( \begin{array} { c c l c } { N ^ { - 1 / 2 } } & { } & { } & { } \\ \end{array} \right) \left( \begin{array} { c } { N \Sigma _ { + } ^ { ( N ) } } \\ { N \Sigma _ { - } ^ { ( N ) } } \\ { N \Sigma _ { 3 } ^ { ( N ) } / 2 } \\ { { \bf 1 } ^ { ( N ) } } \\ \end{array} \right) ,",5e00455730.png,392,134,480,128,3.75
\Phi ^ { \prime \prime } - \partial _ { \alpha } \partial ^ { \alpha } \Phi + \Phi \biggl [ \frac { 5 } { 2 } { \cal H } ^ { \prime } + \frac { \varphi ^ { \prime \prime \prime } } { \varphi ^ { \prime } } - \frac { 9 } { 4 } { \cal H } ^ { 2 } - { \cal H } \frac { \varphi ^ { \prime \prime } } { \varphi ^ { \prime } } - 2 \biggl ( \frac { \varphi ^ { \prime \prime } } { \varphi ^ { \prime } } \biggr ) ^ { 2 } \biggr ] = 0 .,5c694c0429.png,428,123,480,64,7.5
"\langle F _ { \mu } ^ { i } [ \xi | s ] F _ { \mu ^ { \prime } } ^ { i ^ { \prime } } [ \xi ^ { \prime } | s ^ { \prime } ] \rangle = - { \frac { 3 i } { 4 a _ { \xi ^ { \prime } } ( s ^ { \prime } ) } } \delta ^ { i i ^ { \prime } } g _ { \mu \mu ^ { \prime } } \, \delta ( s - s ^ { \prime } ) \prod _ { \bar { s } = 0 } ^ { 2 \pi } \, \delta ^ { 4 } ( \xi ( \bar { s } ) - \xi ^ { \prime } ( \bar { s } ) ) ,",409ae9fdd1.png,411,148,480,64,7.5
"\hat { A } _ { ( d ) \, \mu _ { 1 } \cdots \mu _ { d } } = c a ^ { d } \frac { \epsilon _ { \mu _ { 1 } \cdots \mu _ { d } } } { \sqrt { | g | } } \, , \Rightarrow \hat { F } _ { ( \hat { d } ) \, \underline { { y } } \mu _ { 1 } \cdots \mu _ { d } } = c d a ^ { d } \operatorname { l o g } ^ { \prime } { a } \, \frac { \epsilon _ { \mu _ { 1 } \cdots \mu _ { d } } } { \sqrt { | g | } } \, ,",223efe00f1.png,393,139,480,64,7.5
\epsilon ^ { m n } \displaystyle \frac { \partial } { \partial x _ { m } } \left[ L _ { j k } ^ { n } \frac { \partial ^ { 2 } W } { \partial x _ { j } \partial x ^ { l } } + M _ { j l } ^ { n } \frac { \partial ^ { 2 } W } { \partial x ^ { k } \partial _ { j } } + \frac { i } { 2 } H ^ { n j } \frac { \partial ^ { 3 } W } { \partial x ^ { j } \partial x ^ { k } \partial x ^ { l } } \right] = 0,36a759c187.png,397,132,480,64,7.5
"C _ { i _ { p } \, j _ { q } } ^ { k _ { s } } = \left\{ \begin{array} { l l l } { 0 , } & { \mathrm { i f } \ p + q \neq s } \\ { c _ { i _ { p } j _ { q } } ^ { k _ { s } } , } & { \mathrm { i f } \ p + q = s } \\ \end{array} \right. \quad \begin{array} { l } { p = 0 , 1 , \ldots , n } \\ { i _ { p , q , s } = 1 , 2 , \ldots , \textrm { d i m } \, V _ { p , q , s } \; , } \\ \end{array}",9131bb1977.png,391,147,480,64,7.5
"m _ { \phi } ^ { 2 \ ( - ) } = \lambda _ { o b s } ^ { - 2 } \ m _ { \phi } ^ { 2 \ ( + ) } = \lambda _ { o b s } ^ { - 2 } \ { \frac { d ^ { 2 } V _ { \mathrm { \footnotesize \it ~ \hspace { - 6 p t } ~ e f f \, } } } { d \phi ^ { 2 } } } \approx \mp \lambda _ { o b s } \left( { \frac { 5 \pi ^ { 3 } \zeta _ { R } ^ { \prime } ( - 4 ) } { 6 M ^ { 3 } l ^ { 5 } } } \right) .",11aa263f18.png,377,143,480,64,7.5
"\big \{ f , g \big \} = \Big ( \frac { \partial f } { \partial x _ { i } } \frac { \partial g } { \partial p _ { i } } - \frac { \partial g } { \partial x _ { i } } \frac { \partial f } { \partial p _ { i } } \Big ) + \theta \Big ( \frac { \partial f } { \partial x _ { 1 } } \frac { \partial g } { \partial x _ { 2 } } - \frac { \partial g } { \partial x _ { 1 } } \frac { \partial f } { \partial x _ { 2 } } \Big ) .",20dcc797c7.png,418,125,480,64,7.5
"K = * { \frac { ( \kappa ^ { 2 } ) } { 2 } } = { \frac { i } { 2 } } \left[ f _ { \mu _ { 1 } \bar { \nu } _ { 1 } } \, f _ { \mu _ { 2 } \bar { \nu } _ { 2 } } \right] \epsilon _ { \hspace { 0 . 2 5 i n } \alpha } ^ { \mu _ { 1 } \mu _ { 2 } } \, \epsilon _ { \hspace { 0 . 2 5 i n } \bar { \beta } } ^ { \bar { \nu } _ { 1 } \bar { \nu } _ { 2 } } \, \, d z ^ { \alpha } \wedge d \bar { z } ^ { \beta }",67282eafc1.png,404,147,384,64,6.0
\operatorname { l n } \epsilon \int \prod _ { i = 1 } ^ { n } d ^ { D } y _ { i } ^ { \mu } \left\{ \left( { \frac { \partial } { \partial y _ { 1 } ^ { \mu } } } S ^ { ( n ) } \right) \left( { \frac { \partial } { \partial y _ { 1 \mu } } } S ^ { ( n ) } \right) + { \frac { \partial ^ { 2 } } { \partial y _ { 1 } ^ { 2 } } } S ^ { ( n ) } \right\} e ^ { S ^ { ( n ) } } = 0 .,4e8c59547c.png,378,129,480,64,7.5
"\lambda ^ { a , \alpha \beta } \lambda _ { a ~ \delta } ^ { ~ \gamma } - \lambda ^ { a , \gamma \alpha } \lambda _ { a ~ \delta } ^ { ~ \beta } = \frac { 2 } { \sigma _ { 0 } } \left( \Omega ^ { \alpha \beta } \delta _ { ~ \delta } ^ { \gamma } - 2 \Omega ^ { \beta \gamma } \delta _ { ~ \delta } ^ { \alpha } + \Omega ^ { \gamma \alpha } \delta _ { ~ \delta } ^ { \beta } \right) ,",614d14a9d8.png,382,107,480,64,7.5
"\delta _ { \xi } \left< T _ { z \overline { z } } \left( z , \overline { z } \right) \right> = { \frac { 1 } { 9 6 } } \left( 2 \, \partial _ { z } ^ { \, 2 } \partial ^ { z } \xi ^ { z } \left( z , \overline { z } \right) + 2 \, \partial _ { \overline { z } } ^ { \, 2 } \partial ^ { \overline { z } } \xi ^ { \overline { z } } \left( z , \overline { z } \right) \right) \; .",29111e7f9d.png,376,109,480,64,7.5
"\begin{array} { c c } { \left\{ \begin{array} { l } { \delta ^ { ( 1 ) } A _ { \mu } = i \bar { \epsilon } \sigma _ { \mu } \psi } \\ { \delta ^ { ( 1 ) } \psi = \frac { i } { 2 } ( [ A _ { \mu } , A _ { \nu } ] - i \alpha \epsilon _ { \mu \nu \lambda } A _ { \lambda } ) \sigma ^ { \mu \nu } \epsilon } \\ \end{array} \right. } & { \mathrm { , ~ } \left\{ \begin{array} { l } { \delta A _ { \mu } ^ { ( 2 ) } = 0 } \\ { \delta ^ { ( 2 ) } \psi = \xi . } \\ \end{array} \right. } \\ \end{array}",ac0203b6dc.png,494,145,480,64,7.5
N ( \theta ) = \frac { m } 3 \left( \operatorname { l n } \operatorname { s i n } \theta - \frac 1 { \operatorname { s i n } ^ { 2 } \theta } \right) + \frac { C _ { 1 } } 4 \left( \operatorname { l n } \frac { 1 - \operatorname { c o s } \theta } { 1 + \operatorname { c o s } \theta } - \frac { 2 \operatorname { c o s } \theta } { \operatorname { s i n } ^ { 2 } \theta } \right) + C _ { 2 } .,6eb3233a4e.png,396,112,480,64,7.5
\tilde { g } _ { 0 0 } = \frac { g _ { 0 0 } } { \left[ 1 + ( 1 + g _ { 0 0 } ) \operatorname { s i n h } ^ { 2 } \alpha \right] ^ { 2 } } = - \frac { \left( 1 - \frac { 2 \eta } { r } \right) ^ { \frac { m + \sigma } { \eta } } } { \left[ 1 + ( 1 - ( 1 - \frac { 2 \eta } { r } ) ^ { \frac { m + \sigma } { \eta } } ) \operatorname { s i n h } ^ { 2 } \alpha \right] ^ { 2 } },1fd4a970b7.png,377,130,480,128,3.75
"K [ H _ { n } , 1 ] = \left( \frac { m \omega \sqrt { \xi \xi _ { 0 } } } { i \hbar \operatorname { s i n } \omega t } \right) \left( \frac { m \omega \sqrt { \eta \eta _ { 0 } } } { i \hbar \operatorname { s i n } \omega t } \right) J _ { n } \left( \frac { m \omega \sqrt { \xi \xi _ { 0 } } } { i \hbar \operatorname { s i n } \omega t } \right) J _ { n } \left( \frac { m \omega \sqrt { \eta \eta _ { 0 } } } { i \hbar \operatorname { s i n } \omega t } \right) \nonumber",1a9ab71a32.png,475,134,480,64,7.5
[ P ( \Omega _ { p } ) ] _ { a _ { 1 } \ldots a _ { p } } = \Omega _ { \mu _ { 1 } \ldots \mu _ { p } } \left( \delta _ { a _ { 1 } } ^ { \mu _ { 1 } } I _ { N } + \lambda \frac { \partial \phi ^ { \mu _ { 1 } } } { \partial \sigma ^ { a _ { 1 } } } \right) \ldots \left( \delta _ { a _ { p } } ^ { \mu _ { p } } I _ { N } + \lambda \frac { \partial \phi ^ { \mu _ { p } } } { \partial \sigma ^ { a _ { p } } } \right),5a9bdea5a6.png,418,143,480,64,7.5
"\tilde { S } _ { L } = \frac { 1 } { 4 \pi \alpha ^ { \prime } } \int _ { \Sigma } [ \tilde { g } ^ { \mu \nu } ( \partial _ { t } \tilde { x } _ { \mu } \partial _ { t } \tilde { x } _ { \nu } - \partial _ { \sigma } \tilde { x } _ { \mu } \partial _ { \sigma } \tilde { x } _ { \nu } ) + 4 \pi i \alpha ^ { \prime } \tilde { b } ^ { \mu \nu } \partial _ { t } \tilde { x } _ { \mu } \partial _ { \sigma } \tilde { x } _ { \nu } ] ,",5ef640bb48.png,433,138,480,64,7.5
\left\langle U _ { \lambda } \left( w \right) \right\rangle _ { w ^ { \prime } } = \prod _ { X _ { i ^ { \prime } } ^ { \prime } \in { \it G } } \prod _ { \left( n _ { i ^ { \prime } } ^ { * } \right) _ { i ^ { \prime } = 0 } ^ { k } } \left\langle U _ { \lambda } \left( w \right) \right\rangle _ { w _ { n _ { i ^ { \prime } } ^ { * } } ^ { \prime } } ^ { \left( { \it G } _ { 1 } \right) _ { X _ { i ^ { \prime } } ^ { \prime } } },6039129821.png,434,137,320,64,5.0
"\begin{array} { r c l c r c l } { \psi _ { - } } & { \rightarrow } & { e ^ { - i \theta } g ^ { - 1 } \psi _ { - } } & { \quad \quad } & { \psi _ { + } } & { \rightarrow } & { \psi _ { + } \nonumber } \\ { \psi _ { - } ^ { \dagger } } & { \rightarrow } & { \psi _ { - } ^ { \dagger } g e ^ { i \theta } } & { \quad \quad } & { \psi _ { + } ^ { \dagger } } & { \rightarrow } & { \psi _ { + } ^ { \dagger } } \\ \end{array} \quad ,",3bae3da375.png,429,140,320,64,5.0
"F _ { r { \tilde { \theta } } } ^ { 1 } = - \, \frac { 1 } { 2 \lambda } \, { \dot { a } } ~ ~ , ~ ~ F _ { r { \tilde { \varphi } } } ^ { 2 } = \frac { 1 } { 2 \lambda } \, { \operatorname { s i n } { \widetilde { \theta } } \, { \dot { a } } } ~ ~ , ~ ~ F _ { { \tilde { \theta } } { \tilde { \varphi } } } ^ { 3 } = \frac { 1 } { 2 \lambda } \, { \operatorname { s i n } { \widetilde { \theta } } } \left( 1 - a ^ { 2 } \right) ~ ~ .",2638400ed7.png,435,145,480,64,7.5
"\operatorname { c o s } \alpha = \frac { \operatorname { c o s } \theta _ { 2 } } { \operatorname { c o s } \theta _ { 1 } } \, , \; \; \; \operatorname { c o s h } \gamma = \frac { \operatorname { s i n } \theta _ { 2 } } { \operatorname { c o s } \theta _ { 1 } } \frac { 1 } { \operatorname { s i n } \alpha } \, , \; \; \; \operatorname { s i n h } \gamma = \frac { \operatorname { s i n } \theta _ { 1 } } { \operatorname { c o s } \theta _ { 2 } } \frac { 1 } { \operatorname { t a n } \alpha }",14790efa1e.png,500,143,480,64,7.5
"\left\{ \begin{array} { l } { { \psi } ^ { \pm j } ( \sigma , \tau ) = \sqrt { \alpha ^ { \prime } } \sum _ { n \in Z } { d _ { n } } ^ { \pm j } \operatorname { e x p } [ - i n ( \tau + \sigma ) ] } \\ { { \tilde { \psi } } ^ { \pm j } ( \sigma , \tau ) = \sqrt { \alpha ^ { \prime } } \sum _ { n \in Z } { d _ { n } } ^ { \pm j } \operatorname { e x p } [ - i n ( \tau - \sigma ) ] \; , } \\ \end{array} \right.",6c96577943.png,413,132,384,64,6.0
\gamma ^ { - 1 / 2 } e ^ { \phi } \left[ \frac { \delta \mathcal { S } } { \delta \gamma _ { i j } } \frac { \delta \mathcal { S } } { \delta \gamma _ { k l } } \gamma _ { i k } \gamma _ { j l } + \frac { 1 } { 2 } ( \frac { \delta \mathcal { S } } { \delta \phi } ) ^ { 2 } + \gamma _ { i j } \frac { \delta \mathcal { S } } { \delta \gamma _ { i j } } \frac { \delta \mathcal { S } } { \delta \phi } \right] = 0 ~ ~ ~ .,617e86535b.png,421,129,480,64,7.5
"\left( \frac { i \epsilon _ { \mu \lambda \alpha } p _ { \lambda } } { p ^ { 2 } } \right) \left( \frac { i \alpha \epsilon _ { \alpha \sigma \beta } p _ { \sigma } } { \sqrt { p ^ { 2 } } } \right) \left( \frac { i \epsilon _ { \beta \kappa \nu } p _ { \kappa } } { p ^ { 2 } } \right) = \frac { i \alpha \epsilon _ { \mu \lambda \nu } p _ { \lambda } } { \left( p ^ { 2 } \right) ^ { 3 / 2 } } \, .",4c81fc7a3e.png,400,114,384,64,6.0
"\begin{array} { l } { H \left\vert \begin{array} { c } { E , \left[ n \right] } \\ { \left[ q \right] } \\ \end{array} \right> = E \left\vert \begin{array} { c } { E , \left[ n \right] } \\ { \left[ q \right] } \\ \end{array} \right> , } \\ { { U } _ { k } \left\vert \begin{array} { c } { E , \left[ n \right] } \\ { \left[ q \right] } \\ \end{array} \right> = \left( n _ { k } + p _ { k } ^ { \mathrm { m i n } } \right) \left\vert \begin{array} { c } { E , \left[ n \right] } \\ { \left[ q \right] } \\ \end{array} \right> , \quad k = 1 , \ldots , N - 1 , } \\ \end{array}",636c287df7.png,575,141,480,128,3.75
"\psi _ { m } ^ { \alpha } ( x ^ { i } , t ) = e _ { m } ^ { ( \mu ) } \sigma _ { ( \mu ) } ^ { \alpha \dot { \beta } } \bar { \lambda } _ { \dot { \beta } } ( x ^ { i } ) \bar { \lambda } ( t ) , \qquad \bar { \psi } _ { m } ^ { \dot { \alpha } } ( x ^ { i } , t ) = e _ { m } ^ { ( \mu ) } \sigma _ { ( \mu ) } ^ { \dot { \alpha } \beta } \lambda _ { \beta } ( x ^ { i } ) \lambda ( t ) ,",33fae67777.png,389,140,480,64,7.5
\left( \begin{array} { c } { \{ M _ { A q } ^ { f } \} ^ { Y ^ { 1 } q } } \\ { \{ M _ { A q } ^ { f } \} ^ { Y ^ { 2 } q } } \\ \end{array} \right) = \left( \begin{array} { c c } { 0 } & { i } \\ { - i } & { 0 } \\ \end{array} \right) \left( \begin{array} { c } { \{ M _ { A q } ^ { b } \} ^ { Y ^ { 1 } q } } \\ { \{ M _ { A q } ^ { b } \} ^ { Y ^ { 2 } q } } \\ \end{array} \right) .,609092f49b.png,386,137,384,64,6.0
"\Xi _ { 1 } ( \kappa ) = \operatorname* { l i m } _ { N \to \infty } \mu _ { 1 , N } ^ { 1 1 } ( \kappa ) = \operatorname* { l i m } _ { N \to \infty } \left[ \frac { \operatorname { s i n h } \frac { \pi \kappa } { 2 } } { \operatorname { s i n h } \frac { \pi N \kappa } { 4 } } \, e ^ { \frac { \pi N \kappa } { 4 } } - e ^ { \frac { \pi \kappa } { 2 } } \right] = - e ^ { - \frac { \pi | \kappa | } { 2 } } .",3858e5fa51.png,412,132,480,64,7.5
"\langle \zeta ^ { \prime } | p _ { \mu } | \zeta ^ { \prime \prime } \rangle = - i \hbar \frac { \partial } { \partial \eta ^ { \prime \prime } { } ^ { \mu } } \langle \zeta ^ { \prime } | \zeta ^ { \prime \prime } \rangle + \frac { \partial F ( \zeta ^ { \prime \prime } ) } { \partial \eta ^ { \prime \prime } { } ^ { \mu } } \langle \zeta ^ { \prime } | \zeta ^ { \prime \prime } \rangle \, ,",1abd920bac.png,395,102,384,64,6.0
"\delta _ { \theta } \Phi ^ { \alpha _ { 2 a } } \approx \left\{ \begin{array} { l } { D _ { \; \; \beta _ { L } } ^ { \alpha _ { L } } \theta ^ { \beta _ { L } } , \; \mathrm { f o r } \; L \; \mathrm { e v e n } , } \\ { D _ { \; \; \beta _ { L + 1 } } ^ { \alpha _ { L + 1 } } \theta ^ { \beta _ { L + 1 } } , \; \; \mathrm { f o r } \; L \; \mathrm { o d d } . } \\ \end{array} \right.",5552527dcc.png,388,129,320,64,5.0
"g _ { \mu \nu } = \left( \begin{array} { c c c c } { - N ^ { 2 } } & { } & { 0 } & { } \\ { 0 } & { } & { \frac { 1 } { 8 } e ^ { 2 \alpha } \chi _ { i A B } \chi _ { j } ^ { A B } } & { } \\ \end{array} \right) = \left( \begin{array} { c c c c } { - N ^ { 2 } } & { } & { 0 } & { } \\ { 0 } & { } & { e ^ { 2 \alpha } \chi _ { i } ^ { I } \chi _ { I j } } & { } \\ \end{array} \right) ,",7ef9f03974.png,387,144,480,128,3.75
"\left\{ \begin{array} { c c l } { x } & { = } & { \sqrt { r ^ { 2 } + \alpha ^ { 2 } } \ \operatorname { s i n } { \theta } \operatorname { c o s } { \varphi } \, , } \\ { y } & { = } & { \sqrt { r ^ { 2 } + \alpha ^ { 2 } } \ \operatorname { s i n } { \theta } \operatorname { s i n } { \varphi } \, , } \\ { z } & { = } & { r \operatorname { c o s } { \theta } \, . } \\ \end{array} \right.",2f96e1f9a3.png,392,124,480,128,3.75
"i \frac { \partial } { \partial t } \langle \vec { q } \, ^ { \prime } , t \mid \vec { q } , 0 \rangle = - \frac { 1 } { 2 } \sum _ { \nu = 1 } ^ { 3 } \frac { \partial ^ { 2 } } { \partial q _ { \nu } ^ { 2 } } \langle \vec { q } \, ^ { \prime } , t \mid \vec { q } , 0 \rangle + V ( \vec { q } \, ^ { \prime } ) \langle \vec { q } \, ^ { \prime } , t \mid \vec { q } , 0 \rangle",6f812e6f00.png,380,122,480,64,7.5
"d V - V \wedge V = 0 \, , \, \, \, \, \Rightarrow \, \, \left\{ \begin{array} { l c l } { d e ^ { a } - \vartheta ^ { i } \wedge e ^ { b } f _ { i b } { } ^ { a } } & { = } & { 0 \, , } \\ { d \vartheta ^ { i } - \frac { 1 } { 2 } \vartheta ^ { j } \wedge \vartheta ^ { k } f _ { j k } { } ^ { i } - \frac { 1 } { 2 } e ^ { a } \wedge e ^ { b } f _ { a b } { } ^ { i } } & { = } & { 0 \, . } \\ \end{array} \right.",42d896559d.png,414,150,480,128,3.75
g _ { - } = \left( \begin{array} { c c } { 1 } & { 0 } \\ { \frac { x _ { - } } { \sqrt { 2 } } } & { 1 } \\ \end{array} \right) \; \; \; \; \; \; g _ { 0 } = \left( \begin{array} { c c } { e ^ { \frac { x } { 2 } } } & { 0 } \\ { 0 } & { e ^ { - \frac { x } { 2 } } } \\ \end{array} \right) \; \; \; \; \; \; g _ { + } = \left( \begin{array} { c c } { 1 } & { \frac { x _ { + } } { \sqrt { 2 } } } \\ { 0 } & { 1 } \\ \end{array} \right) .,39834d850c.png,440,150,480,64,7.5
"T ( \vec { k ^ { \prime } } , n ^ { \prime } ; \vec { k } , n ) = \frac { - 1 } { 8 \pi ^ { 2 } } \int d \vec { x ^ { \prime } } \int _ { o } ^ { 2 \pi } d \phi ^ { \prime } e ^ { - i \vec { k ^ { \prime } } . \vec { x ^ { \prime } } } e ^ { - i n ^ { \prime } \phi ^ { \prime } } V ( x ^ { \prime } , \phi ^ { \prime } ) \Psi _ { \vec { k } , \vec { n } } ( x ^ { \prime } , \phi ^ { \prime } ) ,",4b36c6fb36.png,397,144,480,64,7.5
"\Gamma _ { c } = \left( \begin{array} { c c c } { \displaystyle { \gamma _ { c b } ^ { a } } } & { \displaystyle { { \frac { 1 } { 2 } T _ { g } ^ { a } { _ c } } } } \\ { \displaystyle { - \frac { { \dot { g } } _ { a c } } { \operatorname { s i n } ^ { 2 } \theta } } } & { \displaystyle { \mathrm { c o t } \theta \partial _ { c } \theta } } \\ \end{array} \right) _ { a , b , c , = 1 \cdots M }",3f61c8a95d.png,398,125,480,128,3.75
"\operatorname* { l i m } _ { \theta \to 1 } \Bigl ( \Omega , S _ { \theta ( { \cal L } _ { 0 } + \epsilon { \cal L } _ { 1 } ) } ( \lambda f ) \Omega \Bigr ) = \operatorname* { l i m } _ { \theta \to 1 } \frac { \Bigl ( \Omega , S _ { \theta { \cal L } _ { 0 } } ( \theta \epsilon { \cal L } _ { 1 } + \lambda f ) \Omega \Bigr ) } { \Bigl ( \Omega , S _ { \theta { \cal L } _ { 0 } } ( \theta \epsilon { \cal L } _ { 1 } ) \Omega \Bigr ) }",3dd0516997.png,439,133,480,64,7.5
"D ( \vec { V } , \vec { \sigma } ) = \left( \begin{array} { c c } { \gamma } & { 0 } \\ { \hline \displaystyle - \frac { \vec { V } } { c } \gamma ^ { - 1 } } & { I + \displaystyle \frac { \vec { V } \otimes \vec { V } ^ { \mathrm { T } } } { c ^ { 2 } \gamma \left[ \gamma + \sqrt { \gamma ^ { 2 } + \displaystyle \frac { \vec { V } } { c } ^ { 2 } } \right] } - \frac { \vec { V } \otimes \vec { \sigma } ^ { \mathrm { T } } } { c ^ { 2 } \gamma \gamma _ { 0 } } } \\ \end{array} \right) .",43a6715eed.png,491,146,480,128,3.75
"{ \Gamma ^ { 0 } } _ { a } = \left\{ \left( \begin{array} { l l } { \sigma _ { 3 } } & { 0 } \\ { 0 } & { \sigma _ { 3 } } \\ \end{array} \right) , \quad \left( \begin{array} { l l } { \sigma _ { 2 } } & { 0 } \\ { 0 } & { - \sigma _ { 2 } } \\ \end{array} \right) , \quad \left( \begin{array} { l l } { 0 } & { \sigma _ { 2 } } \\ { \sigma _ { 2 } } & { 0 } \\ \end{array} \right) \right\} .",3fb55ff98b.png,392,116,384,64,6.0
"( i \frac { \partial } { \partial t } - \omega _ { { \bf { k } } } ( { \bf { q } } ) ) \frac { - i \langle T a _ { { \bf { k } } } ^ { t } ( { \bf { q } } ) a _ { { \bf { k } } ^ { ' } } ^ { \dagger } ( { \bf { q } } ^ { ' } ) \rangle } { \langle T 1 \rangle } = \delta _ { { \bf { k } } , { \bf { k } } ^ { ' } } \delta _ { { \bf { q } } , { \bf { q } } ^ { ' } } \delta ( t )",74b121d776.png,377,143,384,64,6.0
"\Omega _ { 1 } = \left( \begin{array} { c c } { I _ { d } } & { \gamma } \\ { 0 } & { I _ { d } } \\ \end{array} \right) \quad \Omega _ { 2 } = \left( \begin{array} { c c } { I _ { d } } & { 0 } \\ { \alpha } & { I _ { d } } \\ \end{array} \right) \quad \Omega _ { 3 } = \left( \begin{array} { c c } { { A ^ { - 1 } } ^ { T } } & { 0 } \\ { 0 } & { A } \\ \end{array} \right) ,",6cae2ef54c.png,377,120,480,64,7.5
"\lambda ( { \mathrm { \boldmath ~ \rho ~ } } , { \mathrm { \boldmath ~ \dot { \rho } ~ } } ) = ( { \mathrm { \boldmath ~ \rho ~ } } { \mathrm { \boldmath ~ \dot { \rho } ~ } } ) \left( \frac { \mu { \mathrm { \boldmath ~ \dot { \rho } ~ } } ^ { 2 } } { 8 } \left( 1 - \frac { 3 \mu } { m } \right) + \frac { 1 } { 4 } \left( 1 - \frac { \mu } { m } - 4 B \right) U ( \rho ) \right) \, ,",22634bd41e.png,386,114,480,64,7.5
"{ \bar { \theta } } ^ { \dot { 2 } } = Y ( x ) { \bar { \theta } } ^ { \dot { 1 } } , \quad { \bar { \theta } } ^ { \dot { \alpha } } = { \bar { \theta } } ^ { \dot { 1 } } { \bar { \psi } } ^ { \dot { \alpha } } , \quad { \bar { \zeta } } ^ { \dot { 2 } } = Y ( x ) { \bar { \zeta } } ^ { \dot { 1 } } , \quad { \bar { \zeta } } ^ { \dot { \alpha } } = { \bar { \zeta } } ^ { \dot { 1 } } { \bar { \psi } } ^ { \dot { \alpha } } .",915cdd1776.png,431,149,480,32,15.0
"\Delta ( \begin{array} { l } { A } \\ \end{array} { i } { j } ) = \begin{array} { l } { A } \\ \end{array} { i } { k } \otimes \begin{array} { l } { A } \\ \end{array} { k } { j } , \, \epsilon ( \begin{array} { l } { A } \\ \end{array} { i } { j } ) = \delta _ { j } ^ { i } , \, S ( \begin{array} { l } { A } \\ \end{array} { i } { j } ) = \begin{array} { l } { ( A ^ { - 1 } ) } \\ \end{array} { i } { j } .",5981d099a9.png,410,124,480,32,15.0
"F _ { s } \left( \begin{array} { l } { { \bf a } _ { 1 } { \bf a } _ { + } } \\ { { \bf a } _ { 3 } { \bf a } _ { 4 } } \\ \end{array} \right) ( z , \bar { z } ) = z ^ { - 2 \Delta _ { + } } \sum _ { p = 0 , \pm 1 } M _ { p s } F _ { p } \left( \begin{array} { l } { { \bf a } _ { 4 } { \bf a } _ { + } } \\ { { \bf a } _ { 3 } { \bf a } _ { 1 } } \\ \end{array} \right) ( 1 / z , 1 / \bar { z } ) ~ ,",371333dbd1.png,401,150,480,64,7.5
"R _ { \mu \nu } = \frac { \partial ^ { 2 } \operatorname { l n } \sqrt { - g } } { \partial x ^ { \mu } \partial x ^ { \nu } } - \frac { \partial \Gamma _ { \mu \nu } ^ { \sigma } } { \partial x ^ { \sigma } } + \Gamma _ { \mu \sigma } ^ { \lambda } \Gamma _ { \nu \lambda } ^ { \sigma } - \Gamma _ { \mu \nu } ^ { \sigma } \frac { \partial \operatorname { l n } \sqrt { - g } } { \partial x ^ { \sigma } } ,",7af33febef.png,408,117,384,64,6.0
"\Phi _ { \Xi } ( \zeta , \zeta ^ { * } ) = \left\langle \operatorname { e x p } ( \zeta + \zeta ^ { * } ) \mid \operatorname { e x p } ( \varsigma + \tau ^ { * } ) \right\rangle e ^ { - \left\langle \tau ^ { * } \mid \varsigma \right\rangle } = e ^ { \left\langle \zeta \mid \tau ^ { * } \right\rangle + \left\langle \zeta ^ { * } \mid \varsigma \right\rangle - \left\langle \tau ^ { * } \mid \varsigma \right\rangle }",32043eccf2.png,418,96,480,32,15.0
"\psi ( \alpha , \beta , \beta ^ { \prime } , s , s ^ { \prime } ) = \frac { \varphi _ { ( \alpha + \beta + \beta ^ { \prime } , s + s ^ { \prime } ) } \varphi _ { ( \alpha + \beta - \beta ^ { \prime } , s - s ^ { \prime } ) } } { \varphi _ { ( - \alpha + \beta + \beta ^ { \prime } , - s + s ^ { \prime } ) } \varphi _ { ( \alpha - \beta + \beta ^ { \prime } , - s - s ^ { \prime } ) } } .",1b4ae65bd2.png,389,122,384,64,6.0
\Lambda _ { \pm } ( q _ { 0 } ) = \Lambda ( q _ { 0 } ) \pm \frac { 2 \kappa \bigg ( \frac { 2 } { \pi } \bigg ) ^ { \frac { 1 } { 2 } } } { [ \frac { 1 } { 2 } ( q _ { 0 } - 1 ) ] ! } \bigg ( \frac { 1 + k } { 1 - k } \bigg ) ^ { - \frac { \kappa } { k } } \bigg ( \frac { 8 \kappa } { 1 - k ^ { 2 } } \bigg ) ^ { \frac { 1 } { 2 } q _ { 0 } } \bigg [ 1 + O \bigg ( \frac { 1 } { \kappa } \bigg ) \bigg ],4a2b5d9e97.png,405,146,480,128,3.75
"{ \bar { G } } ^ { ( \zeta ) } ( \beta ) = { \frac { ( \beta + i \pi ) \operatorname { s i n h } \left( { \frac { \displaystyle \pi \beta } { \displaystyle 2 \pi + \zeta } } \right) } { \Gamma \left( 1 - { \frac { \displaystyle \pi - i \beta } { \displaystyle 2 \pi + \zeta } } \right) \Gamma \left( 1 - { \frac { \displaystyle \pi + i \beta } { \displaystyle 2 \pi + \zeta } } \right) } } \ ,",2c46acc0cf.png,393,99,384,96,4.0
B _ { \mu \nu } ( t ) = \sum _ { \rho = 0 } ^ { N } \frac { \eta _ { \mu \rho } \eta _ { \nu \rho } } { \sqrt { 8 \omega _ { \mu } } } \left[ \left( 1 + \frac { \omega _ { \mu } } { \Omega _ { \rho } } \right) \mathrm { e } ^ { i \Omega _ { \rho } t } + \left( 1 - \frac { \omega _ { \mu } } { \Omega _ { \rho } } \right) \mathrm { e } ^ { - i \Omega _ { \rho } t } \right] \; .,42234a4e51.png,378,119,480,64,7.5
\begin{array} { c } { a ^ { A * } = a ^ { A } ~ ~ ~ ~ b ^ { A * } = b ^ { A } ~ ~ ~ ~ \omega _ { A B } { } ^ { * } = \omega _ { A B } ~ ~ ~ ~ \lambda ^ { * } = \lambda ~ ~ ~ ~ T ^ { \dagger } = - T } \\ { { } } \\ { \bar { \rho } _ { i } = \rho ^ { i \dagger } \gamma ^ { 0 } ~ ~ ~ ~ ~ ~ ~ \bar { \varepsilon } _ { i } = \varepsilon ^ { i \dagger } \tilde { \gamma } ^ { 0 } } \\ \end{array},5a1fb623fd.png,391,140,480,128,3.75
\Gamma _ { S } = - i \operatorname { l n } \left[ { \frac { \operatorname* { d e t } ( - ( D \! \! \! \! \slash ) ^ { 2 } ) } { \operatorname* { d e t } ( - ( \partial \! \! \! \slash ) ^ { 2 } ) } } \right] ^ { - 1 } = 2 i \operatorname { l n } \left[ { \frac { \operatorname* { d e t } ( i D \! \! \! \! \slash ) } { \operatorname* { d e t } ( i \partial \! \! \! \slash ) } } \right],633a4bfc2d.png,386,114,384,64,6.0
"H _ { \hat { \mu } \hat { \nu } \hat { \rho } } = { \frac { 1 } { 6 \sqrt { - G } } } G _ { \hat { \mu } \hat { \mu } ^ { \prime } } G _ { \hat { \nu } \hat { \nu } ^ { \prime } } G _ { \hat { \rho } \hat { \rho } ^ { \prime } } \epsilon ^ { \hat { \mu } ^ { \prime } \hat { \nu } ^ { \prime } \hat { \rho } ^ { \prime } \hat { \lambda } \hat { \sigma } \hat { \eta } } H _ { \hat { \lambda } \hat { \sigma } \hat { \eta } } ,",2d4ce05586.png,426,136,320,64,5.0
\begin{array} { l } { T _ { 0 } | \Omega \rangle = \frac { 1 } { 2 ( k + \check { g } ) } S _ { a 0 } ^ { a } | \Omega \rangle = \frac { p } { 2 ( k + \check { g } ) } | \Omega \rangle } \\ { \ } \\ { J _ { 0 } | \Omega \rangle = \frac { 1 } { ( k + \check { g } ) } S _ { a 0 } ^ { a } | \Omega \rangle = \frac { p } { ( k + \check { g } ) } | \Omega \rangle } \\ \end{array},4ab8887953.png,376,125,384,96,4.0
"\begin{array} { c } { \zeta _ { \nu } ( s ) = \displaystyle { - \frac { 1 } { \pi } } \, \Re \left\{ x ^ { 1 - s } \, e ^ { \displaystyle { - \imath \frac { \pi } { 2 } s } } \displaystyle { \int _ { 0 } ^ { \infty } } ( y - \imath ) ^ { - s } \, \displaystyle { \frac { { \Delta _ { \nu } ^ { T E } } ^ { \prime } \left( \imath x ( y - \imath ) \right) } { \Delta _ { \nu } ^ { T E } \left( \imath x ( y - \imath ) \right) } } \ d y \right\} , } \\ \end{array}",18581cf582.png,461,136,480,64,7.5
"ule { 0.9 cm } { 0 cm } \frac { \delta } { \delta \phi _ { A } ^ { * } } + \frac { i } { \hbar } \frac { \delta \Gamma } { \delta \phi _ { A } ^ { * } } - ( - 1 ) ^ { \varepsilon _ { i } ( \varepsilon _ { A } + 1 ) } ( \Gamma ^ { ' ^ { \prime } - 1 } ) ^ { i j } \bigg ( \frac { \delta _ { l } } { \delta \varphi ^ { j } } \frac { \delta \Gamma } { \delta \phi _ { A } ^ { * } } \bigg ) \frac { \delta _ { l } } { \delta \varphi ^ { i } } \bigg ) ,",64abe3a504.png,448,146,384,64,6.0
I _ { A B } ( \hat { { \cal X } } _ { 1 2 } ) = \textstyle { \frac { 1 } { 4 } } \mathrm { t r } ( \gamma _ { A } \hat { { \cal X } } _ { 1 2 } \gamma _ { B } \hat { { \cal X } } _ { 2 1 } ) = \textstyle { \frac { 1 } { 4 } } \mathrm { t r } ( \tilde { \gamma } _ { A } \hat { { \cal X } } _ { 2 1 } ^ { - 1 } \tilde { \gamma } _ { B } \hat { { \cal X } } _ { 1 2 } ^ { - 1 } ),7a3a5b4e43.png,377,140,384,32,12.0
"\hat { A } _ { n m } ( \omega ) = { \frac { 2 \operatorname { c o t h } ( { \frac { \omega } { 2 } } ) \operatorname { s i n h } \Bigl ( ( \nu - \operatorname* { m a x } ( n , m ) ) { \frac { \omega } { 2 } } \Bigr ) \operatorname { s i n h } \Bigl ( ( \operatorname* { m i n } ( n , m ) ) { \frac { \omega } { 2 } } \Bigr ) } { \operatorname { s i n h } ( { \frac { \nu \omega } { 2 } } ) } }",7ef93dccec.png,393,126,480,64,7.5
\begin{array} { c c } { \displaystyle { \langle \phi ^ { \alpha } ( z _ { 1 } ) \phi ^ { \beta } ( z _ { 2 } ) \rangle = C _ { \phi } \frac { I ^ { \alpha \beta } ( \hat { { \cal X } } _ { 1 2 } ) } { ( \operatorname* { d e t } { \cal X } _ { 1 2 } ) ^ { \frac { 1 } { 2 } \eta } } } ~ ~ ~ ~ } & { ~ ~ ~ ~ I ^ { \alpha \beta } ( \hat { { \cal X } } _ { 1 2 } ) = \hat { { \cal X } } _ { 1 2 } ^ { \alpha \beta } } \\ \end{array},742f140dc5.png,428,146,480,64,7.5
"\frac { \partial V } { \partial \Lambda } = \frac { 1 } { \Lambda ^ { 2 } } \frac { \partial V } { \partial \psi _ { \alpha a } ^ { \phantom { a } } } C ^ { \prime } ( 0 ) \frac { \partial V } { \partial \bar { \psi } _ { a } ^ { \alpha } } - \tau \Lambda ^ { D - 2 } \frac { \partial ^ { 2 } V } { \partial \psi _ { \alpha a } ^ { \phantom { a } } \partial \bar { \psi } _ { a } ^ { \alpha } } ,",6e734e94c3.png,396,118,320,64,5.0
"\hat { h } _ { \mathrm { r e d } } = \sum _ { \vec { b } } \left\{ - \frac { g ^ { 2 } L M } { 4 \sqrt 2 } \frac { 1 } { J } \frac { \delta } { \delta \varphi _ { \vec { b } } } J \frac { \delta } { \delta \varphi _ { \vec { b } } } + \left( \frac { 4 \sqrt 2 } { g ^ { 2 } L M } \right) \sum _ { \vec { \varepsilon } } ( \varphi _ { \vec { b } } - \varphi _ { \vec { b } + \vec { \varepsilon } } ) ^ { 2 } \right\} \, .",5ed11985e2.png,420,134,480,64,7.5
"K = { \o \mathrm { i } { 2 \pi } } \, \partial \, { \bar { \partial } } \, \mathrm { l g } \, \left( \mathrm { i } \langle \Omega \vert { \bar { \Omega } } \rangle \right) \, \equiv \, { \o \mathrm { i } { 2 \pi } } \, \partial \, { \bar { \partial } } \, \mathrm { l g } \, \left( \mathrm { i } \Omega ^ { T } \, \left( \begin{array} { l l } { { \bf 0 } } & { { \bf 1 } } \\ { - { \bf 1 } } & { { \bf 0 } } \\ \end{array} \right) { \bar { \Omega } } \right)",3c77ab1554.png,458,130,480,64,7.5
"{ \cal H } ^ { ( 0 ) } = - \frac { 2 \kappa } { \sqrt { - \gamma } } \frac { \delta I ^ { ( 0 ) } } { \delta \gamma _ { \mu \nu } } \frac { \delta I ^ { ( 0 ) } } { \delta \gamma _ { \lambda \rho } } \left( \gamma _ { \mu \rho } \gamma _ { \nu \lambda } - \frac { 1 } { d - 1 } \gamma _ { \mu \nu } \gamma _ { \lambda \rho } \right) + \frac { \sqrt { - \gamma } } { \kappa } \Lambda = 0 ,",6baa6e6ee3.png,388,116,480,64,7.5
\frac { \partial } { \partial q _ { t A } } = \frac { \partial r } { \partial q _ { t A } } \frac { \partial } { \partial r } + \frac { \partial e _ { B } } { \partial q _ { t A } } \frac { \partial } { \partial e _ { B } } + \frac { \partial E _ { s } } { \partial q _ { t A } } \frac { \partial } { \partial E _ { s } } + \frac { \partial y _ { s B } } { \partial q _ { t A } } \frac { \partial } { \partial y _ { s B } } \; .,137c0a8d82.png,428,133,480,64,7.5
"{ \frac { J } { M ^ { 2 } } } = { \frac { 4 a \operatorname { s i n h } ^ { 3 } \alpha } { M _ { K } \operatorname { c o s h } ^ { 6 } \alpha } } \quad , \quad { \frac { P } { M } } = { \frac { 2 } { \operatorname { c o s h } ^ { 3 } \alpha } } \quad , \quad { \frac { Q } { M } } = { \frac { 2 \operatorname { s i n h } ^ { 3 } \alpha } { \operatorname { c o s h } ^ { 3 } \alpha } } .",245ba28ea4.png,386,131,480,64,7.5
"\left( \hat { \epsilon } _ { \hat { \mu } } { } ^ { \hat { a } } \right) = \left( \begin{array} { c c } { e _ { \mu } { } ^ { a } } & { k ^ { - 1 } B _ { \mu } } \\ { 0 } & { k ^ { - 1 } } \\ \end{array} \right) \, , \hspace { 1 c m } \left( \hat { \epsilon } _ { \hat { a } } { } ^ { \hat { \mu } } \right) = \left( \begin{array} { c c } { e _ { a } { } ^ { \mu } } & { - B _ { a } } \\ { 0 } & { k } \\ \end{array} \right) \, .",653213d08a.png,429,144,480,128,3.75
"\int _ { 0 } ^ { \infty } d s \, s ^ { \nu } \operatorname { s i n } ( a s - \frac { \pi } { 4 } ) = \frac { \Gamma ( \nu + 1 ) } { | a | ^ { \nu + 1 } } \left\{ \begin{array} { r l } { \operatorname { s i n } \frac { \pi } { 2 } ( \nu + \frac { 1 } { 2 } ) } & { \ \mathrm { i f } \ a > 0 \ , } \\ { - \operatorname { s i n } \frac { \pi } { 2 } ( \nu + \frac { 3 } { 2 } ) } & { \ \mathrm { i f } \ a < 0 \ . } \\ \end{array} \right.",2153d9c890.png,435,149,480,64,7.5
"S _ { - } ( \eta ) = \left( \begin{array} { l l l l } { \operatorname { c o s h } \eta } & { \operatorname { s i n h } \eta } & { 0 } & { 0 } \\ { \operatorname { s i n h } \eta } & { \operatorname { c o s h } \eta } & { 0 } & { 0 } \\ { 0 } & { 0 } & { \operatorname { c o s h } \eta } & { - \operatorname { s i n h } \eta } \\ { 0 } & { 0 } & { - \operatorname { s i n h } \eta } & { \operatorname { c o s h } \eta } \\ \end{array} \right) ,",15c279f8a8.png,443,142,384,96,4.0
\langle J ^ { \mu A B } \rangle _ { b a r e } = \operatorname* { l i m } _ { x \rightarrow y } T r \left\{ \gamma ^ { \mu } ( x ) { \frac { i } { 2 } \sigma ^ { A B } } P _ { L } \left[ \frac { 1 } { i { { \cal D } \kern - 0 . 1 5 e m \raise 0 . 1 7 e x \llap { / } \kern 0 . 1 5 e m \relax } } \frac { 1 } { 2 } \left( 1 - \sigma ^ { 3 } \right) \right] \delta ( x - y ) \right\},25f7dab4bd.png,380,125,480,64,7.5
"\delta x _ { R } ^ { ( 0 - 2 ) } ( \sigma _ { c } , \tau ) = \left\{ \begin{array} { c l } { a _ { \omega } ^ { R } e ^ { - i \omega ( \tau - \sigma _ { c } ) } + b _ { \omega } ^ { R } e ^ { - i \omega ( \tau + \sigma _ { c } ) } } & { \mathrm { f o r ~ \sigma _ c \rightarrow - \infty ~ } } \\ { c _ { \omega } ^ { R } e ^ { - i \omega ( \tau - \sigma _ { c } ) } } & { \mathrm { f o r ~ \sigma _ c \rightarrow + \infty ~ } } \\ \end{array} \right.",5a709318ef.png,450,148,480,64,7.5
"\left[ \begin{array} { c c } { 1 } & { 0 } \\ { 0 } & { 1 } \\ \end{array} \right] , \hspace { 2 m m } \left[ \begin{array} { c c } { 0 } & { 1 } \\ { 1 } & { 0 } \\ \end{array} \right] , \hspace { 2 m m } \left[ \begin{array} { c c } { 0 } & { i } \\ { - i } & { 0 } \\ \end{array} \right] , \hspace { 2 m m } \left[ \begin{array} { c c } { 1 } & { 0 } \\ { 0 } & { - 1 } \\ \end{array} \right] .",34621c4791.png,397,120,384,64,6.0
\left. \left< \left< F _ { \mu _ { 1 } \nu _ { 1 } } ( x _ { 1 } ) \cdots F _ { \mu _ { n } \nu _ { n } } ( x _ { n } ) \right> \right> = ( i g ) ^ { - n } \frac { \delta ^ { n } \operatorname { l n } { \cal Z } \left[ J _ { \mu \nu } \right] } { \delta J _ { \mu _ { 1 } \nu _ { 1 } } ( x _ { 1 } ) \cdots \delta J _ { \mu _ { n } \nu _ { n } } ( x _ { n } ) } \right| _ { J = 0 } .,552600b676.png,383,138,480,64,7.5
"A ( \hat { x } ) = \left\{ \begin{array} { l l } { - { e V _ { 0 } / \hat { a } m \omega ^ { 2 } R ^ { 2 } } , } & { \mathrm { f o r ~ \hat { ~ } x \in ( - \hat { ~ } a , 0 ) ~ } , } \\ { { e V _ { 0 } / \hat { b } m \omega ^ { 2 } R ^ { 2 } } , } & { \mathrm { f o r ~ \hat { ~ } x \in ( 0 , \hat { ~ } b ) ~ } , } \\ { 0 , } & { \mathrm { o t h e r w i s e } . } \\ \end{array} \right.",225efee2a4.png,387,149,384,96,4.0
"\varepsilon ^ { \alpha \beta } \frac { \partial } { \partial \theta ^ { \alpha } } = - \frac { \partial } { \partial \theta _ { \alpha } } \, , \hspace { 1 c m } \varepsilon ^ { \alpha \beta } \frac { \partial } { \partial \theta ^ { \alpha } } \frac { \partial } { \partial \theta ^ { \beta } } \theta \theta = \varepsilon ^ { { \dot { \alpha } } { \dot { \beta } } } \frac { \partial } { \partial { \overline { \theta } } ^ { \dot { \alpha } } } \frac { \partial } { \partial { \overline { \theta } } ^ { \dot { \beta } } } { \overline { \theta } } { \overline { \theta } } = 4 \, .",f9138ad36e.png,584,145,480,64,7.5
{ \cal L } = \frac { 1 } { 2 } \left\{ \partial _ { m } \phi _ { i } \partial ^ { m } \phi _ { i } + \imath \bar { \psi } _ { i } \gamma ^ { m } \partial _ { m } \psi _ { i } - \frac { \partial { \cal W } } { \partial \phi _ { i } } \frac { \partial { \cal W } } { \partial \phi _ { i } } - \frac { \partial ^ { 2 } { \cal W } } { \partial \phi _ { i } \partial \phi _ { j } } \bar { \psi } _ { i } \psi _ { j } \right\} .,4af55a135b.png,422,133,480,64,7.5
"\mathbf { E } ^ { \prime } ( \mathbf { x } ) = \frac { 1 } { 4 \pi } \int \rho _ { e } ^ { \prime } ( \mathbf { x } ^ { \prime } ) \frac { \mathbf { r } } { r ^ { 3 } } \, d ^ { 3 } x ^ { \prime } \, - \frac { 1 } { 4 \pi } \int \mathbf { J } _ { m } ^ { \prime } ( \mathbf { x } ^ { \prime } ) \, { \bf \times } \, \frac { \mathbf { r } } { r ^ { 3 } } \, d ^ { 3 } x ^ { \prime } ,",1208290a94.png,383,133,384,64,6.0
\operatorname { e x p } [ \pm \sum _ { n = 1 } ^ { \infty } \sum _ { j = 1 } ^ { M } { \frac { \alpha _ { - n } } { \sqrt { \beta } } } { \frac { ( y _ { j } ) ^ { n } } { n } } ] = \sum _ { \{ \lambda \} } ( - 1 ) ^ { | \lambda | } J _ { \{ \lambda ^ { \prime } \} } ^ { ( 1 / \beta ) } ( y _ { j } ) J _ { \{ \lambda \} } ^ { ( \beta ) } ( \{ \mp { \frac { \alpha _ { - n } } { \sqrt { \beta } } } \} ) .,2904b616b8.png,406,147,480,64,7.5
"\frac { p _ { r } ^ { 2 } } { g _ { r r } } + \frac { p _ { \theta } ^ { 2 } } { g _ { \theta \theta } } - \frac { { g ^ { \prime } } _ { t t } } { - \cal D } \left( p _ { \phi } + \frac { g _ { t \phi } + \Omega _ { 0 } g _ { \phi \phi } } { { g ^ { \prime } } _ { t t } } E \right) ^ { 2 } = - \left( \frac { E ^ { 2 } } { { g ^ { \prime } } _ { t t } } + \mu ^ { 2 } \right) ,",783a8e5ff6.png,379,143,480,64,7.5
\delta { \tilde { e } } _ { \mu } ^ { \ \underline { \nu } } = - \bar { \tilde { \epsilon } } _ { + i } \tilde { \Gamma } ^ { \underline { \nu } } \tilde { \psi } _ { \mu + } ^ { i } - 2 \kappa ^ { D - 2 } W \bar { \tilde { \epsilon } } _ { + i } \tilde { \Gamma } ^ { \underline { { \nu \lambda } } } \tilde { \eta } _ { - } ^ { i } \tilde { e } _ { \mu \underline { \lambda } } + c . c . \ .,5a65fa227a.png,393,124,384,32,12.0
"I _ { \psi , { \widetilde \psi } } \equiv { \frac { 1 } { 2 } } \int _ { M } \epsilon ^ { \mu \nu \rho \sigma } \left[ { \widetilde \psi } _ { \; \; \; \mu } ^ { A ^ { \prime } } \; e _ { A A ^ { \prime } \nu } \; D _ { \rho } \; \psi _ { \; \; \sigma } ^ { A } - \psi _ { \; \; \mu } ^ { A } \; e _ { A A ^ { \prime } \nu } \; D _ { \rho } \; { \widetilde \psi } _ { \; \; \; \sigma } ^ { A ^ { \prime } } \right] d ^ { 4 } x \; ,",6d6da28876.png,431,142,480,64,7.5
"{ \bar { { \cal G } } } _ { ( \mathrm { I } ) } ^ { \left( \rho \right) a } \Gamma ^ { \left( \rho \right) } = \Delta _ { \mathrm { c l } ( \mathrm { I } ) } ^ { \left( \rho \right) a } + O \left( \rho ^ { 2 } \right) \, \, , \; \; \; { \bar { { \cal G } } } _ { ( \mathrm { I I } ) } ^ { \left( \rho \right) a } \Gamma ^ { \left( \rho \right) } = \Delta _ { \mathrm { c l } ( \mathrm { I I } ) } ^ { \left( \rho \right) a } + O \left( \rho ^ { 2 } \right) \, \, ,",62d1edb460.png,464,139,480,64,7.5
"\left( f _ { \omega } ^ { R * } \, \tilde { \beta } _ { \omega ^ { \prime \prime } \omega } ^ { R * } + f _ { \omega } ^ { R } \, \tilde { \alpha } _ { \omega ^ { \prime \prime } \omega } ^ { R } \right) \left( \tilde { \beta } _ { \omega ^ { \prime \prime } \omega ^ { \prime } } ^ { R } \, f _ { \omega ^ { \prime } } ^ { R } + \tilde { \alpha } _ { \omega ^ { \prime \prime } \omega ^ { \prime } } ^ { R * } \, f _ { \omega ^ { \prime } } ^ { R * } \right) \, ,",7c7181082e.png,464,140,384,64,6.0
"{ \cal L } = \left\{ \begin{array} { l l } { \eta \dot { A } _ { \alpha } \sigma _ { 3 } ^ { \alpha \beta } \partial A _ { \beta } - \partial A _ { \alpha } \cdot \partial A _ { \alpha } , } & { i f D = 4 k + 2 } \\ { \eta \dot { A } _ { \alpha } \epsilon ^ { \alpha \beta } \partial A _ { \beta } - \partial A _ { \alpha } \cdot \partial A _ { \alpha } , } & { i f D = 4 k } \\ \end{array} \right.",600dba1333.png,398,115,384,64,6.0
"S = \int d ^ { 2 } x \left[ { \frac 1 2 } { \partial } _ { \mu } { \phi } { \partial } ^ { \mu } { \phi } + { \frac 1 2 } { \lambda } _ { { \mu } { \nu } } \left( { \partial } ^ { \mu } { \phi } - { \epsilon } ^ { { \mu } { \sigma } } { \partial } _ { \sigma } { \phi } \right) \left( { \partial } ^ { \nu } { \phi } - { \epsilon } ^ { { \nu } { \rho } } { \partial } _ { \rho } { \phi } \right) \right] ,",30ac5dea77.png,405,125,480,64,7.5
"\left[ \begin{array} { c c } { 0 } & { - \left( { \frac { 2 \pi n } { m _ { l } - m _ { r } } } \right) ^ { 2 } b _ { i } } \\ { b _ { i } } & { 0 } \\ \end{array} \right] , \; \; \; \; \; \left[ \begin{array} { c c } { 0 } & { - \left( { \frac { 2 \pi n } { m _ { l } - m _ { r } } } \right) ^ { 2 } b _ { i } ^ { * } } \\ { b _ { i } ^ { * } } & { 0 } \\ \end{array} \right]",27643cbfa0.png,376,134,384,64,6.0
"\begin{array} { r l } { \displaystyle \Delta ^ { + } = } & { 1 + \displaystyle \frac { 1 } { 4 } \displaystyle \frac { ( \gamma / \pi ) ^ { 2 } } { 1 - \gamma / \pi } = \displaystyle \frac { 1 } { 2 } \left( \displaystyle \frac { 1 } { 2 R } + R \right) ^ { 2 } \, , } \\ { \Delta ^ { - } = } & { \displaystyle \frac { 1 } { 4 } \displaystyle \frac { ( \gamma / \pi ) ^ { 2 } } { 1 - \gamma / \pi } = \displaystyle \frac { 1 } { 2 } \left( \displaystyle \frac { 1 } { 2 R } - R \right) ^ { 2 } \, . } \\ \end{array}",5ee03fdf04.png,515,145,384,96,4.0
"P \psi = P \left( \begin{array} { c } { \psi _ { 0 } } \\ { \psi _ { 1 } } \\ { \psi _ { 2 } } \\ { \psi _ { 3 } } \\ { \psi _ { 4 } } \\ \end{array} \right) = \left( \begin{array} { c } { 0 } \\ { 0 } \\ { 0 } \\ { 0 } \\ { \psi _ { 4 } } \\ \end{array} \right) ; \ P _ { \mu } \psi = \left( \begin{array} { c } { 0 } \\ { 0 } \\ { 0 } \\ { 0 } \\ { \psi _ { \mu } } \\ \end{array} \right) \ \left( \mu = 0 , . . . , 3 \right) .",58fae482a9.png,429,136,480,128,3.75
"\Psi _ { N \times N } \ni \left( \begin{array} { l l } { . \qquad . \qquad . } & { . } \\ { . \qquad . \qquad . } & { . } \\ { . \quad \, \, \, \, \, \Psi \quad \, \, \, . } & { | \theta \rangle } \\ { . \qquad . \qquad . } & { . } \\ { . \qquad . \qquad . } & { . } \\ { . \quad \, \, \, \langle \theta | \, \, \, \quad . } & { \psi } \\ \end{array} \right) _ { ( N + 1 ) \times ( N + 1 ) } .",2fb3561c02.png,393,121,480,128,3.75
"\left\{ \begin{array} { l } { \overline { { R } } \, u ^ { \prime } \, R \, u = u \, R \, u ^ { \prime } \, R \, , } \\ { \overline { { R } } \, d u ^ { \prime } \, R \, u = u \, R \, d u ^ { \prime } \, R \, , } \\ { \overline { { R } } \, u ^ { \prime } \, R \, d u = d u \, R \, u ^ { \prime } \, R \, , } \\ { \overline { { R } } \, d u ^ { \prime } \, R \, d u = - d u \, R \, d u ^ { \prime } \, R \, . } \\ \end{array} \right.",5bf32cceef.png,433,148,384,96,4.0
\left( \begin{array} { c } { u _ { n } ^ { 1 } ( y ) } \\ { u _ { n } ^ { 2 } ( y ) } \\ \end{array} \right) \propto \left( \begin{array} { c } { \operatorname { c o s } \left( \mu _ { n } y \right) + \frac { m _ { - } } { \mu _ { n } } \operatorname { s i n } \left( \mu _ { n } y \right) } \\ { \frac { M _ { n } - m _ { + } } { \mu _ { n } } \operatorname { s i n } \left( \mu _ { n } y \right) } \\ \end{array} \right),5cc90cd04d.png,422,130,320,64,5.0
"\hat { T } = \sum _ { \{ \Delta _ { 0 } S _ { \gamma } \} } \prod _ { p \in \Delta _ { 0 } S _ { \gamma } } \hat { W } _ { p } ^ { n _ { p } } \operatorname { e x p } { [ \, - \frac { 1 } { 2 \beta _ { 0 } } \sum _ { \ell } \hat { E } _ { \ell } ^ { 2 } - \frac { 1 } { 2 \beta _ { s } } \sum _ { p _ { s } \in ( S _ { t + a _ { 0 } } - S _ { t } ) } n _ { p } ^ { 2 } \, ] \, } ,",4ec3f79cab.png,380,148,480,64,7.5
"\begin{array} { l l } { l _ { k } ^ { \prime } = k , } & { \qquad \qquad k ^ { \prime } = 0 , } \\ { p _ { s } ^ { \prime } = s \, p _ { s - 1 } } & { \qquad \qquad \operatorname { a r c t a n } ^ { \prime } = \frac { 1 } { 1 + p _ { 2 } } , } \\ { \operatorname { e x p } ^ { \prime } = \operatorname { e x p } , } & { \qquad \qquad \operatorname { l n } ^ { \prime } = p _ { - 1 } , } \\ \end{array}",7bb819fea6.png,401,132,384,96,4.0
"\left\{ \begin{array} { r c l } { \delta b } & { = } & { \frac { 1 } { 2 \pi \alpha ^ { \prime } } 2 \lambda + \partial \rho ^ { ( 0 ) } \, , } \\ { \delta \tilde { b } } & { = } & { - 5 \partial \rho ^ { ( 4 ) } - \frac { 1 } { 2 \pi \alpha ^ { \prime } } \tilde { \Lambda } + \frac { m } { 2 } \rho ^ { ( 5 ) } + 5 \Lambda ^ { ( 4 ) } \partial c ^ { ( 0 ) } } \\ \end{array} \right.",6456dbfaff.png,384,122,480,128,3.75
"\begin{array} { c } { u ( \sigma ^ { + } , \sigma ^ { - } ) = u _ { 0 } + \frac { p ^ { + } } 2 \left[ ( \sigma ^ { + } + f ( \sigma ^ { + } ) ) + ( \sigma ^ { - } - g ( \sigma ^ { - } ) ) \right] } \\ { v ( \sigma ^ { + } , \sigma ^ { - } ) = v _ { 0 } + \frac { p ^ { - } } 2 \left[ ( \sigma ^ { + } - f ( \sigma ^ { + } ) ) + ( \sigma ^ { - } + g ( \sigma ^ { - } ) ) \right] } \\ \end{array}",236fafb59d.png,395,141,384,64,6.0
\Upsilon _ { a \alpha } ( \vec { k } ) = \left[ \begin{array} { c } { \Upsilon _ { 1 1 } } \\ { \Upsilon _ { 2 1 } } \\ { \Upsilon _ { 1 2 } } \\ { \Upsilon _ { 2 2 } } \\ \end{array} \right] = \left[ \begin{array} { c } { c _ { k \uparrow } ^ { \vphantom \dagger } } \\ { c _ { - k \downarrow } ^ { \dagger } } \\ { c _ { k \downarrow } ^ { \vphantom \dagger } } \\ { - c _ { - k \uparrow } ^ { \dagger } } \\ \end{array} \right] .,41d082687c.png,432,122,384,96,4.0
"\left( \begin{array} { c } { { \hat { \xi } } ^ { t } } \\ { { \hat { \xi } } ^ { r } } \\ { { \hat { \xi } } ^ { \varphi } } \\ \end{array} \right) = { \cal G } \left( \begin{array} { c } { { \hat { \Sigma } } ^ { t } } \\ { { \hat { \Sigma } } ^ { r } } \\ { { \hat { \Sigma } } ^ { \varphi } } \\ \end{array} \right) ; \; \; \; \; \; \; { \cal G } = \mathrm { E x p } \left( - \int ^ { \tau } { \cal D } ( \tau ^ { \prime } ) \; d \tau ^ { \prime } \right) ,",37654a2590.png,461,142,480,128,3.75
\begin{array} { c } { P R ^ { \prime } \left( \sqrt { \frac { z } { w } } \right) \left( q ^ { S _ { 3 } } \otimes { \frac { E } { z } } + { \frac { E } { w } } \otimes q ^ { - S _ { 3 } } \right) = } \\ { = \left( q ^ { S _ { 3 } } \otimes { \frac { E } { w } } + { \frac { E } { z } } \otimes q ^ { - S _ { 3 } } \right) P R ^ { \prime } \left( \sqrt { \frac { z } { w } } \right) } \\ \end{array},136b448b8d.png,399,133,256,64,4.0
"{ \cal R } \left( \lambda , \mu \right) = \left( \begin{array} { c c c c } { \frac { \lambda q - \mu q ^ { - 1 } } { \lambda - \mu } } & { 0 } & { 0 } & { 0 } \\ { 0 } & { 1 } & { \frac \mu { \lambda - \mu } \left( q - q ^ { - 1 } \right) } & { 0 } \\ { 0 } & { \frac \lambda { \lambda - \mu } \left( q - q ^ { - 1 } \right) } & { 1 } & { 0 } \\ { 0 } & { 0 } & { 0 } & { \frac { \lambda q - \mu q ^ { - 1 } } { \lambda - \mu } } \\ \end{array} \right)",7eef4f39c0.png,452,150,480,128,3.75
"\frac { d } { d \Lambda } e ^ { - \frac { 1 } { \hbar } \left( L ^ { \Lambda , \Lambda _ { 0 } } ( \varphi ) + I ^ { \Lambda , \Lambda _ { 0 } } \right) } = \frac { \hbar } { 2 } \langle \frac { \delta } { \delta \varphi } \, , \dot { C } ^ { \Lambda , \Lambda _ { 0 } } \frac { \delta } { \delta \varphi } \rangle \, e ^ { - \frac { 1 } { \hbar } \left( L ^ { \Lambda , \Lambda _ { 0 } } ( \varphi ) + I ^ { \Lambda , \Lambda _ { 0 } } \right) } .",1769d0845b.png,448,132,480,64,7.5
\partial _ { a } \operatorname { l n } V _ { N } \Gamma _ { \hat { a } } \eta - { \frac { 1 } { V _ { N } } } \partial _ { a } E _ { N } \Gamma _ { \hat { a } } \Gamma _ { N } \eta - { \frac { 1 } { 2 } } \sum _ { N ^ { \prime } \neq N } \bar { q } _ { N N ^ { \prime } } { \frac { 1 } { V _ { N ^ { \prime } } } } \partial _ { a } E _ { N ^ { \prime } } \Gamma _ { \hat { a } } \Gamma _ { N ^ { \prime } } \eta \qquad \qquad,596837add7.png,425,147,480,64,7.5
"\partial _ { \mu } \left( \begin{array} { l } { \sqrt { g } ( F ^ { - } - F ^ { + } ) ^ { I \, \mu t } } \\ { \noalign { \vskip 2 m m } \sqrt { g } ( G ^ { - } - G ^ { + } ) _ { I } ^ { \mu t } } \\ \end{array} \right) = 4 i \pi \sum _ { A } \delta ( \vec { x } - \vec { x } _ { A } ) \left( \begin{array} { l } { p _ { A } ^ { I } } \\ { \noalign { \vskip 2 m m } q _ { A I } } \\ \end{array} \right) \, .",60a948a46a.png,406,137,384,64,6.0
"\begin{array} { r c l } { \hat { S } _ { 0 A } } & { = } & { { \displaystyle \int } d ^ { 1 0 } \hat { x } \sqrt { | \hat { g } | } \, \left\{ e ^ { - 2 \hat { \phi } } \left[ \hat { R } - 4 ( \partial \hat { \phi } ) ^ { 2 } + \frac { 1 } { 2 \cdot 3 ! } \hat { H } ^ { 2 } + \frac { 1 } { 2 } ( \partial \hat { T } ) ^ { 2 } - V ( \hat { T } ) \right] \right. } \\ \end{array}",63c349e7f2.png,378,127,480,128,3.75
"\begin{array} { l } { b _ { \alpha } ^ { 2 } = \lambda b _ { \alpha } ^ { 1 } \quad , \quad E _ { i k } = \left( \begin{array} { l l } { 1 } & { \lambda } \\ { \lambda } & { \lambda ^ { 2 } } \\ \end{array} \right) E _ { 1 1 } } \\ { b _ { \alpha } ^ { 1 } = - \frac { E _ { 1 1 } } { | a | } ( a _ { \alpha } ^ { 2 } - \lambda a _ { \alpha } ^ { 1 } ) \quad , \quad | a | = \operatorname* { d e t } a _ { \alpha } ^ { i } \not = 0 . } \\ \end{array}",4d66df9e4a.png,450,148,384,96,4.0
"F _ { { \mathbf i } { \mathbf j } } { \bar { D } } ^ { { \mathbf k } { \mathbf l } } F _ { { \mathbf k } { \mathbf l } } = { \bar { D } } _ { { \mathbf i } { \mathbf j } } ( F ^ { { \mathbf k } { \mathbf l } } F _ { { \mathbf k } { \mathbf l } } ) + \frac { 3 } { 1 0 } { \bar { D } } ^ { { \mathbf k } { \mathbf l } } ( F _ { ( { \mathbf i } { \mathbf j } } F _ { { \mathbf k } { \mathbf l } ) } ) \ ,",43f728ee20.png,402,141,320,64,5.0
\frac { d T } { d x } = - \frac { 4 c \varepsilon ^ { 2 } H Z ^ { 4 } n } { \nu _ { 0 } ^ { 2 } v ^ { 2 } } \int _ { 0 } ^ { \infty } \xi d \xi \left\{ 1 - e ^ { - \alpha \xi \int _ { \xi } ^ { \infty } \frac { d u } { u ^ { 2 } } B ( u ) } \right\} \frac { \int _ { \xi } ^ { \infty } \frac { d u } { u } B ( u ) } { \alpha \xi \int _ { \xi } ^ { \infty } \frac { d u } { u ^ { 2 } } B ( u ) } ~ ~ .,152acb10bd.png,400,148,480,128,3.75
( 2 h ) = - \ \frac { i } { 6 ( 2 \pi ) ^ { 4 } } \ t r \int d ^ { d } k \ \frac { \stackrel { \displaystyle ( S k ) } { \scriptscriptstyle ( - p ) \phantom { + } } \stackrel { \displaystyle ( S ( k + q ) ) } { \scriptscriptstyle ( - q ) \phantom { + q q q q q q q } } \stackrel { \displaystyle ( S ( k - p ) ) } { \scriptscriptstyle ( p + q ) \phantom { + q q q q q q q } } } { k ^ { 2 l } ( k - p ) ^ { 2 l } ( k + q ) ^ { 2 l } },6bd80a9151.png,432,144,384,64,6.0
R _ { \mu \nu } - { \frac { 1 } { 2 } } g _ { \mu \nu } ~ ^ { ( 4 ) } R = - \ell _ { P } ^ { 2 } \left( \frac { \delta \stackrel { \sim } { \cal L } _ { m } ^ { \prime } } { \delta g ^ { \mu \nu } } - { \frac { 1 } { 2 } } g _ { \mu \nu } \stackrel { \sim } { \cal L } _ { m } ^ { \prime } \right) - \ell _ { P } ^ { 2 } e ^ { - 1 } \frac { \delta { \cal L } _ { g } } { \delta g ^ { \mu \nu } } .,1e9d173502.png,397,142,480,64,7.5
f _ { N } \left[ \phi ( x ) \right] = { \frac { 1 } { Z _ { 0 } } } \sum _ { n = 0 } ^ { N } { \frac { \left( - 1 \right) ^ { n } } { n ! } } \left( { \frac { \lambda } { 4 } } \int \mathrm { d ^ { d } } x \phi ^ { 4 } \right) ^ { n } e ^ { - \int \mathrm { d ^ { d } } x \left[ { \frac { 1 } { 2 } } \left( \partial _ { \mu } \phi \right) ^ { 2 } + { \frac { 1 } { 2 } } m ^ { 2 } \phi ^ { 2 } \right] },4874bb2540.png,404,141,480,64,7.5
K = \sum _ { \alpha } \left( p _ { \alpha } ^ { \bar { z } } \dot { z } _ { \alpha } + p _ { \alpha } ^ { z } \dot { { \bar { z } } } _ { \alpha } + J _ { \alpha } \operatorname { c o s } \theta _ { \alpha } \dot { \phi } _ { \alpha } \right) + \int d ^ { 2 } z { \frac { \kappa } { 2 } } \left( \dot { A } _ { z } ^ { a } A _ { \bar { z } } ^ { a } - \dot { A } _ { \bar { z } } ^ { a } A _ { z } ^ { a } \right),18de4d3d0b.png,413,145,480,64,7.5
\operatorname* { l i m } _ { y \rightarrow 1 } \left\{ \frac { \frac { d } { d y } \left[ R _ { I } ( y \sqrt { v - \epsilon } ) \right] } { R _ { I } ( y \sqrt { v - \epsilon } ) } \right\} = \operatorname* { l i m } _ { y \rightarrow 1 } \left\{ \frac { \frac { d } { d y } \left[ R _ { E } ( y \sqrt { \epsilon } ) \right] } { R _ { E } ( y \sqrt { \epsilon } ) } \right\} .,e4fd2be22f.png,377,112,384,64,6.0
"\tilde { { \bf E } } { } = { } \frac { 1 } { 2 } \, \left( { \bf u } \, \mathrm { e } ^ { \mathrm { i } \Theta } { } + { } { \bf u } ^ { * } \, \mathrm { e } ^ { - \mathrm { i } \Theta } \right) \quad , \qquad \tilde { { \bf B } } { } = { } \frac { 1 } { 2 } \, \bar { \bf k } { } \times { } \left( { \bf u } \, \mathrm { e } ^ { \mathrm { i } \Theta } { } + { } { \bf u } ^ { * } \, \mathrm { e } ^ { - \mathrm { i } \Theta } \right) \quad ,",9045b38822.png,442,147,480,64,7.5
\tilde { H } = - i \vec { \alpha } \cdot \hat { e } _ { j } \frac { \partial } { \partial \xi ^ { j } } - \frac { i } { 2 \Delta } \vec { \alpha } \cdot \vec { \kappa } - \frac { i } { \Delta } \vec { \alpha } \cdot \hat { e } _ { 3 } \Bigl ( \frac { \partial } { \partial s } + \frac { 1 } { 2 \Delta } \frac { \partial ( \vec { \kappa } \cdot \vec { \xi } ) } { \partial s } \Bigr ) + \beta m \ .,2d981c7f14.png,398,116,480,64,7.5
"\begin{array} { l } { \delta _ { b } x ^ { \mu } = { b ^ { \mu } } _ { \nu } n ^ { \nu } , } \\ { \delta _ { b } A _ { a } ^ { \mu } = - { b ^ { \mu } } _ { \nu } \displaystyle \left( \varepsilon _ { a b } \frac { g ^ { b c } } { \sqrt { - g } } { \Pi _ { c } } ^ { \nu } - \xi _ { a } n ^ { \nu } + i ( \bar { \theta } \Gamma ^ { \nu } \partial _ { a } \theta ) \right) . } \\ \end{array}",132d92f7ab.png,389,133,384,96,4.0
"\int _ { - \infty } ^ { \infty } \frac { d x } { \sqrt { \pi } } \, e ^ { i \lambda x ^ { 2 } } = \operatorname* { l i m } _ { \epsilon \rightarrow 0 } \int _ { - \infty } ^ { \infty } \frac { d x } { \sqrt { \pi } } \, e ^ { i \lambda x ^ { 2 } } \, e ^ { - \epsilon x ^ { 2 } } = \frac { 1 } { | \sqrt { \lambda } | } \operatorname { e x p } \left( \frac { i \pi } { 4 } \mathrm { s g n } \, \lambda \right) ,",5bc1d433c0.png,411,129,480,64,7.5
"U _ { j } ( \underline { { p } } , \underline { { q } } ) \equiv \frac { g m _ { j } } { \sqrt { 1 6 \pi ^ { 3 } } } \frac { 1 } { p ^ { + } \sqrt { q ^ { + } } } \, , \; \; V _ { 2 s } ( \underline { { p } } , \underline { { q } } ) \equiv \frac { g } { \sqrt { 8 \pi ^ { 3 } } } \frac { \vec { \epsilon } _ { 2 s } ^ { \, * } \cdot \vec { p } _ { \perp } } { p ^ { + } \sqrt { q ^ { + } } } \, ,",3a1cb39d35.png,397,145,480,64,7.5
"\langle h _ { 2 } | \phi ^ { ( h ) } ( z ) | h _ { 1 } \rangle = \operatorname* { l i m } _ { ule { 0 mm } { 1.7 mm } u \rightarrow \infty \atop w \rightarrow 0 } u ^ { 2 h _ { 2 } } \langle 0 | \phi ^ { ( h _ { 2 } ) } ( u ) \phi ^ { ( h ) } ( z ) \phi ^ { ( h _ { 1 } ) } ( w ) | 0 \rangle = \frac { \sqrt { C _ { h _ { 2 } , h , h _ { 1 } } } } { z ^ { h + h _ { 1 } - h _ { 2 } } }",6b86a476d0.png,385,147,480,64,7.5
{ \cal L } = - 2 f _ { \phi } ^ { 2 } \operatorname { l n } ( S + S ^ { + } ) | _ { \theta ^ { 2 } \bar { \theta ^ { 2 } } } + \frac { 1 } { 2 } S W _ { j } ^ { \alpha } W _ { \alpha } ^ { j } | _ { \theta ^ { 2 } } + \frac { 1 } { 2 } S ^ { + } \overline { { W } } { } _ { j } ^ { \dot { \alpha } } \overline { { W } } { } _ { \dot { \alpha } } ^ { j } | _ { \bar { \theta } ^ { 2 } },6d47c6851c.png,385,146,480,64,7.5
- { \frac { \partial ^ { 4 } \operatorname { l n } [ P _ { \mathrm { v a c } } ( x ^ { + } ) ] } { \partial x ^ { + } \partial x ^ { - } \partial ^ { 2 } x _ { \bot } } } = { \frac { 1 } { 4 \pi } } \sum _ { n = 1 } ^ { \infty } \left( { \frac { e E ( x ^ { + } ) } { n \pi } } \right) ^ { 2 } \operatorname { e x p } \left[ - { \frac { n \pi m ^ { 2 } } { \vert e E ( x ^ { + } ) \vert } } \right] \; .,3e2458e6b3.png,403,141,480,64,7.5
| \alpha ( q ) | \; > \; \frac { 3 } { 2 } + \left\{ \begin{array} { c c l } { \displaystyle \left| \frac { w _ { i j } ( q ) a ^ { i } q ^ { j } } { \Delta ( q ) } \right| } & { \; \; \; } & { { \mathrm { i f ~ \Delta ( q ) ~ \neq ~ 0 ~ } } } \\ { \displaystyle \left( 1 + \Theta ( 1 - 2 \sqrt { | l ( q ) | } \right) \: \sqrt { | l ( q ) | } } & { } & { { \mathrm { i f ~ \Delta ( q ) = 0 ~ } } . } \\ \end{array} \right.,78fa290289.png,423,140,480,128,3.75
"\begin{array} { c } { L = { \tilde { \sigma } } \left[ 2 c \epsilon + c { \bf e ^ { \prime } } _ { 1 } ^ { 2 } + { \bf p } ( { \bf x ^ { \prime } } - { \bf e } _ { + } ) + \right. } \\ { \left. + { \bf p } _ { + } ( { \bf e ^ { \prime } } _ { + } - { \bf e } _ { 1 } ) - \sum _ { i , j } d _ { i j } ( { \bf e } _ { i } { \bf e } _ { j } - \eta _ { i j } ) \right] , } \\ \end{array}",6779b54f05.png,383,141,320,64,5.0
"S _ { \mathrm { c l } } = \mathrm { t r } \left( \hat { \bar { \sigma } } ^ { \dot { \alpha } } \bar { D } _ { \dot { \alpha } } D _ { \alpha } \hat { \sigma } ^ { \alpha } \right) + \mathrm { t r } \left( { \hat { \bar { \sigma } } } ^ { \dot { \alpha } } \bar { D } _ { \dot { \alpha } } \left( e ^ { - V } - 1 \right) D _ { \alpha } { \hat { \sigma } } ^ { \alpha } \right) \, .",1431fb9459.png,381,117,384,64,6.0
"{ \bigl < t _ { \eta , v } ^ { ( \rho ) } ; t _ { \theta , w } ^ { ( \sigma ) } \bigr > } _ { L ^ { 2 } } = \int _ { G } \overline { { t _ { \eta , v } ^ { ( \rho ) } ( g ) } } \cdot t _ { \theta , w } ^ { ( \sigma ) } ( g ) \, d g = \frac { 1 } { \operatorname { d i m } V _ { \rho } } \delta _ { \rho \sigma } \overline { { \left< \eta ; \theta \right> } } \left< v ; w \right> ,",35e1c480c1.png,381,128,480,64,7.5
"\mid { P } _ { 0 } \rangle \: = \: { \mathbf O ^ { - 1 } } \mid \tilde { P } _ { 0 } \rangle \: = \: \operatorname { e x p } \left( { \cal W } _ { \nu \rho } ^ { \mu \sigma } { \mathbf a } ^ { \nu } { \mathbf b } _ { \mu } { \mathbf a } ^ { \rho } { \mathbf b } _ { \sigma } \right) \prod _ { \alpha = 0 } ^ { 3 } \, { \mathbf a } _ { \alpha } ^ { \dagger } \prod _ { \beta = 0 } ^ { 3 } \, { \mathbf b } ^ { \dagger \beta } \, \mid 0 \rangle .",41f187d0ca.png,444,138,480,64,7.5
\mathcal { B } = * B ^ { A } \left[ \begin{array} { c } { v _ { A } } \\ { \overline { { v } } _ { A } } \\ \end{array} \right] - i B ^ { A } \left[ \begin{array} { c } { v _ { A } } \\ { - \overline { { v } } _ { A } } \\ \end{array} \right] + b ^ { \alpha } \left[ \begin{array} { c } { e _ { \alpha } } \\ { \overline { { e } } _ { \alpha } } \\ \end{array} \right] + i * b ^ { \alpha } \left[ \begin{array} { c } { e _ { \alpha } } \\ { - \overline { { e } } _ { \alpha } } \\ \end{array} \right],6239e281b0.png,500,146,480,64,7.5
"( f \star g ) ( \tilde { \bf r } ) = \frac { 1 } { ( 2 \pi ) ^ { 2 } } \sum _ { P ^ { \prime } , P ^ { \prime \prime } } \int _ { - \pi } ^ { + \pi } d \theta ^ { \prime } d \theta ^ { \prime \prime } e ^ { [ - 2 i A ( \tilde { \bf r } , \tilde { \bf r } ^ { \prime } , \tilde { \bf r } ^ { \prime \prime } ) ] } f ( \tilde { \bf r } ^ { \prime } ) g ( \tilde { \bf r ^ { \prime \prime } } )",65ede267a4.png,391,130,480,64,7.5
"{ \cal L } _ { f e r m i o n } ~ = ~ \bar { \psi } ~ \left[ i \gamma ^ { \mu } ~ \left( \partial _ { \mu } ~ - ~ \sigma ^ { \rho \beta } v _ { \rho } ^ { \nu } g _ { \lambda \nu } \partial _ { \mu } v _ { \beta } ^ { \lambda } ~ - ~ g _ { \alpha \delta } \sigma ^ { a b } v _ { a } ^ { \beta } v _ { b } ^ { \delta } \tilde { \Gamma } ^ { \alpha } \, _ { \mu \beta } \right) \right] ~ \psi",51f9c28bf7.png,389,125,480,64,7.5
\phi ^ { 4 } = \left( \begin{array} { c c c c } { k ^ { 1 } t \otimes 1 _ { N _ { 1 } \times N _ { 1 } } } & { 0 } & { \dots } & { 0 } \\ { 0 } & { k ^ { 2 } t \otimes 1 _ { N _ { 2 } \times N _ { 2 } } } & { \dots } & { 0 } \\ { \dots } & { \dots } & { \dots } & { \dots } \\ { 0 } & { \dots } & { \dots } & { k ^ { K } t \otimes 1 _ { N _ { K } \times N _ { K } } } \\ \end{array} \right),595c41caf7.png,390,143,480,128,3.75
\begin{array} { c c } { \sigma _ { z } = \left( \begin{array} { l l } { 1 } & { 0 } \\ { 0 } & { 0 } \\ \end{array} \right) } & { \sigma _ { \bar { z } } = \left( \begin{array} { l l } { 0 } & { 0 } \\ { 0 } & { 1 } \\ \end{array} \right) } \\ { \sigma _ { y } = \left( \begin{array} { l l } { 0 } & { 0 } \\ { i } & { 0 } \\ \end{array} \right) } & { \sigma _ { \bar { y } } = \left( \begin{array} { l l } { 0 } & { i } \\ { 0 } & { 0 } \\ \end{array} \right) } \\ \end{array},6feea80c20.png,477,144,480,160,3.0
\beta _ { k 0 } ( t \to \infty ) = \sqrt { \frac { \omega _ { k } } { \tilde { \omega } } } \frac { ( \tilde { \omega } - \omega _ { k } ) ( 2 \omega _ { k } ^ { 2 } - 2 \tilde { \omega } ^ { 2 } + i \pi g \omega _ { k } ) } { \left[ 4 \left( \omega _ { k } ^ { 2 } - \tilde { \omega } ^ { 2 } \right) ^ { 2 } + \pi ^ { 2 } g ^ { 2 } \omega _ { k } ^ { 2 } \right] } \sqrt { g \Delta \omega } \mathrm { e } ^ { i \omega _ { k } t } \; .,d826ebf34f.png,436,146,480,64,7.5
"\hat { S } _ { \lambda \lambda ^ { \prime } } = \left[ \nabla _ { \lambda } \; , \; \nabla _ { \lambda ^ { \prime } } \right] \hat { 1 } + \frac { 1 } { 2 } \left( \nabla _ { \lambda } \hat { E } _ { \lambda ^ { \prime } } - \nabla _ { \lambda ^ { \prime } } \hat { E } _ { \lambda } \right) + \frac { 1 } { 4 } \left( \hat { E } _ { \lambda } \hat { E } _ { \lambda ^ { \prime } } - \hat { E } _ { \lambda ^ { \prime } } \hat { E } _ { \lambda } \right)",4c5d90f40f.png,454,133,480,64,7.5
"\begin{array} { c } { \{ Q ^ { a \alpha } , \bar { Q } _ { b \beta } \} = 2 \delta ^ { a } { } _ { b } \gamma ^ { \mu } { } ^ { \alpha } { } _ { \beta } P _ { \mu } \, , } \\ { { } } \\ { { } [ M _ { \mu \nu } , Q ^ { a } ] = i \textstyle { \frac { 1 } { 2 } } \gamma _ { [ \mu } \gamma _ { \nu ] } Q ^ { a } \, , } \\ { { } } \\ { { } [ { P } _ { \mu } , Q ^ { a \alpha } ] = 0 \, . } \\ \end{array}",322d62b67a.png,400,148,480,128,3.75
S = \int d ^ { 4 } x \sqrt { \hat { g } _ { 4 } } \Bigl \{ \hat { R } _ { 4 } + \frac { 2 \hat { \nabla } _ { \mu } { \cal A } \hat { \nabla } ^ { \mu } { \cal A } ^ { \dagger } } { ( { \cal A } - { \cal A } ^ { \dagger } ) ^ { 2 } } + \frac { 1 } { 8 } T r \bigl ( l \hat { \nabla } m \bigr ) ^ { 2 } - \frac { Q ^ { 2 } } { 2 } \frac { e ^ { \Phi _ { 4 } } } { b ^ { 6 } } \Bigr \},29d4f98d7a.png,383,141,480,64,7.5
"\Bigl ( \prod _ { ( j , \kappa ) \in \Lambda ^ { 1 } } \sum _ { a _ { j \kappa } , b _ { j \kappa } } \Bigr ) = \underbrace { \sum _ { a _ { j \kappa } , b _ { j \kappa } = 1 } ^ { \operatorname { d i m } V _ { \tau _ { j \kappa } } } \cdots \sum _ { a _ { j \kappa } , b _ { j \kappa } = 1 } ^ { \operatorname { d i m } V _ { \tau _ { j \kappa } } } } _ { \mathrm { o n e ~ \sum ~ f o r ~ e a c h ~ l i n k } } .",36b3be7c75.png,413,143,384,96,4.0
"\gamma _ { \alpha \beta } ^ { 0 } = \left( \begin{array} { c c } { 1 } & { 0 } \\ { 0 } & { 1 } \\ \end{array} \right) \, , \quad \gamma _ { \alpha \beta } ^ { 1 } = \left( \begin{array} { c c } { 0 } & { 1 } \\ { 1 } & { 0 } \\ \end{array} \right) \, , \quad \gamma _ { \alpha \beta } ^ { 2 } = \left( \begin{array} { c c } { - 1 } & { 0 } \\ { 0 } & { 1 } \\ \end{array} \right) \, .",3f0c59469b.png,385,114,480,64,7.5
"\overline { { G } } _ { \sigma } ^ { ( n ) } ( \zeta ^ { \prime } , x ^ { 2 } \zeta _ { 2 n } ) ^ { \varepsilon ^ { \prime } \, \varepsilon _ { 2 n } } = \sigma \overline { { G } } _ { \sigma } ^ { ( n ) } ( \zeta _ { 2 n } , \zeta ^ { \prime } ) ^ { \varepsilon _ { 2 n } \, \varepsilon ^ { \prime } } \prod _ { j = 1 } ^ { 2 n - 1 } \frac { \zeta _ { 2 n } } { \zeta _ { j } } .",26c0b29bd1.png,380,128,384,64,6.0
"{ \cal L } = \frac { 1 } { 2 } \left\{ \partial _ { \mu } \varphi _ { i } \, \partial ^ { \mu } \varphi _ { i } + i \bar { \psi } _ { i } \gamma ^ { \mu } \partial _ { \mu } \psi _ { i } + f _ { i } f _ { i } + 2 f _ { i } \, \frac { \partial { W } } { \partial \varphi _ { i } } - \frac { \partial ^ { 2 } { W } } { \partial \varphi _ { i } \partial \varphi _ { j } } \, \bar { \psi } _ { i } \psi _ { j } \right\} \; .",28ae0eeb67.png,420,136,480,64,7.5
"- e _ { \mu \nu \rho \omega } \left( \varepsilon ^ { \widetilde { \omega } , \rho } - \varepsilon ^ { \rho , \widetilde { \omega } } \right) - \varepsilon ^ { 0 , [ \mu \nu ] } + \varepsilon ^ { [ \mu \nu ] , 0 } - \frac { 1 } { 2 } e _ { \mu \nu \rho \omega } \left( \varepsilon ^ { \widetilde { 0 } , [ \rho \omega ] } - \varepsilon ^ { [ \rho \omega ] , \widetilde { 0 } } \right) ,",41cc190473.png,385,100,480,64,7.5
"\frac { \delta { \cal W } } { \delta \psi ^ { \alpha } } = \frac { \delta \Gamma } { \delta \psi ^ { \alpha } } \, , \; \; \; \frac { \delta { \cal W } } { \delta \phi _ { A a } ^ { * } } = \frac { \delta \Gamma } { \delta \phi _ { A a } ^ { * } } \, , \; \; \; \frac { \delta { \cal W } } { \delta \bar { \phi } _ { A } } = \frac { \delta \Gamma } { \delta \bar { \phi } _ { A } } \, ,",4fdba4e24e.png,386,118,384,64,6.0
"O _ { F } = \left( \begin{array} { c c } { - \frac { d ^ { 2 } } { d z ^ { 2 } } + \frac { \partial ^ { 2 } } { \partial \phi ^ { 2 } } V } & { \frac { \partial ^ { 2 } } { \partial \chi \partial \phi } V } \\ { \frac { \partial ^ { 2 } } { \partial \phi \partial \chi } V } & { - \frac { d ^ { 2 } } { d z ^ { 2 } } + \frac { \partial ^ { 2 } } { \partial \chi ^ { 2 } } V } \\ \end{array} \right) _ { \vert \phi = \phi ( z ) , \chi = \chi ( z ) }",3f82c2aaf5.png,448,143,384,64,6.0
A _ { \mu } ^ { \mu ^ { \prime } } A _ { \nu } ^ { \nu ^ { \prime } } ( \delta _ { \mu ^ { \prime } } ^ { \lambda ^ { \prime } } \delta _ { \nu ^ { \prime } } ^ { \rho ^ { \prime } } - { \bar { B ^ { \prime } } } _ { \mu ^ { \prime } \nu ^ { \prime } } ^ { \lambda ^ { \prime } \rho ^ { \prime } } ) \frac { \partial { \bar { g } ^ { \prime } } _ { \lambda ^ { \prime } \rho ^ { \prime } } } { \partial l _ { i } },200a39f786.png,414,134,224,64,3.5
"J _ { \nu } ^ { ( I ) } ( x ) \; \longleftrightarrow \; \left\{ \begin{array} { l l } { - \frac { 1 } { \sqrt { \pi + g N } } \; \varepsilon _ { \mu \nu } \partial _ { \mu } \Phi ^ { ( 1 ) } ( x ) \; \; \; \; \; \; } & { I = 1 } \\ { \; } & { \; } \\ { - \frac { 1 } { \sqrt { \pi } } \; \varepsilon _ { \mu \nu } \partial _ { \mu } \Phi ^ { ( I ) } ( x ) \; \; \; \; \; \; } & { I = 2 , \; . . . \; N \; . } \\ \end{array} \right.",1ff9919531.png,431,141,480,128,3.75
S _ { + } ( \eta ) = \left( \begin{array} { l l l l } { \operatorname { c o s h } \eta } & { \operatorname { s i n h } \eta } & { 0 } & { 0 } \\ { \operatorname { s i n h } \eta } & { \operatorname { c o s h } \eta } & { 0 } & { 0 } \\ { 0 } & { 0 } & { \operatorname { c o s h } \eta } & { \operatorname { s i n h } \eta } \\ { 0 } & { 0 } & { \operatorname { s i n h } \eta } & { \operatorname { c o s h } \eta } \\ \end{array} \right) .,769e022aac.png,439,140,384,96,4.0
P ^ { \mathrm { \scriptsize { p } } } \: P ^ { \mathrm { \scriptsize { s e a } } } \; = \; 0 \; = \; P ^ { \mathrm { \scriptsize { s e a } } } \: P ^ { \mathrm { \scriptsize { p } } } \; \; \; \; \; { \mathrm { a n d } } \; \; \; \; \; P ^ { \mathrm { \scriptsize { a } } } \: P ^ { \mathrm { \scriptsize { s e a } } } \; = \; P ^ { \mathrm { \scriptsize { a } } } \; = \; P ^ { \mathrm { \scriptsize { s e a } } } \: P ^ { \mathrm { \scriptsize { a } } } \; .,5f241ecf21.png,460,144,480,32,15.0
"\left\{ b _ { \underline { { n } } \sigma } , b _ { \underline { { n } } \sigma } ^ { \dagger } \right\} = \delta _ { \underline { { n } } ^ { \prime } \underline { { n } } } \delta _ { \sigma ^ { \prime } \sigma } \, , \; \; \left[ a _ { \underline { { n } } } , a _ { \underline { { n } } } ^ { \dagger } \right] = \delta _ { \underline { { n } } ^ { \prime } \underline { { n } } } \, .",124d1898f3.png,389,114,320,64,5.0
\begin{array} { c } { \nabla { \bf K } = \frac 1 { \sqrt { 2 \epsilon } } \{ \left( - \frac 1 { \sqrt { 2 \epsilon } } { \bf K } + \frac 1 { 2 \epsilon } { \bf M } _ { 1 } \right) \left( \vec { R } - i \frac 1 2 \vec { \Gamma } \right) + \frac 1 { 2 \Gamma } { \bf M } _ { 2 } \vec { \Gamma } } \\ { + i \frac 1 { \Gamma \left( \epsilon ^ { 2 } - \eta ^ { 2 } \right) } \frac { \xi ^ { * } } { \left| \xi \right| } M _ { 3 } \left( \vec { \Gamma } \times \vec { R } \right) \} } \\ \end{array},62a3c6939c.png,493,142,384,64,6.0
"X _ { z _ { \pm } } = - i Q _ { \pm } ^ { - 1 } \displaystyle \displaystyle \frac { \partial } { \partial \overline { { z } } _ { \pm } } ~ , ~ ~ ~ X _ { p _ { \pm } } = i \displaystyle \displaystyle \frac { \partial } { \partial z _ { \pm } } - i Q _ { \pm } ^ { - 1 } \displaystyle \frac { \partial p _ { \pm } } { \partial z _ { \pm } } \displaystyle \displaystyle \frac { \partial } { \partial \overline { { z } } _ { \pm } } ~ ,",1f5f10d271.png,433,122,384,64,6.0
"\delta _ { \hat { \chi } } \hat { L } _ { \hat { \mu } _ { 1 } \ldots \hat { \mu } _ { r } } = m \hat { \lambda } _ { \hat { \mu } _ { 1 } } \hat { k } ^ { \hat { \nu } } \hat { L } _ { \hat { \nu } \hat { \mu } _ { 2 } \ldots \hat { \mu } _ { r } } + \ldots + m \hat { \lambda } _ { \hat { \mu } _ { r } } \hat { k } ^ { \hat { \nu } } \hat { L } _ { \hat { \mu } _ { 1 } \ldots \hat { \mu } _ { r - 1 } \hat { \nu } } \, .",5bb17b7b55.png,424,150,480,32,15.0
"\begin{array} { c c c } { s A _ { \mu } = - D _ { \mu } c \; , } & { s c = c ^ { 2 } \; , } & { s \phi = \left[ c , \phi \right] \; , } \\ { s \psi _ { \mu } = \left\{ c , \psi _ { \mu } \right\} \; , } & { s \chi _ { \mu \nu } = \left\{ c , \chi _ { \mu \nu } \right\} \; , } & { s \eta = \left\{ c , \eta \right\} \; , } \\ { s \overline { { \phi } } = \left[ c , \overline { { \phi } } \right] \; , } & { } & { } \\ \end{array}",5604f212f6.png,430,138,384,96,4.0
\frac { d ^ { 2 } } { d t ^ { 2 } } \frac { \partial L } { \partial \ddot { h } } + \nabla ^ { 2 } \frac { \partial L } { \partial \nabla ^ { 2 } h } - \frac { d } { d t } \nabla ^ { 2 } \frac { \partial L } { \partial \nabla ^ { 2 } \dot { h } } - \frac { d } { d t } \frac { \partial L } { \partial \dot { h } } - \nabla \frac { \partial L } { \partial \nabla h } + \frac { \partial L } { \partial h } = 0 \quad .,4f88745dbd.png,415,126,480,64,7.5
"\mathrm { ~ \cal { A } ~ } ( { \mathbf { u } } ) = \int d ^ { 1 + n } x \frac { ( 1 + { \mathbf { u } } ^ { \dag } { \mathbf { u } } ) \partial ^ { \mu } { \mathbf { u } } ^ { \dag } \partial _ { \mu } { \mathbf { u } } - \partial ^ { \mu } { \mathbf { u } } ^ { \dag } { \mathbf { u } } { \mathbf { u } } ^ { \dag } \partial _ { \mu } { \mathbf { u } } } { ( 1 + { \mathbf { u } } ^ { \dag } { \mathbf { u } } ) ^ { 2 } } ,",3f74782cfd.png,424,146,384,64,6.0
\frac { 2 } { r } ( f ^ { ' } \operatorname { c o s } 2 \theta \frac { \partial I ^ { 2 } } { \partial \theta } + 2 f \operatorname { s i n } 2 \theta \frac { \partial I ^ { 2 } } { \partial r } - f ^ { ' } \operatorname { s i n } 2 \theta \frac { \partial I ^ { 1 } } { \partial \theta } + 2 f \operatorname { c o s } 2 \theta \frac { \partial I ^ { 1 } } { \partial r } ) \nonumber,27381773ca.png,383,111,480,64,7.5
"\sum _ { \rho + \Lambda _ { i } \in { \cal F } _ { l } } S _ { \beta \rho + \Lambda _ { i } } { \cal U } _ { \rho + \Lambda _ { i } \, \rho } ^ { ( p _ { i } , q _ { i } ) } = \operatorname { e x p } \biggl ( { \frac { \pi i k d } { 4 l } } \mathrm { s i g n } \Bigl ( { \frac { q _ { i } } { p _ { i } } } \Bigr ) \biggr ) { \cal U } _ { \beta \rho } ^ { ( - q _ { i } , p _ { i } ) } ,",3cfcb64ad9.png,387,143,384,64,6.0
"\Bigl [ \prod _ { a } \Delta ^ { 2 } ( \varphi _ { a } ) \Bigr ] \, \times \, \operatorname { e x p } \Bigl \{ - { \frac { 1 } { 4 } } { \frac { N } { L } } \Bigl ( \sum _ { l = 1 } ^ { L - 1 } { \frac { 1 } { \operatorname { s i n } ^ { 2 } { \frac { \pi l } { L } } } } + { \frac { 1 } { 1 2 } } \Bigr ) \sum _ { a , \alpha } \varphi _ { a , \alpha } ^ { 2 } + O ( \varphi ^ { 4 } ) \Bigr \} ~ ~ .",4cb25d8de8.png,399,139,480,64,7.5
"\begin{array} { l } { \partial _ { \tau } X ^ { 2 } ( 0 ) = \partial _ { \sigma } X ^ { 1 } ( 0 ) = 0 , } \\ { \partial _ { \tau } X ^ { 1 } ( \pi ) + \partial _ { \tau } X ^ { 2 } ( \pi ) \operatorname { c o t } ( \pi \vartheta ) = 0 , } \\ { \partial _ { \sigma } X ^ { 2 } ( \pi ) - \partial _ { \sigma } X ^ { 1 } ( \pi ) \operatorname { c o t } ( \pi \vartheta ) = 0 , } \\ \end{array}",2de7f275f4.png,390,124,384,96,4.0
"g = \left( \begin{array} { c c } { 1 } & { 0 } \\ { b } & { 1 } \\ \end{array} \right) \, \left( \begin{array} { c c } { e ^ { a / 2 } } & { 0 } \\ { 0 } & { e ^ { - a / 2 } } \\ \end{array} \right) \, \left( \begin{array} { r r } { \operatorname { c o s } \theta } & { \operatorname { s i n } \theta } \\ { - \operatorname { s i n } \theta } & { \operatorname { c o s } \theta } \\ \end{array} \right) \, ,",43e24e4c88.png,407,116,384,64,6.0
"{ \bf \Omega } _ { { \bf x } , { \bf x ^ { \prime } } } = m ^ { 2 } \delta _ { { \bf x } , { \bf x ^ { \prime } } } - { \frac { 1 } { \sigma ^ { 2 } } } \sum _ { i = 1 } ^ { 3 } \left( \delta _ { { \bf x } + \hat { \sigma } \left( i \right) , { \bf x ^ { \prime } } } - 2 \delta _ { { \bf x } , { \bf x ^ { \prime } } } + \delta _ { { \bf x } - \hat { \sigma } \left( i \right) , { \bf x ^ { \prime } } } \right) .",7661c8edfd.png,414,141,480,64,7.5
"[ \tilde { C } ^ { 2 } ] ~ ~ ~ ~ ~ W = { \frac { 1 } { 2 } } \operatorname { s i n } { 3 \tilde { \theta } } + \operatorname { s i n } { \tilde { \theta } } ( { \frac { 1 } { 2 } } - 4 \tilde { k } ^ { 2 } \tilde { \gamma } ^ { 2 } ) - 2 \tilde { k } \tilde { \gamma } \operatorname { c o s } { \tilde { \theta } } - 4 8 \tilde { k } ^ { 3 } t \operatorname { c o s } { \tilde { \theta } } ~ ~ ,",40b4b6cae7.png,395,130,480,64,7.5
\vec { A _ { 1 } } = \left( \begin{array} { c } { x } \\ { 0 } \\ { 0 } \\ \end{array} \right) \; \; \; \; \vec { A _ { 2 } } = \left( \begin{array} { c } { 0 } \\ { x } \\ { 0 } \\ \end{array} \right) \; \; \; \; \vec { \phi } = \left( \begin{array} { c } { - x } \\ { x } \\ { 0 } \\ \end{array} \right) \; \; \; \; \dot { \vec { \phi } } = \frac { 1 } { 2 } \left( \begin{array} { c } { x } \\ { x } \\ { 0 } \\ \end{array} \right) .,6c0033531c.png,436,128,480,128,3.75
"\left\{ \begin{array} { r c l } { \mathrm { d i v } { \bf B } } & { = } & { 0 } \\ { \mathrm { d i v } { \bf D } } & { = } & { 0 } \\ \end{array} \right. \quad , \qquad \left\{ \begin{array} { r c l } { \phantom { - } \partial _ { 0 } \, { \bf B } { } + { } \mathrm { r o t } { \bf E } } & { = } & { 0 } \\ { - \partial _ { 0 } \, { \bf D } { } + { } \mathrm { r o t } { \bf H } } & { = } & { 0 } \\ \end{array} \right. \quad ,",ae02ccd288.png,427,142,384,64,6.0
"T _ { \alpha } , \quad G _ { a } = \frac { 1 } { 1 2 } \sigma _ { a } ^ { \alpha \dot { \beta } } ( R _ { \, \, \dot { \beta } \alpha \gamma } ^ { \gamma } + R _ { \, \, \alpha \dot { \beta } \dot { \gamma } } ^ { \dot { \gamma } } ) , \quad W _ { \alpha \beta \gamma } = \sigma _ { ( \alpha \dot { \delta } } ^ { a } \sigma _ { \beta } ^ { b \dot { \delta } } T _ { a b \gamma ) }",57bd55fc61.png,381,120,480,64,7.5
\partial _ { t } ^ { 2 } \left( \begin{array} { c } { \varphi } \\ { { \pi _ { \chi } / \kappa } } \\ \end{array} \right) = \left( \begin{array} { c c } { \nabla ^ { 2 } - \mu ^ { 2 } - { \frac { \kappa ^ { 2 } } { 2 } } } & { \kappa ^ { 2 } } \\ { \mu ^ { 2 } + { \frac { \kappa ^ { 2 } } { 4 } } } & { \nabla ^ { 2 } - \mu ^ { 2 } - { \frac { \kappa ^ { 2 } } { 2 } } } \\ \end{array} \right) \left( \begin{array} { c } { \varphi } \\ { { \pi _ { \chi } / \kappa } } \\ \end{array} \right),5dc477aa86.png,491,150,480,64,7.5
"( \sigma _ { 0 } ) _ { \alpha \beta } = \left( \begin{array} { c c } { 1 } & { 0 } \\ { 0 } & { 1 } \\ \end{array} \right) \, \quad ( \sigma _ { 1 } ) _ { \alpha \beta } = \left( \begin{array} { c c } { 1 } & { 0 } \\ { 0 } & { - 1 } \\ \end{array} \right) \, \quad ( \sigma _ { 2 } ) _ { \alpha \beta } = \left( \begin{array} { c c } { 0 } & { 1 } \\ { 1 } & { 0 } \\ \end{array} \right)",321718e06c.png,388,116,480,64,7.5
"\left( \begin{array} { l l } { 0 } & { 1 } \\ { 1 } & { 0 } \\ \end{array} \right) \left( \begin{array} { l } { 1 } \\ { \epsilon } \\ \end{array} \right) = \epsilon \left( \begin{array} { l } { 1 } \\ { \epsilon } \\ \end{array} \right) , \quad \left( \begin{array} { l l } { 1 } & { 0 } \\ { 0 } & { - 1 } \\ \end{array} \right) \left( \begin{array} { l } { 1 } \\ { \epsilon } \\ \end{array} \right) = \left( \begin{array} { l } { 1 } \\ { - \epsilon } \\ \end{array} \right) .",6f53b503b1.png,480,116,384,64,6.0
"\left( \begin{array} { c } { \theta ^ { 1 } } \\ { \theta ^ { 2 } } \\ \end{array} \right) \Rightarrow \left( \begin{array} { c } { \tilde { \theta } ^ { 1 } } \\ { \tilde { \theta } ^ { 2 } } \\ \end{array} \right) = \left( \begin{array} { c c } { \operatorname { c o s } \alpha } & { \operatorname { s i n } \alpha } \\ { - \operatorname { s i n } \alpha } & { \operatorname { c o s } \alpha } \\ \end{array} \right) \; \left( \begin{array} { c } { \theta ^ { 1 } } \\ { \theta ^ { 2 } } \\ \end{array} \right) \; ,",37481d3d76.png,517,129,384,64,6.0
"D _ { 2 } \pi ^ { \alpha _ { 1 } } = \frac 1 2 C _ { \; \; \beta _ { 1 } \gamma _ { 1 } } ^ { \alpha _ { 1 } } \pi ^ { \beta _ { 1 } } \eta _ { 2 } ^ { \gamma _ { 1 } } + \frac 1 2 C _ { \; \; \beta _ { 1 } \gamma _ { 3 } } ^ { \alpha _ { 1 } } \left( \pi ^ { \beta _ { 1 } } \eta _ { 2 } ^ { \gamma _ { 3 } } - \eta _ { 2 } ^ { \beta _ { 1 } } \pi ^ { \gamma _ { 3 } } \right) ,",58e302185d.png,379,140,384,64,6.0
"\begin{array} { l l l } { \Pi _ { t a d } ^ { \mu \nu , \, \alpha \beta } \left( k \right) \equiv \displaystyle { \frac { 1 } { 4 } } } & { \left( \eta ^ { \mu \alpha } \tilde { \Gamma } ^ { \nu \beta } + \eta ^ { \mu \beta } \tilde { \Gamma } ^ { \nu \alpha } + \eta ^ { \nu \alpha } \tilde { \Gamma } ^ { \mu \beta } + \eta ^ { \nu \beta } \tilde { \Gamma } ^ { \mu \alpha } \right) } \\ \end{array} .",2abf9e5cbc.png,403,109,480,64,7.5
"\left( \begin{array} { c c } { I } & { - Z ^ { \dag } } \\ { Z } & { I ^ { \prime } } \\ \end{array} \right) ^ { - 1 } = \left( \begin{array} { c c } { ( I + Z ^ { \dag } Z ) ^ { - 1 } } & { 0 } \\ { 0 } & { ( I ^ { \prime } + Z Z ^ { \dag } ) ^ { - 1 } } \\ \end{array} \right) \left( \begin{array} { c c } { I } & { Z ^ { \dag } } \\ { - Z } & { I ^ { \prime } } \\ \end{array} \right) ,",1ca67d739a.png,389,129,480,64,7.5
"\psi = \left( \begin{array} { c } { \psi _ { 1 } } \\ { \psi _ { 2 } } \\ \end{array} \right) \propto \left( \begin{array} { c } { \operatorname { e x p } - 2 \pi \beta ^ { - 1 } \int _ { - \infty } ^ { x } d y \left( \dot { \phi } + \frac { \beta } { 4 \pi } \phi ^ { \prime } \right) } \\ { \operatorname { e x p } - 2 \pi \beta ^ { - 1 } \int _ { - \infty } ^ { x } d y \left( \dot { \phi } - \frac { \beta } { 4 \pi } \phi ^ { \prime } \right) } \\ \end{array} \right) ,",659fa1d48a.png,474,134,384,64,6.0
"_ 1 \langle \varepsilon _ { 1 } | \, _ { 2 } \langle \varepsilon _ { 2 } | \, _ { 3 } \langle \varepsilon _ { 3 } | \operatorname { e x p } [ \sum _ { r = 1 } ^ { 3 } N _ { 0 0 } ^ { r r } ( \varepsilon _ { r } ^ { 2 } - 2 \sqrt { 2 } \varepsilon _ { r } ) + \sum _ { r , s = 1 } ^ { 3 } \sum _ { n = 1 } ^ { \infty } N _ { 0 n } ^ { r s } \varepsilon _ { r } \phi _ { n } ^ { ( s ) } ] ,",73b2976393.png,388,138,480,64,7.5
"( \sigma _ { \mu } ) _ { \alpha \dot { \alpha } } J ^ { \mu \alpha } = J _ { \alpha \dot { \alpha } } ^ { \alpha } = i \, \frac { T _ { G } } { 4 \pi ^ { 2 } } \, \mathrm { T r } \left[ \bar { G } _ { \dot { \alpha } \dot { \beta } } \bar { \lambda } ^ { \dot { \beta } } \right] \, , \qquad \vartheta _ { \mu } ^ { \mu } = \frac { T _ { G } } { 1 6 \pi ^ { 2 } } \, \mathrm { T r } \, \left[ G _ { \rho \sigma } G ^ { \rho \sigma } \right] \, .",37cd99f683.png,445,141,480,64,7.5
"\int d \mu _ { x } ^ { \mathrm { n e w } } : = \operatorname* { l i m } _ { N \rightarrow \infty } \left[ \prod _ { n = 2 } ^ { N + 1 } \int \frac { d ^ { D } ( \Delta x _ { n } ) } { ( 2 \pi i \hbar \Delta t / M ) ^ { D / 2 } } \right] \operatorname { e x p } \left[ \frac { i } { \hbar } \sum _ { n = 1 } ^ { N + 1 } M \frac { ( \Delta x _ { n } ^ { i } ) ^ { 2 } } { 2 \Delta t } \right] ,",1d2abb0037.png,392,134,480,64,7.5
"\times \operatorname { e x p } \left( \sum _ { b , b ^ { \prime } = 1 } ^ { N } \sum _ { j = 1 } ^ { n _ { b } } \sum _ { j ^ { \prime } = 1 } ^ { m _ { b ^ { \prime } } } 2 \frac { \pi } { \pi + g N } \frac { 1 } { N } \; \mathrm { K } _ { 0 } \Big ( e \sqrt { \frac { N } { \pi + g N } } | x _ { j } ^ { ( b ) } - y _ { j ^ { \prime } } ^ { ( b ^ { \prime } ) } | \Big ) \right)",36022c842b.png,380,142,480,64,7.5
u = { \frac { 2 c _ { _ \mathrm { P } } ^ { 2 } v \operatorname { c o s } \theta \pm c _ { _ \mathrm { P } } \sqrt { \big ( c _ { _ \mathrm { P } } ^ { 2 } - v ^ { 2 } \big ) \big ( 3 c _ { _ \mathrm { P } } ^ { 2 } - ( 1 + 2 \operatorname { c o s } ^ { 2 } \theta ) v ^ { 2 } \big ) } } { 3 c _ { _ \mathrm { P } } ^ { 2 } - v ^ { 2 } } } + { \cal O } \{ \Theta ^ { 4 } \} \ .,56c0465b63.png,377,141,480,64,7.5
"D _ { \alpha } = \frac { \partial } { \partial \theta ^ { \alpha } } + i \sigma _ { \alpha { \dot { \alpha } } } ^ { \mu } { \overline { \theta } } ^ { \dot { \alpha } } \partial _ { \mu } \, , \hspace { 1 c m } { \overline { D } } _ { \dot { \alpha } } = - \frac { \partial } { \partial { \overline { \theta } } ^ { \dot { \alpha } } } - i \theta ^ { \alpha } \sigma _ { \alpha { \dot { \alpha } } } ^ { \mu } \partial _ { \mu }",3d01bdeb34.png,429,123,384,64,6.0
"\hat { \hat { k } } _ { ( m ) } { } ^ { \hat { \hat { \mu } } } \partial _ { \hat { \hat { \mu } } } = \partial _ { m } \hspace { . 5 c m } \rightarrow \hspace { . 5 c m } \hat { \hat { k } } _ { ( m ) } { } ^ { \hat { \hat { \mu } } } \hat { \hat { k } } _ { ( n ) } { } ^ { \hat { \hat { \nu } } } \hat { \hat { g } } _ { \hat { \hat { \mu } } \hat { \hat { \nu } } } = G _ { n m } \; ,",32db5fe4fb.png,388,140,384,64,6.0
"\begin{array} { c } { d s ^ { 2 } = - \lambda d t ^ { 2 } + \lambda ^ { - 1 } d r ^ { 2 } + R ^ { 2 } d \Omega , } \\ { e ^ { 2 \phi } = e ^ { 2 \phi _ { 0 } } \frac { r + \Sigma } { r - \Sigma } , } \\ { F = \frac { Q e ^ { \phi _ { 0 } } } { ( r - \Sigma ) ^ { 2 } } d t \wedge d r , \; G = P e ^ { \phi _ { 0 } } \operatorname { s i n } \theta d \theta \wedge d \varphi , } \\ \end{array}",7f486952dc.png,391,138,384,96,4.0
f ^ { ( n _ { 0 } + 1 ) } ( \sigma ^ { 2 } ) = - \sum _ { k > 0 } k C _ { k } ( f ^ { \prime } ( \sigma ^ { 2 } ) ) ^ { - k } \frac { f ^ { \prime \prime } ( \sigma ^ { 2 } ) } { f ^ { \prime } ( \sigma ^ { 2 } ) } + \sum _ { l > 0 } C _ { l } l ( f ^ { \prime } ( \sigma ^ { 2 } ) ) ^ { l } \frac { f ^ { \prime \prime } ( \sigma ^ { 2 } ) } { f ^ { \prime } ( \sigma ^ { 2 } ) },614611a0ec.png,380,146,480,64,7.5
"\widetilde { \Gamma } _ { i } ^ { ( 9 ) } = \left( \begin{array} { l l } { 0 } & { t _ { i } } \\ { - t _ { i } } & { 0 } \\ \end{array} \right) \, , \qquad \widetilde { \Gamma } _ { i } ^ { ( 0 ) } = \left( \begin{array} { l l } { 0 } & { 1 } \\ { 1 } & { 0 } \\ \end{array} \right) \, , \qquad \widetilde { \Gamma } _ { i } ^ { ( 8 ) } = \left( \begin{array} { l l } { 1 } & { 0 } \\ { 0 } & { - 1 } \\ \end{array} \right) \, ,",59ff8c402c.png,429,135,480,64,7.5
\pi _ { ( \underline { \alpha } ) } ^ { 2 } = \left( \pi _ { q } ^ { 2 - } \atop \pi _ { \dot { q } } ^ { 2 + } \right) = \left( \nabla \theta _ { q } ^ { 2 - } + \frac 1 2 \gamma _ { q \dot { r } } ^ { i } \theta _ { \dot { r } } ^ { 2 + } \Omega ^ { - 2 i } \atop \nabla \theta _ { \dot { q } } ^ { 2 + } + \frac 1 2 \tilde { \gamma } _ { \dot { q } r } ^ { i } \theta _ { r } ^ { 2 - } \Omega ^ { + 2 i } \right) .,20de6f3df1.png,417,145,320,64,5.0
"{ \frac { d \rho ( \omega ) } { d \operatorname { l n } \omega } } = \omega ^ { 4 } \left[ { \frac { S _ { e x } ( \omega ) } { S _ { r e } ( \omega ) } } + { \frac { S _ { r e } ( \omega ) } { S _ { e x } ( \omega ) } } \right] \simeq \omega ^ { 4 } ~ \mathrm { M a x } \Biggl \{ { \frac { S _ { e x } } { S _ { r e } } } , { \frac { S _ { r e } } { S _ { e x } } } \Biggr \} .",65349dea00.png,378,135,480,64,7.5
"\begin{array} { c c c } { \partial ^ { \mu } C _ { n \mu } ^ { F } = 0 , } & { \quad \partial _ { \mu } b _ { n } ^ { F \mu } = 0 , } & { \quad \partial _ { \mu } \bar { C } _ { n } ^ { F \mu } = 0 , } \\ { \partial ^ { \mu } C _ { n \mu } ^ { B } = 0 , } & { \quad \partial _ { \mu } b _ { n } ^ { B \mu } = 0 , } & { \quad \partial _ { \mu } \bar { C } _ { n } ^ { B \mu } = 0 . } \\ \end{array}",3b7eb72ea0.png,397,143,320,64,5.0
"{ \cal L } _ { \mathrm { r e l } } ^ { ( 2 ) } = \frac { 1 } { 2 } \biggl ( \mu + \frac { g ^ { 2 } \lambda } { 8 \pi r } \biggr ) \, \dot { { \bf r } } ^ { 2 } + \frac { 1 } { 2 } \left( \frac { g ^ { 2 } \lambda } { 8 \pi } \right) ^ { 2 } \biggl ( \mu + \frac { g ^ { 2 } \lambda } { 8 \pi r } \biggr ) ^ { - 1 } ( \dot { \psi } + { \bf w } ( { \bf r } ) \cdot \dot { { \bf r } } ) ^ { 2 } .",6201b5d1da.png,394,141,480,64,7.5
\operatorname* { l i m } _ { \vec { p } \rightarrow 0 } \frac { \left( C _ { 1 } \left( \left| \vec { p } \right| \right) + C _ { 1 } ^ { * } \left( \left| \vec { p } \right| \right) + 2 \left| C _ { 1 } \left( \left| \vec { p } \right| \right) \right| ^ { 2 } \right) \left| \vec { p } \right| ^ { 3 } \frac 1 { \left( 1 - \left( 1 - \kappa \left| \vec { p } \right| ^ { 2 } \right) ^ { 2 } \right) } } { 4 p _ { 0 } } = \frac C { 2 \left( 2 \pi \right) ^ { 4 } },40abe79349.png,464,131,480,128,3.75
I = \frac { \bar { \beta } } { \sqrt { \pi } } e ^ { - \bar { m } ^ { 2 } \pi } \sum _ { k = 1 } ^ { \infty } \frac { \left( \bar { t } _ { f } \right) ^ { 2 k - 1 } \left( - 1 \right) ^ { k + 1 } } { \left( 2 k - 1 \right) \left( k - 1 \right) ! } \int _ { 0 } ^ { \infty } \frac { d u u ^ { ( 2 k - 5 ) / 2 } } { u + \pi } e ^ { - u \bar { m } ^ { 2 } - \frac { \bar { \beta } ^ { 2 } } { 4 u } },6e1c40e3d6.png,398,145,480,64,7.5
"\gamma _ { { 5 } } = \left( \begin{array} { c c } { \sigma _ { 3 } } & { 0 } \\ { \noalign { \medskip } 0 } & { \sigma _ { 3 } } \\ \end{array} \right) \ , \quad \Lambda ^ { \pm } = \frac { 1 } { 2 } ( 1 \pm \gamma ^ { 0 } \gamma ^ { 3 } ) \ , \quad \gamma ^ { 0 } \gamma ^ { 3 } = \left( \begin{array} { r r } { { \bf 1 } } & { 0 } \\ { \noalign { \medskip } 0 } & { { \bf - 1 } } \\ \end{array} \right) \ .",60d511a61a.png,408,125,480,64,7.5
R _ { a b } ^ { e f } ( \vartheta - \vartheta ^ { \prime } ) \left[ t _ { e c } ( \vartheta ) \right] _ { \alpha \gamma } \left[ t _ { f d } ( \vartheta ^ { \prime } ) \right] _ { \gamma \beta } = \left[ t _ { a e } ( \vartheta ^ { \prime } ) \right] _ { \alpha \gamma } \left[ t _ { b f } ( \vartheta ) \right] _ { \gamma \beta } R _ { e f } ^ { c d } ( \vartheta - \vartheta ^ { \prime } ),230b9ebc85.png,391,113,480,32,15.0
\begin{array} { c c } { \theta ^ { i } = \left( \begin{array} { c } { \vartheta _ { - } ^ { a } } \\ { ( \bar { \vartheta } _ { a } ^ { - } ) ^ { t } } \\ \end{array} \right) ~ ~ ~ ~ ~ } & { ~ ~ ~ ~ ~ \tilde { \theta } ^ { i } = \left( \begin{array} { c } { \vartheta _ { + } ^ { a } } \\ { ( \bar { \vartheta } _ { a } ^ { + } ) ^ { t } } \\ \end{array} \right) } \\ \end{array},707daec07f.png,379,117,320,64,5.0
Z ( u ) = \prod _ { p = 1 } ^ { \infty } \frac { \operatorname { s i n } \left[ \widetilde { \gamma } ( ( 2 p - 1 ) i \pi - u ) \right] \operatorname { s i n } \left[ \widetilde { \gamma } ( 2 p i \pi + u ) \right] } { \operatorname { s i n } \left[ \widetilde { \gamma } ( ( 2 p - 1 ) i \pi + u ) \right] \operatorname { s i n } \left[ \widetilde { \gamma } ( 2 p i \pi - u ) \right] } .,57fe8f5281.png,388,110,384,64,6.0
\frac { \operatorname* { d e t } D ( \varphi ) } { \operatorname* { d e t } D ( 0 ) } \; = \; \operatorname* { l i m } _ { \Lambda \to \infty } \left[ \frac { \langle + \mid \varphi + \rangle } { \mid \langle + \mid \varphi + \rangle \mid } \; \frac { \langle \varphi + \mid \varphi - \rangle } { \langle + \mid - \rangle } \; \frac { \langle \varphi - \mid - \rangle } { \mid \langle \varphi - \mid - \rangle \mid } \right],e3c8ebd2e9.png,424,99,480,64,7.5
S _ { r } ^ { \alpha } = { \frac { 1 } { \sqrt { 2 } } } \left( \begin{array} { l l } { f _ { I } ^ { \Lambda } + \mathrm { i } h _ { \Lambda I } } & { \bar { f } _ { I } ^ { \Lambda } + \mathrm { i } \bar { h } _ { \Lambda I } } \\ { f _ { I } ^ { \Lambda } - \mathrm { i } h _ { \Lambda I } } & { \bar { f } _ { I } ^ { \Lambda } - \mathrm { i } \bar { h } _ { \Lambda I } } \\ \end{array} \right),4270860750.png,399,134,256,64,4.0
\partial _ { a _ { 1 } } \ldots \partial _ { a _ { n } } \delta _ { n } \phi = \epsilon _ { a _ { 1 } } ^ { \bar { a } _ { 1 } } \ldots \epsilon _ { a _ { n } } ^ { \bar { a } _ { n } } \bar { \partial } _ { \bar { a } _ { 1 } } \ldots \bar { \partial } _ { \bar { a } _ { n } } ( \rho _ { 0 } ^ { \bar { c } } \bar { \partial } _ { \bar { c } } \phi ) \; + \; { \cal O } ( \phi ^ { 2 } ) .,6bb271f0bf.png,390,139,384,32,12.0
"\eta _ { + } ^ { A } = \epsilon _ { \pi } ( y ) e ^ { - \frac { 1 } { 2 } k | y | } \left( \begin{array} { c } { \hat { \eta } _ { R } } \\ { - \hat { \eta } _ { L } } \\ \end{array} \right) ^ { A } \ , \qquad \eta _ { - } ^ { A } = \epsilon _ { 0 } ( y ) e ^ { - \frac { 1 } { 2 } k | y | } \left( \begin{array} { c } { \hat { \eta } _ { L } } \\ { \hat { \eta } _ { R } } \\ \end{array} \right) ^ { A } \ ,",5ee25ed35c.png,408,140,480,64,7.5
"Q _ { + } ^ { I } = \frac { \partial } { \partial \theta _ { I } ^ { + } } - i \eta ^ { I J } \theta _ { J } ^ { + } \frac { \partial } { \partial \sigma ^ { + } } , \ \ \ \ Q _ { - } ^ { I ^ { \prime } } = \frac { \partial } { \partial \theta _ { I ^ { \prime } } ^ { - } } - i \eta ^ { I ^ { \prime } J ^ { \prime } } \theta _ { J ^ { \prime } } ^ { - } \frac { \partial } { \partial \sigma ^ { + } } ,",1fd03f9b6a.png,404,136,480,64,7.5
"{ \langle 0 \rangle } _ { \Sigma } \left[ { \bf x } _ { 0 } ^ { \partial \Sigma } \right] = \int _ { { \bf x } \nolinebreak \left\{ \begin{array} { l l } { ( 1 0 , 3 ) ( 0 , 0 ) \setlength { \unitlength } { . 5 p t } \put ( 1 , - 7 ) { \line ( 0 , 1 ) { 1 4 } } \put ( 2 , - 7 ) { \scriptscriptstyle \partial \Sigma } } \\ \end{array} \right. = { \bf x } _ { 0 } } \operatorname { e x p } { \left( - S \left[ { \bf x } ^ { \Sigma } \right] \right) } d \! { \bf x } ^ { \Sigma } \ .",78e6d91a44.png,481,140,320,64,5.0
"\begin{array} { c } { \displaystyle { \sum _ { \nu = 3 / 2 } ^ { \infty } \nu ^ { - ( s - k - 1 ) } } \ \Re \left\{ \displaystyle { \frac { - e ^ { \displaystyle { - \imath \frac { \pi } { 2 } ( s + 1 ) } } } { \pi } } \, \displaystyle { \int _ { - \imath z } ^ { \infty - \imath z } } t ^ { - s } \, \displaystyle { D _ { T E } ^ { ( k ) } ( t ) } \ d t \right\} , } \\ \end{array}",46568e057b.png,382,118,480,128,3.75
\begin{array} { c } { L = g _ { \alpha \beta } ( d X ^ { \alpha } \cdot d X ^ { \beta } ) + 2 g _ { \alpha a } ( d X ^ { \alpha } \cdot d X ^ { a } ) + g _ { a b } ( d \Phi ^ { a } \cdot d \Phi ^ { b } ) + } \\ { + b _ { \alpha \beta } d X ^ { \alpha } \wedge d X ^ { \beta } + 2 b _ { \alpha a } d X ^ { \alpha } \wedge d \Phi ^ { a } + b _ { a b } d \Phi ^ { a } \wedge d \Phi ^ { b } } \\ \end{array},1b3d33bdf8.png,403,141,480,64,7.5
\pi _ { 1 } ^ { \prime \prime } + \pi _ { 1 } ^ { \prime } \Bigl ( { \frac { 6 } { \lambda \phi ^ { 5 } } } + { \frac { 9 } { \phi } } \Bigr ) + \pi _ { 1 } \Bigl ( { \frac { 6 } { \lambda \phi ^ { 6 } } } + { \frac { 1 5 } { \phi ^ { 2 } } } + { \frac { 3 6 \pi } { \lambda \phi ^ { 4 } } } - { \frac { \lambda _ { 1 } } { \pi \phi ^ { 6 } } } \Bigl ( { \frac { 6 \pi } { \lambda } } \Bigr ) ^ { 3 / 2 } \Bigr ) = 0 \ .,791630c267.png,420,147,480,64,7.5
E _ { t o t } ^ { \bar { M } } ( \Sigma ) = { \frac { \lambda ^ { 2 } } { 4 8 \pi } } \left[ \int _ { - \infty } ^ { v _ { 1 } } \left( 1 - \partial _ { v } \bar { v } \right) ^ { 2 } + \int _ { v _ { 1 } } ^ { v _ { 2 } } \left( 1 - \partial _ { v } \bar { v } \right) ^ { 2 } + \int _ { v _ { 2 } } ^ { \infty } \left( 1 - \partial _ { v } \bar { v } \right) ^ { 2 } \right],706fe847f6.png,376,132,480,64,7.5
"\partial { } _ { \mu } \overline { { F } } ^ { \prime a \mu \nu } - \overline { { f } } ^ { a } { } _ { c b } \overline { { F } } ^ { \prime c \mu \nu } \overline { { A } } ^ { \prime b } { } _ { \mu } { } + \overline { { A } } ^ { \prime b } { } _ { \mu } \overline { { R } } ^ { \prime a } { } _ { b } { } ^ { \mu \nu } - \overline { { C } } ^ { a } { } _ { d \mu } \overline { { F } } ^ { \prime d \mu \nu } = 0 ,",73c3f8a3c2.png,416,146,480,32,15.0
"\left\langle - p _ { 0 N } \right| h _ { \mu \nu } ( p _ { 0 } ) \alpha _ { 1 } ^ { \mu } \tilde { \alpha } _ { 1 } ^ { \nu } = \left. \frac { 4 } { \alpha ^ { \prime } } h _ { \mu \nu } ( p _ { 0 } ) \frac { \partial ^ { 2 } } { \partial \bar { \psi } _ { 1 \mu } \partial \psi _ { 1 \nu } } \left\langle \Omega \left( \psi _ { n } , \bar { \psi } _ { n } ; p _ { 0 } \right) \right| \right| _ { \psi , \bar { \psi } = 0 } ~ ,",2a91fb965b.png,427,135,480,64,7.5
"\begin{array} { c } { \Gamma ^ { M } \Gamma ^ { N } + \Gamma ^ { N } \Gamma ^ { M } = 2 \eta ^ { M N } , \qquad \eta ^ { M N } = ( + , - , - , \dots ) , } \\ { ( \Gamma ^ { M } ) ^ { * } = - \Gamma ^ { M } , \qquad ( \Gamma ^ { 0 } ) ^ { \mathrm { T } } = - \Gamma ^ { 0 } , \qquad ( \Gamma ^ { i } ) ^ { \mathrm { T } } = \Gamma ^ { i } , \quad i = 1 , \dots , 9 . } \\ \end{array}",344bacb76a.png,382,132,480,64,7.5
"B _ { 4 , 6 , 8 } = \left[ \begin{array} { l l l l } { Q _ { 1 , 2 , 3 } } & { } & { \vdots } & { 0 } \\ { \cdots } & { \cdots } & { \cdots } & { } \\ { 0 } & { } & { \vdots } & { 0 } \\ \end{array} \right] , \ \ B _ { 5 , 7 , 9 } = \left[ \begin{array} { l l l l } { P _ { 1 , 2 , 3 } } & { } & { \vdots } & { 0 } \\ { \cdots } & { \cdots } & { \cdots } & { } \\ { 0 } & { } & { \vdots } & { 0 } \\ \end{array} \right]",739ed61b24.png,419,149,480,128,3.75
{ \cal C } \left[ \begin{array} { c } { { \alpha } _ { 1 } \ \cdots \ \alpha _ { g } } \\ { { \beta } _ { 1 } \ \cdots \ \beta _ { g } } \\ \end{array} \right] = { \cal C } \left[ \begin{array} { c } { { \alpha } _ { 1 } } \\ { { \beta } _ { 1 } } \\ \end{array} \right] { \cal C } \left[ \begin{array} { c } { { \alpha } _ { 2 } } \\ { { \beta } _ { 2 } } \\ \end{array} \right] \cdots { \cal C } \left[ \begin{array} { c } { { \alpha } _ { g } } \\ { { \beta } _ { g } } \\ \end{array} \right],4fe2a63c1b.png,495,142,384,64,6.0
"\tilde { s } _ { q 1 } ^ { ( 2 ) } ( \tilde { x } , t ) = - \frac { i } { 1 2 \mu } \bigl \{ \bigl [ \partial _ { \tilde { x } } \psi ^ { * } ( \tilde { x } , t ) \bigr ] \tilde { x } \partial _ { \tilde { x } } ^ { 2 } \psi ( \tilde { x } , t ) - \bigl [ \partial _ { \tilde { x } } ^ { 2 } \psi ^ { * } ( \tilde { x } , t ) \bigr ] \tilde { x } \partial _ { \tilde { x } } \psi ( \tilde { x } , t ) \bigr \} .",4969892773.png,411,140,480,64,7.5
"\begin{array} { l l } { \partial X _ { c l } ( z ) = a \omega ( z ) , } & { \partial \bar { X } _ { c l } ( z ) = \bar { a } \omega ^ { \prime } ( z ) , } \\ { \bar { \partial } X _ { c l } ( \bar { z } ) = b \bar { \omega } ^ { \prime } ( \bar { z } ) , } & { \bar { \partial } \bar { X } _ { c l } ( \bar { z } ) = \bar { b } \bar { \omega } ( \bar { z } ) , } \\ \end{array}",127e4a9400.png,377,130,320,64,5.0
2 L _ { z } = \left( \begin{array} { l l } { \ell } & { 0 } \\ { \noalign { \smallskip } 0 } & { - \ell } \\ \end{array} \right) \qquad 2 L _ { y } = \left( \begin{array} { l l } { 0 } & { 1 } \\ { \noalign { \smallskip } - 1 } & { 0 } \\ \end{array} \right) \qquad 2 L _ { x } = \left( \begin{array} { l l } { 0 } & { \ell } \\ { \noalign { \smallskip } \ell } & { 0 } \\ \end{array} \right),4c642180d9.png,392,109,480,64,7.5
"\{ Q _ { A } , Q _ { B } \} = Z _ { A B } = \left( C \Gamma ^ { \widetilde { \mu } _ { 1 } \widetilde { \mu } _ { 2 } } \right) _ { A B } \, Z _ { [ \widetilde { \mu } _ { 1 } \widetilde { \mu } _ { 2 } ] } + \left( C \Gamma ^ { \widetilde { \mu } _ { 1 } \ldots \widetilde { \mu } _ { 6 } } \right) _ { A B } \, Z _ { [ \widetilde { \mu } _ { 1 } \ldots \widetilde { \mu } _ { 6 } ] } \, ,",44b43c4d1d.png,390,128,480,64,7.5
"D _ { \alpha } ^ { \mathbf i } = \partial _ { \alpha } ^ { \mathbf i } + i { \bar { \theta } } ^ { \dot { \alpha } { \mathbf i } } \partial _ { \alpha \dot { \alpha } } \ , \qquad \quad { \bar { D } } _ { \dot { \alpha } { \mathbf i } } = - { \bar { \partial } } _ { \dot { \alpha } { \mathbf i } } - i { \theta } _ { \mathbf i } ^ { \alpha } \partial _ { \alpha \dot { \alpha } } .",2f3b509b79.png,382,113,384,32,12.0
V _ { \mathrm { n p } } \rightarrow \frac { A ^ { 2 } N _ { \mathrm { c r } } ^ { 2 } \Sigma _ { 0 } ^ { 3 } } { 3 2 } \left[ - { \frac { 1 0 } { 3 } } - 2 \operatorname { l o g } \frac { \Lambda _ { \mathrm { n p } } e ^ { \delta _ { 0 } } } { \Sigma _ { 0 } } + { \frac { 3 } { 2 } } \operatorname { l o g } ^ { 2 } \frac { \Lambda _ { \mathrm { n p } } e ^ { \delta _ { 0 } } } { \Sigma _ { 0 } } \right] \rightarrow \infty,11e0c4d672.png,426,143,480,64,7.5
"\left\{ \begin{array} { l l l } { \delta _ { \varepsilon } h _ { \mu \nu } } & { = } & { \partial _ { \mu } \varepsilon _ { \nu } + \partial _ { \nu } \varepsilon _ { \mu } , } \\ { \delta _ { \varepsilon } \theta _ { \mu } } & { = } & { \varepsilon _ { \mu } + \partial _ { \mu } \varepsilon , } \\ { \delta _ { \varepsilon } \varphi } & { = } & { \varepsilon . } \\ \end{array} \right.",1696520779.png,387,103,384,96,4.0
\left. \begin{array} { l } { \gamma = x ( \partial \Sigma ) } \\ { \hspace { 3 m m } = { \gamma _ { \mu } } ^ { \prime } \circ { \gamma _ { \mu - 1 } } ^ { \prime } \circ \cdots \circ { \gamma _ { 3 } } ^ { \prime } \circ { \gamma _ { 2 } } ^ { \prime } \circ \gamma _ { g + 1 } \circ \gamma _ { g } \circ \cdots \circ \gamma _ { 2 } \circ \gamma _ { 1 } } \\ \end{array} \right.,183019d974.png,379,106,384,96,4.0
"\Delta _ { \varepsilon , \overline { { \varepsilon } } } ^ { ( 0 ) } = \left( 1 - \frac { \sigma ^ { 2 } } 2 \right) \cdot \frac { m - i \varepsilon \widehat { p } } { 2 m } \cdot \frac { m - i \overline { { \varepsilon } } \overline { { p } } } { 2 m } \cdot \left( 1 - \sigma _ { p } ^ { 2 } \right) = \Psi _ { \varepsilon , , \overline { { \varepsilon } } } ^ { ( 0 ) } \cdot \overline { { \Psi } } _ { \varepsilon , \overline { { \varepsilon } } } ^ { ( 0 ) } ,",70245940c1.png,465,130,480,64,7.5
"\begin{array} { c } { [ s _ { \alpha \beta } , s _ { \gamma \delta } ] = \epsilon _ { \alpha \delta } s _ { \beta \gamma } + \epsilon _ { \beta \delta } s _ { \alpha \gamma } + \epsilon _ { \alpha \gamma } s _ { \beta \delta } + \epsilon _ { \beta \gamma } s _ { \alpha \delta } \, , } \\ { { } } \\ { s _ { \alpha \beta } = s _ { \alpha } { } ^ { \gamma } \epsilon _ { \gamma \beta } = s _ { \beta \alpha } \, . } \\ \end{array}",e777f93896.png,429,118,384,96,4.0
"\rho _ { m _ { 0 } \rightarrow m _ { 1 } + \cdots + m _ { N } } ^ { D } = \left( \prod _ { i = 1 } ^ { N } \int \frac { d ^ { n } \! \vec { \mu _ { i } } } { ( 2 \pi ) ^ { n } } \right) \int d ^ { n } \vec { k } \, \, \mathrm { e } ^ { i \vec { k } . \sum _ { i } \vec { \mu _ { i } } } \, \rho _ { m _ { 0 } \rightarrow m _ { 1 \mu _ { 1 } } + \cdots + m _ { N \mu _ { N } } } ^ { D - n }",3d46356e96.png,389,147,480,64,7.5
"\phi = \left\{ \begin{array} { l } { - \frac { b } { | b | } \operatorname { l o g } \left| \frac { \alpha _ { 1 } \operatorname { s i n h } \rho x ^ { 5 } } { \rho } + \beta \operatorname { c o s h } \rho x ^ { 5 } \right| \, x ^ { 5 } < 0 } \\ { - \frac { b } { | b | } \operatorname { l o g } \left| \frac { \alpha _ { 2 } \operatorname { s i n h } \rho x ^ { 5 } } { \rho } - \beta \operatorname { c o s h } \rho x ^ { 5 } \right| \, x ^ { 5 } > 0 , } \\ \end{array} \right.",d49b7b4071.png,478,146,384,64,6.0
"{ \frac { 1 } { 2 } } \bar { \theta } ( 1 - \Gamma ^ { 5 } ) { \slash \hspace { - 7 p t } { \Pi _ { \bar { z } } } } \, ( 1 - \Gamma ^ { 5 } ) \partial _ { z } \theta = { \frac { 1 } { 2 } } \bar { \theta } ( 1 - \Gamma ^ { 5 } ) \left( \gamma _ { 0 } \Pi _ { \bar { z } } { } ^ { 0 } + \sum _ { a = 5 } ^ { a = 9 } \gamma _ { a } \Pi _ { \bar { z } } { } ^ { a } \right) \partial _ { z } \theta \ .",61ce1a307e.png,399,143,480,64,7.5
"\{ f , g \} _ { \Lambda } = \omega ^ { i j } \left( \frac { \partial f } { \partial x ^ { i } } \frac { \partial _ { l } g } { \partial \theta _ { j } } - \frac { \partial _ { r } f } { \partial \theta _ { i } } \frac { \partial g } { \partial x ^ { j } } \right) + \frac { \partial _ { r } f } { \partial \theta ^ { i } } ( \theta ^ { k } { \partial \omega ^ { i j } } / { \partial x ^ { k } } ) \frac { \partial _ { l } g } { \partial \theta _ { j } }",6480bf25bd.png,453,139,480,64,7.5
"Z _ { o n e - l o o p } = \int { \frac { d ^ { 2 } \tau } { ( \mathrm { I m } \tau ) ^ { { \frac { D } { 2 } } + 1 } | \eta | ^ { 2 4 } } } \sum _ { \alpha , \beta } C \Big [ \begin{array} { c } { \alpha } \\ { \beta } \\ \end{array} \Big ] \, \prod _ { f \in F ^ { \prime } } \Theta ^ { 1 / 2 } \Big [ \begin{array} { c } { \alpha ( f ) } \\ { \beta ( f ) } \\ \end{array} \Big ] ( \tau ) .",41879fde8a.png,391,128,480,64,7.5
"\left[ \begin{array} { c c } { \Psi _ { 1 } ( t ) } \\ { \Psi _ { 2 } ( t ) } \\ \end{array} \right] = \left[ \begin{array} { c c } { \operatorname { c o s } { \theta _ { v } } } & { - \operatorname { s i n } { \theta _ { v } } } \\ { \operatorname { s i n } { \theta _ { v } } } & { \operatorname { c o s } { \theta _ { v } } } \\ \end{array} \right] \left[ \begin{array} { c c } { \Psi _ { e } ( t ) } \\ { \Psi _ { \mu } ( t ) } \\ \end{array} \right] \, ,",60812b1a2d.png,459,136,384,96,4.0
\tilde { H } \eta = \left( \begin{array} { c c c c } { 0 } & { } & { { } ^ { t } \mathrm { \boldmath ~ a ~ } } & { } \\ { \hline } & { } & { } & { } \\ { \mathrm { \boldmath ~ a ~ } } & { } & { \mathrm { \boldmath ~ 0 ~ } } & { } \\ \end{array} \right) \hspace { 1 0 m m } \mathrm { w h e r e } \quad \mathrm { \boldmath ~ a ~ } = - \left( \begin{array} { c } { \partial _ { 1 } \phi } \\ { \vdots } \\ { \partial _ { n + 1 } \phi } \\ \end{array} \right) .,5929835275.png,457,138,480,128,3.75
\lambda _ { L } ^ { ( 3 ) } = \bar { \lambda } _ { L } \biggr [ 1 + \bar { \lambda } _ { L } \frac { 2 } { \pi } \sum _ { i = 0 } ^ { L } \frac { k ^ { 2 ( L - i ) } \Lambda ^ { 2 i + 1 } } { 2 i + 1 } + \bar { \lambda } _ { L } ^ { 2 } \biggr ( \frac { 2 } { \pi } \sum _ { i = 0 } ^ { L } \frac { k ^ { 2 ( L - i ) } \Lambda ^ { 2 i + 1 } } { 2 i + 1 } \biggr ) ^ { 2 } \biggr ],1b780852e9.png,380,145,480,64,7.5
"\widehat { V } ^ { \dagger } ( k _ { 1 } , k _ { 2 } ) = e ^ { i \sqrt { 2 | \theta ^ { 1 2 } | } \; \left( \kappa \hat { a } + \overline { { \kappa } } \hat { a } ^ { \dagger } \right) } = e ^ { - | \theta ^ { 1 2 } | \kappa \overline { { \kappa } } } \, e ^ { i \sqrt { 2 | \theta ^ { 1 2 } | } \; \overline { { \kappa } } \hat { a } ^ { \dagger } } \, e ^ { i \sqrt { 2 | \theta ^ { 1 2 } | } \; \kappa \hat { a } } ~ ,",7beb720563.png,422,142,480,32,15.0
{ \frac { d ^ { 2 } x ^ { \rho } } { d \tilde { \lambda } ^ { 2 } } } + \tilde { \Gamma } _ { \mu \nu } ^ { \rho } { \frac { d x ^ { \mu } } { d \tilde { \lambda } } } { \frac { d x ^ { \nu } } { d \tilde { \lambda } } } = - { \frac { 1 } { 2 } } { \frac { { \cal W } ^ { \prime } } { \cal W } } { \frac { d y } { d \tilde { \lambda } } } { \frac { d x ^ { \rho } } { d \tilde { \lambda } } } .,4a9cb5dc5f.png,394,137,320,64,5.0
"\left\{ \begin{array} { r c l } { d \hat { s } ^ { 2 } } & { = } & { V ^ { - 1 } d t ^ { 2 } - d \vec { x } ^ { 2 } - \left( V ^ { \frac { 1 } { 2 } } d x ^ { \underline { { 4 } } } + n \ V ^ { - \frac { 1 } { 2 } } d t \right) ^ { 2 } - d x ^ { \underline { { I } } } d x ^ { \underline { { I } } } \, , } \\ { \hat { B } } & { = } & { \hat { \phi } = 0 \, . } \\ \end{array} \right.",79f49fae5a.png,384,143,480,128,3.75
"{ \check { c } } _ { \gamma , \sigma \dot { \beta } } ^ { \enspace \enspace \enspace \, \sigma \dot { \sigma } } = \bar { c _ { a } } ^ { \sigma \dot { \sigma } } E _ { \gamma } { c _ { \sigma \dot { \beta } } } ^ { a } + { c _ { \sigma \dot { \beta } } } ^ { a } \bar { c _ { b } } ^ { \sigma \dot { \sigma } } { c _ { \gamma a } } ^ { b } - { c _ { \gamma \dot { \beta } } } ^ { \dot { \sigma } }",2c0d69e76f.png,398,128,320,32,10.0
\partial _ { \nu } \left\{ \begin{array} { c } { L \left( \begin{array} { c } { G _ { \mu } } \\ { H _ { \mu } } \\ \end{array} \right) } \\ \end{array} \right\} = \{ \partial _ { \nu } ( L A _ { \mu } ^ { a } ) \} \left( \begin{array} { c } { \frac { \partial n ^ { a } } { \partial \theta } } \\ { \frac { 1 } { \operatorname { s i n } \theta } \frac { \partial n ^ { a } } { \partial \varphi } } \\ \end{array} \right) + D _ { \nu \mu },617c0d1030.png,439,118,384,64,6.0
"[ \ell _ { \mu } ^ { j } , \, q \cdot \! \nu ] = - i \left[ j \, \mu \cdot \nu \, \ell _ { \mu } ^ { j - 1 } + \sum _ { \rho \in \Delta _ { + } } g _ { | \rho | } ( \rho \cdot \mu ) ( \rho ^ { \vee } \! \cdot \nu ) \frac { \ell _ { \mu } ^ { j } - \ell _ { s _ { \rho } ( \mu ) } ^ { j } } { \ell _ { \mu } - \ell _ { s _ { \rho } ( \mu ) } } \check { s } _ { \rho } \right] ,",2fdc8b2042.png,376,131,480,64,7.5
"\hat { q } = i \hbar ( - 1 ) ^ { \varepsilon _ { \alpha } } \bigg ( \frac { \delta _ { l } } { \delta \psi ^ { \alpha } } - ( - 1 ) ^ { \varepsilon _ { i } \; \varepsilon _ { \alpha } } \; \cdot \; \; ( \Gamma ^ { ' ^ { \prime } - 1 } ) ^ { i j } \; \, \bigg ( \frac { \delta _ { l } } { \delta \varphi ^ { j } } \frac { \delta _ { l } \Gamma } { \delta \psi ^ { \alpha } } \bigg ) \frac { \delta _ { l } } { \delta \varphi ^ { i } } \bigg ) \cdot ule { 2.1 cm } { 0 cm }",2228cfaca6.png,471,145,480,64,7.5
"\left( \bar { a } _ { \alpha } ^ { n ^ { \prime } } \bar { b } ^ { m ^ { \prime } \beta } - \frac { 1 } { C } \delta _ { \alpha } ^ { \, \beta } \bar { a } ^ { n ^ { \prime } } \cdot \bar { b } ^ { m ^ { \prime } } \right) | 0 > , \quad \bar { a } _ { \alpha _ { 1 } } ^ { n _ { 1 } ^ { \prime } } \cdots \bar { a } _ { \alpha _ { k } } ^ { n _ { k } ^ { \prime } } | 0 > , \quad e t c .",35320a5d23.png,387,137,480,64,7.5
"H ( z _ { 2 } ^ { \prime } , z _ { 3 } ^ { \prime } , P _ { 2 } ^ { \prime } , P _ { 3 } ^ { \prime } ) = - \int _ { z _ { 0 } } ^ { z _ { A } ^ { \prime } } \frac { \partial \beta _ { A } } { \partial \mu } ( z _ { 2 } ^ { \prime } , z _ { 3 } ^ { \prime } , z _ { A } ^ { \prime \prime } ) ~ d z _ { A } ^ { \prime \prime } + f ( z _ { 2 } ^ { \prime } , z _ { 3 } ^ { \prime } )",1bacb64540.png,381,145,480,64,7.5
"\Upsilon _ { \alpha \beta \gamma } ^ { g _ { 1 } g _ { 2 } } \: = \: \left( \Upsilon _ { \alpha \beta \gamma } ^ { g _ { 2 } } \right) \, \left( g _ { 2 } ^ { * } \Upsilon _ { \alpha \beta \gamma } ^ { g _ { 1 } } \right) \, \left( \Omega _ { \alpha \beta } ^ { g _ { 1 } , g _ { 2 } } \right) \, \left( \Omega _ { \beta \gamma } ^ { g _ { 1 } , g _ { 2 } } \right) \, \left( \Omega _ { \gamma \alpha } ^ { g _ { 1 } , g _ { 2 } } \right)",78dc1c5000.png,438,136,384,64,6.0
"\begin{array} { l l } { \bar { C } _ { z z } ^ { \prime \prime } = - b _ { z z } , } & { C ^ { + \prime } = c ^ { z } , } \\ { \bar { \Gamma } _ { + z } ^ { \prime \prime } = - i \beta _ { + z } , } & { \Gamma ^ { + \prime } = - i \gamma ^ { + } , } \\ { \bar { \Gamma } _ { - z } ^ { \prime \prime } = \beta _ { - z } , } & { \Gamma ^ { - \prime } = - \gamma ^ { - } , } \\ \end{array}",2955e3b54b.png,386,135,384,96,4.0
\nabla = \beta _ { g } g \frac { \partial } { \partial g } + \beta _ { \xi } \xi \frac { \partial } { \partial \xi } + \beta _ { \sigma } \sigma \frac { \partial } { \partial \sigma } + \beta _ { \rho } \rho \frac { \partial } { \partial \rho } + \gamma _ { Q } \mathbf { N } _ { Q } + \gamma _ { \bar { Q } } \mathbf { N } _ { \bar { Q } } + \gamma _ { B } \mathbf { N } _ { B } .,30ce9ff0e8.png,381,110,480,64,7.5
\tilde { H } = \int \mathrm { d } x ~ \left[ | \tilde { \Pi } _ { \alpha } + \frac { \Theta } { 8 \pi ^ { 2 } } \tilde { \Pi } _ { \alpha } ^ { H } | ^ { 2 } + | \partial _ { i } \tilde { Z } _ { \alpha } | ^ { 2 } - ( \tilde { Z } _ { \alpha } ^ { * } \partial _ { i } \tilde { Z } _ { \alpha } ) ( \tilde { Z } _ { \beta } \partial _ { i } \tilde { Z } _ { \beta } ^ { * } ) \right] .,55636495f5.png,386,129,480,64,7.5
"b _ { 4 } = \frac { 2 } { 3 } \frac { \omega _ { t } ^ { 2 } } { \omega _ { y } ^ { 2 } } \frac { 1 } { \epsilon _ { y } ^ { 2 } } + \frac { 3 \omega _ { y } ^ { 2 } - \omega _ { t } ^ { 2 } } { 2 \omega _ { y } ^ { 2 } + 2 \omega _ { t } ^ { 2 } } \, , \qquad c _ { 4 } = - 2 \frac { \omega _ { t } ^ { 2 } } { \omega _ { y } ^ { 2 } } \frac { 1 } { \epsilon _ { y } ^ { 2 } } \, .",7a5390e44e.png,382,149,384,64,6.0
"\begin{array} { l l l } { \psi } & { = } & { \operatorname { e x p } { \phi } } \\ { \varphi } & { = } & { { \displaystyle \frac { d \phi } { d z } } } \\ \end{array} \hspace { 3 t r u e c m } \begin{array} { r r c } { \phi } & { = } & { \phi ( z , \overline { { z } } ) } \\ { \overline { { \varphi } } } & { = } & { { \displaystyle \frac { d { \phi } } { d \overline { { z } } } } } \\ \end{array}",6aa28cec65.png,399,124,384,64,6.0
\begin{array} { c } { u ^ { \alpha } = u _ { 0 } ^ { \alpha } + \xi ^ { \alpha } s - \frac 1 2 \left( \stackrel { s } { \Gamma } _ { \beta \gamma } ^ { \alpha } \right) _ { 0 } \xi ^ { \beta } \xi ^ { \gamma } s ^ { 2 } - } \\ { \frac 1 { 3 ! } \left( \Gamma ^ { \alpha } { } _ { \beta \gamma \delta } \right) _ { 0 } \xi ^ { \beta } \xi ^ { \gamma } \xi ^ { \delta } s ^ { 3 } - \cdots } \\ \end{array},198a924504.png,403,122,256,64,4.0
"\widetilde { \Phi } _ { c } ^ { 2 } \simeq \frac { 4 ! 4 N \widetilde { h } ^ { 2 } \widetilde { m } ^ { 2 } } { ( 4 \pi ) ^ { 2 } } \left( \frac { N \widetilde { h } ^ { 4 } } { ( 4 \pi ) ^ { 2 } } - \widetilde { \lambda } \right) ^ { - 1 } \simeq \frac { 9 6 \xi \widetilde { m } ^ { 2 } } { \widetilde { h } ^ { 2 } } , \ \ \ \ \ R _ { c } \simeq \frac { 2 \widetilde { m } ^ { 2 } } { \widetilde { \xi } } .",5e29a80deb.png,411,136,480,64,7.5
"U ( \lambda \mu \rho ) = { \frac { 1 } { d ( \rho ) } } U _ { k _ { 1 } \, \, k _ { 2 } } ^ { \, \, l _ { 1 } \, \, l _ { 2 } } \left( \begin{array} { c c c } { \lambda } & { \mu } & { \rho } \\ { k _ { 1 } } & { k _ { 2 } } & { m } \\ \end{array} \right) \left( \begin{array} { c c c } { \lambda } & { \mu } & { \rho } \\ { l _ { 1 } } & { l _ { 2 } } & { m } \\ \end{array} \right) ^ { \ast } .",5e5e1b525c.png,396,139,384,64,6.0
"\left\{ \begin{array} { l } { J _ { \phi } ^ { r s } = \int d \tilde { q } \, I \left( \tau , \vec { q } \right) \left( q ^ { r } \frac \partial { \partial q ^ { s } } - q ^ { s } \frac \partial { \partial q ^ { r } } \right) \varphi \left( \tau , \vec { q } \right) , } \\ { J _ { \phi } ^ { \tau r } = - \tau P _ { \phi } ^ { r } - \int d \tilde { q } \, \omega \left( q \right) I \left( \tau , \vec { q } \right) \frac \partial { \partial q ^ { r } } \varphi \left( \tau , \vec { q } \right) . } \\ \end{array} \right.",1c6e681325.png,521,146,384,96,4.0
"S _ { G , A } = \frac 1 2 \int _ { 0 } ^ { T } d \tau \left[ \begin{array} { c } { \left( D _ { \tau } X _ { i } ^ { M } \right) \varepsilon ^ { i j } X _ { j } ^ { N } \, \, G _ { M N } \left( X _ { 1 } , X _ { 2 } \right) } \\ { + \left( D _ { \tau } X _ { i } ^ { M } \right) \varepsilon ^ { i j } A _ { j N } \left( X _ { 1 } , X _ { 2 } \right) \, . \, } \\ \end{array} \right]",1daf6735e4.png,382,132,384,64,6.0
"\begin{array} { l } { R ( \Delta ) = I ( \Delta ) = \Delta ^ { N - 1 } ( \Delta ^ { - 1 } \Omega \Delta ^ { - 1 } ) ^ { N - 1 } , } \\ { R ( \Omega ) = \Delta ^ { N - 2 } \Omega ( \Delta ^ { - 1 } \Omega \Delta ^ { - 1 } ) ^ { N - 1 } , } \\ { I ( \Omega ) = \Delta ^ { N - 1 } ( \Delta ^ { - 1 } \Omega \Delta ^ { - 1 } ) ^ { N - 1 } \Omega \Delta ^ { - 1 } . } \\ \end{array}",258f5ea675.png,377,129,384,96,4.0
"\left\{ \begin{array} { r c l } { \bar { \Psi } \equiv \displaystyle \frac { \delta Z } { \delta \eta } ule { 0 mm } { 5 mm } , } \\ { \Psi \equiv \displaystyle \frac { \delta Z } { \delta \bar { \eta } } ule { 0 mm } { 5 mm } , } \\ \end{array} \right. \hspace { 1 c m } \Rightarrow \hspace { 1 c m } \left\{ \begin{array} { r c l } { \bar { \eta } = \displaystyle \frac { \delta \Gamma } { \delta \Psi } ule { 0 mm } { 5 mm } , } \\ { \eta = \displaystyle \frac { \delta \Gamma } { \delta \bar { \Psi } } ule { 0 mm } { 5 mm } . } \\ \end{array} \right.",734483595b.png,555,143,384,96,4.0
"\Psi ( p = 0 ) = \frac { c _ { 1 } } { \sqrt 2 } \left( \begin{array} { c } { \omega + 1 } \\ { \omega - 1 } \\ { 0 } \\ { 0 } \\ \end{array} \right) + \frac { c _ { 2 } } { \sqrt 2 } \left( \begin{array} { c } { 0 } \\ { 0 } \\ { \omega - 1 } \\ { \omega + 1 } \\ \end{array} \right) + \frac { c _ { 3 } } { \sqrt 8 } \left( \begin{array} { c } { \omega - 1 } \\ { \omega + 1 } \\ { \lambda ( \omega + 1 ) } \\ { \lambda ( \omega - 1 ) } \\ \end{array} \right) ,",618d34350e.png,463,137,480,128,3.75
"{ e } _ { \hat { 0 } } ^ { \; \; 0 } { \bar { e } } _ { \alpha } ^ { \; \; i } \left[ - \frac { 1 } { 2 } \frac { \partial \Gamma ^ { ( 2 ) } } { \partial v ^ { i } } \right] = { e } _ { \hat { 0 } } ^ { \; \; 0 } { \bar { e } } _ { \alpha } ^ { \; \; i } \left[ B _ { i } ^ { v ( 2 ) } \right] + { e } _ { \alpha } ^ { \; \; \mu } { e } _ { \hat { 0 } } ^ { \; \; \nu } K _ { \mu \nu } ^ { g } ,",5e08a47cda.png,396,149,384,64,6.0
"\delta \Psi \bigg ( \phi ^ { A } , \, \phi _ { A } ^ { * } ; \, \frac { \delta _ { l } } { \delta \phi ^ { A } } , \, \frac { \delta } { \delta \phi _ { A } ^ { * } } \bigg ) = \delta \Psi \bigg ( \varphi ^ { i } , \, \psi ^ { \alpha } , \, \phi _ { A } ^ { * } ; \, \frac { \delta _ { l } } { \delta \varphi ^ { i } } , \, \frac { \delta _ { l } } { \delta \psi ^ { \alpha } } , \, \frac { \delta } { \delta \phi _ { A } ^ { * } } \bigg )",7f739ab394.png,439,142,480,64,7.5
"\left. \begin{array} { l } { \partial _ { \phi } F ^ { a } = 0 , \, \, \, \, \, \, \, \, \, \, \, \, \, \, \partial _ { \pi _ { \phi } } G ^ { a } = 0 , } \\ { F ^ { b } \partial _ { b } G ^ { a } - G ^ { b } \partial _ { b } F ^ { a } + \pi _ { \phi } \partial _ { \phi } G ^ { a } - 2 ( e ^ { \phi } - e ^ { - 2 \phi } ) \partial _ { \pi _ { \phi } } F ^ { a } = 0 , } \\ \end{array} \right.",464d3a13ed.png,393,138,480,64,7.5
"( e ^ { - 2 \eta } ) _ { \mathrm { f i x } } = \left| \frac { p _ { 2 } \, p _ { 4 } } { q _ { 1 } q _ { 3 } } \right| \ , \qquad ( e ^ { - 2 \sigma } ) _ { \mathrm { f i x } } = \left| \frac { p _ { 2 } \, q _ { 3 } } { q _ { 1 } p _ { 4 } } \right| \ , \qquad ( e ^ { - 2 \rho } ) _ { \mathrm { f i x } } = \left| \frac { p _ { 4 } \, q _ { 3 } } { q _ { 1 } p _ { 2 } } \right| \ .",6764c3bdb5.png,384,149,480,64,7.5
"\operatorname { e x p } \left\{ - \Gamma _ { \mathrm { W } } [ \tilde { A } \, ] \right\} \propto \prod _ { n = - \infty } ^ { \infty } \left( \; \int \mathcal { D } \chi _ { n } ^ { \dagger } \, \mathcal { D } \chi _ { n } \; \operatorname { e x p } \left\{ - \mathrm { I } _ { \, 3 } \left[ \, \chi _ { n } ^ { \dagger } , \chi _ { n } , \tilde { A } \, \right] \right\} \; \right) \; ,",6aff47529a.png,388,110,480,64,7.5
\partial _ { a } \operatorname { l n } V _ { M } \Gamma _ { \hat { a } } \eta - { \frac { 1 } { V _ { M } } } \partial _ { a } \tilde { E } _ { M } \Gamma _ { \hat { a } } \Gamma _ { M } ^ { \perp } \eta - { \frac { 1 } { 2 } } \sum _ { N } ( \bar { q } _ { N M } - 1 ) { \frac { 1 } { V _ { N } } } \partial _ { a } E _ { N } \Gamma _ { \hat { a } } \Gamma _ { N } \eta \qquad \qquad,2dfaca14a7.png,384,136,480,64,7.5
"\check { Q } _ { i b } ( \tau ) \check { \vec { A } } _ { a \perp } ( \tau , { \vec { \eta } } _ { i } ( \tau ) ) = Q _ { i a } ( \tau ) [ P \, e ^ { \Omega _ { s a } ^ { ( \hat { \gamma } ) } ( \eta ^ { ( A ) } ( \tau , - { \vec { \eta } } _ { i } ( \tau ) ) ) { \hat { T } } ^ { a } } ] _ { a b } \check { \vec { A } } _ { b \perp } ( \tau , { \vec { \eta } } _ { i } ( \tau ) ) ,",73d7199444.png,382,146,480,32,15.0
"u \circ v = \sum _ { s = 0 } ^ { \infty } { \frac { \kappa ^ { 2 s } } { 2 ^ { 2 s } ( 2 s + 1 ) ! } } \omega ^ { i _ { 1 } j _ { 1 } } \ldots \omega ^ { i _ { 2 s } j _ { 2 s } } { \frac { \partial ^ { 2 s } u } { \partial x ^ { i _ { 1 } } \ldots \partial x ^ { i _ { 2 s } } } } { \frac { \partial ^ { 2 s } v } { \partial x ^ { j _ { 1 } } \ldots \partial x ^ { j _ { 2 s } } } } \, .",2afd5bcd28.png,388,146,480,64,7.5
"{ \frac { \partial } { \partial p _ { 1 } } } = { \frac { 1 } { 2 } } \biggl ( { \frac { \partial } { \partial x ^ { \prime \prime } } } - { \frac { \partial } { \partial y ^ { \prime \prime } } } \biggr ) , \quad { \frac { \partial } { \partial p _ { 2 } } } = { \frac { \partial } { \partial x ^ { \prime \prime } } } + { \frac { \partial } { \partial y ^ { \prime \prime } } } ,",2c3a8ed7d7.png,381,108,320,64,5.0
"{ \tilde { H } } _ { c o l l } ^ { \beta , \pm } = \sum _ { n > 0 } ( 1 - \beta ) n \alpha _ { n } ^ { \dagger } \alpha _ { n } \mp \sqrt { \beta } \sum _ { n , n ^ { \prime } \geq 0 } ( \alpha _ { n } ^ { \dagger } \alpha _ { n ^ { \prime } } ^ { \dagger } \alpha _ { n + n ^ { \prime } } + \alpha _ { n + n ^ { \prime } } ^ { \dagger } \alpha _ { n } \alpha _ { n ^ { \prime } } ) .",1ccec9797d.png,384,131,480,64,7.5
\chi _ { \nu } ( \rho ) \sim \left( \begin{array} { c } { \sqrt { E + m } \ [ \operatorname { s i n } \mu J _ { \nu } ( k \rho ) + ( - 1 ) ^ { n } \operatorname { c o s } \mu J _ { - \nu } ( k \rho ) ] } \\ { i \sqrt { E - m } \ [ \operatorname { s i n } \mu J _ { \nu + 1 } ( k \rho ) + ( - 1 ) ^ { n + 1 } \operatorname { c o s } \mu J _ { - ( \nu + 1 ) } ( k \rho ) ] } \\ \end{array} \right),4d4c51a183.png,395,133,480,64,7.5
"\left( \hat { f } ^ { * } \hat { \bf \omega } ^ { n } \right) \left. \left( \hat { \bf A } _ { 1 } , \ldots , \hat { \bf A } _ { n } \right) \right| _ { \Phi _ { p } } = \hat { f } _ { * } \hat { \bf \omega } ^ { n } \left. \left( \hat { f } _ { * } \hat { \bf A } _ { 1 } , \ldots , \hat { f } _ { * } \hat { \bf A } _ { n } \right) \right| _ { f \left( \Phi _ { p } \right) } .",4e56491e4a.png,379,123,480,64,7.5
\Delta _ { G } = \frac 1 { \operatorname { s i n } \theta } \frac { \partial } { \partial \theta } \biggl ( \operatorname { s i n } \theta \frac { \partial } { \partial \theta } \biggr ) + \frac 1 { \operatorname { s i n } ^ { 2 } \theta } \biggl ( \frac { \partial } { \partial \phi } - \operatorname { c o s } \theta \frac { \partial } { \partial \psi } \biggr ) ^ { 2 } + \frac { \partial ^ { 2 } } { \partial \psi ^ { 2 } } .,2f90a11e36.png,429,110,480,64,7.5
"S _ { 0 } = - N \int d \tilde { t } \, S T r \left( - \frac { 1 } { 2 } \partial _ { \tilde { t } } \tilde { \Phi } \partial _ { \tilde { t } } \tilde { \Phi } + \frac { 1 } { 4 } [ \tilde { \Phi } , \tilde { \Phi } ] ^ { 2 } + { \frac { 1 } { 2 } } \tilde { \Theta } \dot { \tilde { \Theta } } - { \frac { 1 } { 2 } } \tilde { \Theta } \gamma ^ { i } [ \tilde { \Phi } _ { i } , \tilde { \Theta } ] \right)",48a6273ff0.png,407,130,480,64,7.5
"\left[ \left( \frac { H _ { 0 } } { f } \right) ^ { 2 } - \left( \frac { f ^ { \prime } } { f } \right) ^ { 2 } \frac { 1 } { b _ { 0 } \, ^ { 2 } } \right] + \frac { 2 \alpha } { M ^ { 2 } } \left[ \left( \frac { H _ { 0 } } { f } \right) ^ { 2 } - \left( \frac { f ^ { \prime } } { f } \right) ^ { 2 } \frac { 1 } { b _ { 0 } \, ^ { 2 } } \right] ^ { 2 } = \frac { \Lambda _ { b } } { 6 M ^ { 3 } } ~ ~ ~ .",4d22d57c82.png,408,144,480,64,7.5
"v = \frac { 1 } { 5 } \left[ \frac { 1 } { 1 2 } v _ { 0 } ^ { \prime \prime \prime } + \frac { 1 } { 1 2 } u _ { 0 } ^ { \prime \prime } v _ { 0 } ^ { \prime } + \frac { 1 } { 4 } u _ { 0 } ^ { \prime } v _ { 0 } ^ { \prime \prime } + \frac { 1 } { 6 } \left( u _ { 0 } ^ { \prime } \right) ^ { 2 } v _ { 0 } ^ { \prime } - \frac { 8 } { 2 7 } \left( v _ { 0 } ^ { \prime } \right) ^ { 3 } \right] \quad e t c \quad ,",373116d288.png,418,147,480,64,7.5
"\left( [ \delta _ { \varepsilon _ { 1 } } \, , \, [ \delta _ { \varepsilon _ { 2 } } \, , \, \delta _ { \varepsilon _ { 3 } } ] ] + [ \delta _ { \varepsilon _ { 3 } } \, , \, [ \delta _ { \varepsilon _ { 1 } } \, , \, \delta _ { \varepsilon _ { 2 } } ] ] + [ \delta _ { \varepsilon _ { 2 } } \, , \, [ \delta _ { \varepsilon _ { 3 } } \, , \, \delta _ { \varepsilon _ { 1 } } ] ] \right) q ^ { r } = 0 ,",44d2f0fdde.png,403,123,480,32,15.0
"W = n \sum _ { \bf k } \left[ \sum _ { i } \operatorname { l n } \left( 1 - \frac { 1 6 \omega _ { i } ^ { 2 } } { E _ { \bf k } ^ { 2 } } \right) - \frac { 1 } { 2 } \sum _ { \begin{array} { c } { \scriptstyle s _ { 1 } , \ldots , s _ { 5 } = \pm 1 } \\ { \scriptstyle s _ { 1 } \ldots s _ { 5 } = 1 } \\ \end{array} } \operatorname { l n } \left( 1 - \frac { 2 \sum _ { i } \omega _ { i } s _ { i } } { E _ { \bf k } } \right) \right] .",588d54dbd6.png,438,142,480,128,3.75
"S = \int d ^ { 6 } x \left[ { \frac 1 6 } F _ { { \mu } { \nu } { \sigma } } F ^ { { \mu } { \nu } { \sigma } } + { \frac 1 3 } { \lambda } _ { { \mu } { \nu } { \sigma } } { \cal F } ^ { { \mu } { \nu } { \sigma } } + { \frac 1 3 } G ^ { { \mu } { \nu } { \sigma } } ( F _ { { \mu } { \nu } { \sigma } } - { \partial } _ { [ { \mu } } A _ { { \nu } { \sigma } ] } ) \right] ,",3e50f659e8.png,376,136,480,64,7.5
"S _ { \mathrm { D i r a c } } = \mathrm { \frac { i } { 2 \ p i } } \int d ^ { 2 } \! \sigma \, \, { \bar { \Psi } } \gamma ^ { a } \partial _ { a } \Psi = \mathrm { \frac { i } { \ p i } } \int d ^ { 2 } \! \sigma \, \, { \bar { \Psi } } _ { L } { \bar { \partial } } \Psi _ { L } - \mathrm { \frac { i } { \ p i } } \int d ^ { 2 } \! \sigma \, \, { \bar { \Psi } } _ { R } { \partial } \Psi _ { R } \ ,",7c0e63a1fe.png,404,140,480,64,7.5
\left( \begin{array} { c } { x ^ { \prime } } \\ { t ^ { \prime } } \\ \end{array} \right) = \left( \begin{array} { c c } { \frac { 1 } { \sqrt { 1 - \beta ^ { 2 } } } } & { \frac { \beta } { \sqrt { 1 - \beta ^ { 2 } } } } \\ { \frac { \beta } { \sqrt { 1 - \beta ^ { 2 } } } } & { \frac { 1 } { \sqrt { 1 - \beta ^ { 2 } } } } \\ \end{array} \right) \left( \begin{array} { c } { x } \\ { t } \\ \end{array} \right),64c5c285a2.png,416,123,384,96,4.0
"- { \textstyle \frac { 1 } { 2 \sqrt { 2 } } } e ^ { - \phi } \sigma ^ { a b } F _ { a b } ^ { + } \alpha _ { I J } \gamma _ { \hat { \imath } } \epsilon _ { J } = \gamma ^ { j } [ - { \textstyle \frac { 1 } { \sqrt { 2 } } } \omega _ { \hat { \imath } } F _ { 0 j } ^ { + } + { \textstyle \frac { 1 } { \sqrt { 2 } } } e ^ { - 2 \phi } F _ { 0 j } ^ { + } \gamma ^ { i } \gamma ^ { 0 } ] \alpha _ { I J } \epsilon _ { J } \, .",71383cf7f8.png,427,150,480,32,15.0
"\begin{array} { c c l } { ( 0 ~ 0 ~ - \frac { 7 } { 2 } ) } & { \rightarrow } & { ( 0 ~ - \frac { 7 } { 2 } ) ( + \frac { 7 } { 2 } ) \oplus ( 0 ~ - \frac { 5 } { 2 } ) ( + \frac { 3 } { 2 } ) , } \\ { ( 0 ~ 0 ~ + \frac { 3 } { 2 } ) } & { \rightarrow } & { ( 0 ~ + \frac { 5 } { 2 } ) ( - \frac { 7 } { 2 } ) \oplus ( 0 ~ + \frac { 3 } { 2 } ) ( - \frac { 3 } { 2 } ) . } \\ \end{array}",4819038134.png,387,147,384,96,4.0
"T _ { \mu \nu } \sp { \underline { { a } } } \, = \partial _ { \mu } E _ { \nu } ^ { \underline { { a } } } - \partial _ { \nu } E _ { \mu } ^ { \underline { { a } } } = \, \, - { \frac { \lambda } { 2 } } \, \epsilon _ { \mu \nu \rho } \sum _ { \beta } \xi _ { \beta } \sp { \underline { { a } } } \, \dot { x } \sp { \rho , \beta } \, \delta ( \vec { x } - \vec { x } \sp { \beta } ) .",4ff441da63.png,387,125,384,64,6.0
"\frac { \delta \Gamma } { { \delta } A _ { \mu } } = \langle \frac { { \delta } S } { \delta \hat { A } _ { \mu } } \rangle , \qquad \frac { \delta \Gamma } { \delta { \bar { \psi } } ^ { \alpha } } = \langle \frac { { \delta } S } { \delta \hat { \bar { \psi } } ^ { \alpha } } \rangle , \qquad \frac { \delta \Gamma } { \delta { \psi } ^ { \alpha } } = \langle \frac { { \delta } S } { \delta \hat { \psi } ^ { \alpha } } \rangle .",14600885c8.png,433,119,384,64,6.0
"\operatorname* { l i m } _ { \lambda \to \infty } \left[ \mathrm { R e } \, \Gamma ( \varphi , \lambda ) \right] _ { \lambda - d e p } \; = \; \varphi _ { 1 } ^ { 2 } \operatorname* { l i m } _ { \lambda \to \infty } \frac { \pi } { 2 } \, \sum _ { n _ { 1 } } \, \frac { \tau _ { 2 } ^ { 2 } \lambda ^ { 2 } } { ( \lambda ^ { 2 } + \tau _ { 2 } ^ { 2 } n _ { 1 } ^ { 2 } ) ^ { \frac { 3 } { 2 } } } \,",5e3b4367c5.png,402,132,384,64,6.0
\left( \begin{array} { c c } { a ^ { \prime \prime } } & { b ^ { \prime \prime } } \\ { c ^ { \prime \prime } } & { d ^ { \prime \prime } } \\ \end{array} \right) = \left( \begin{array} { c c } { a } & { b } \\ { c } & { d } \\ \end{array} \right) \left( \begin{array} { c c } { a ^ { \prime } } & { b ^ { \prime } } \\ { c ^ { \prime } } & { d ^ { \prime } } \\ \end{array} \right),1f9615a534.png,382,109,256,64,4.0
"\Phi ^ { ( \pm ) } = \operatorname* { l i m } _ { \operatorname { l n } r \rightarrow \pm \infty } \frac { 1 } { 2 \pi } \int _ { 0 } ^ { 2 \pi } d \theta V _ { \theta } ( r , \theta ) , \quad \Phi _ { K } ^ { ( \pm ) } = \operatorname* { l i m } _ { \operatorname { l n } r \rightarrow \pm \infty } \frac { 1 } { 2 \pi } s \beta \int _ { 0 } ^ { 2 \pi } d \theta \omega _ { \theta } ( r , \theta ) ,",5e7eadd2c4.png,400,121,480,64,7.5
"( \Gamma ^ { \underline { m } } ) _ { ~ ~ \underline { \beta } } ^ { \underline { \alpha } } ( C \Gamma _ { \underline { m } } ) _ { \underline { { \gamma \delta } } } + ( \Gamma ^ { \underline { m } } ) _ { ~ ~ \underline { \gamma } } ^ { \underline { \alpha } } ( C \Gamma _ { \underline { m } } ) _ { \underline { { \delta \beta } } } + ( \Gamma ^ { \underline { m } } ) _ { ~ ~ \underline { \delta } } ^ { \underline { \alpha } } ( C \Gamma _ { \underline { m } } ) _ { \underline { { \delta \beta } } } = 0 ,",174bdd7c8b.png,513,146,480,32,15.0
"K _ { I } ^ { \prime } ( \theta ) = \ell ^ { \prime } \; \; \frac { \textrm { s n } \left[ \frac { \textbf { K } } { i \pi } \left( \theta - i \frac { \pi } { 2 } \right) \right] } { \textrm { c n } \left[ \frac { \textbf { K } } { i \pi } \left( \theta - i \frac { \pi } { 2 } \right) \right] \textrm { d n } \left[ \frac { \textbf { K } } { i \pi } \left( \theta - i \frac { \pi } { 2 } \right) \right] } \, \, \, .",78b24dd1f4.png,417,119,384,96,4.0
"{ \hat { Q } } \frac { \partial ^ { 2 } { \hat { H } } ^ { ( n ) } } { \partial { \hat { Q } } ^ { 2 } } = \frac { 1 } { 2 } \frac { \partial ^ { 2 } { \hat { H } } ^ { ( n ) } } { \partial { \hat { S } } \partial { \hat { P } } } - \frac { 1 } { 2 } \frac { \partial ^ { 2 } ( { \hat { P } } { \hat { H } } ^ { ( n ) } ) } { \partial { \hat { P } } \partial { \hat { Q } } } \, .",50b3d10458.png,380,137,320,64,5.0
\frac { \operatorname { s i n h } \frac { \pi } { \zeta } \left( \theta + i \alpha \frac { 2 } { 3 } \pi \right) } { \operatorname { s i n h } \frac { \pi } { \zeta } \left( \theta - i \alpha \frac { 2 } { 3 } \pi \right) } = \operatorname { e x p } \left( - i \int _ { - \infty } ^ { \infty } \frac { d k } { k } \operatorname { s i n } k \theta \frac { \operatorname { s i n h } \left( \frac { 1 } { 2 } \zeta - \alpha \frac { 2 } { 3 } \pi \right) k } { \operatorname { s i n h } \frac { 1 } { 2 } k \zeta } \right),4bb0d323b5.png,518,147,480,64,7.5
"\frac { p _ { r } ^ { 2 } } { g _ { r r } } + \frac { p _ { \theta } ^ { 2 } } { g _ { \theta \theta } } + \frac { - { g ^ { \prime } } _ { t t } } { - \cal D } \left( p _ { \phi } + \frac { g _ { t \phi } + \Omega _ { 0 } g _ { \phi \phi } } { { g ^ { \prime } } _ { t t } } E \right) ^ { 2 } = \left( \frac { E ^ { 2 } } { - { g ^ { \prime } } _ { t t } } - \mu ^ { 2 } \right) ,",3d512e4fe8.png,381,144,480,64,7.5
{ \cal H } _ { 3 } = { \mathrm e } ^ { - { \mathrm i } \frac { \pi } { 2 } { \cal S } _ { 2 } } { \mathrm e } ^ { - { \mathrm i } \frac { \pi } { 2 } { \cal S } _ { 3 } } { \cal H } _ { 1 } { \mathrm e } ^ { { \mathrm i } \frac { \pi } { 2 } { \cal S } _ { 3 } } { \mathrm e } ^ { { \mathrm i } \frac { \pi } { 2 } { \cal S } _ { 2 } } = { \cal S } _ { 3 } ^ { 2 } - { \cal S } _ { 2 } ^ { 2 },74d02c4a36.png,393,149,320,32,10.0
"{ \hat { \Pi } } = D { \hat { X } } ^ { \hat { \mu } } D { \hat { X } } ^ { \hat { \nu } } { \hat { g } } _ { { \hat { \mu } } { \hat { \nu } } } = \partial { \hat { X } } ^ { \hat { \mu } } \partial { \hat { X } } ^ { \hat { \nu } } \left( { \hat { g } } _ { { \hat { \mu } } { \hat { \nu } } } + | { \hat { k } } | ^ { - 2 } { \hat { k } } _ { \hat { \mu } } { \hat { k } } _ { \hat { \nu } } \right) \, ,",5fef3121c2.png,407,150,384,64,6.0
"\begin{array} { r c l } { \displaystyle \left[ a _ { q } , a _ { q } ^ { \dagger } \right] } & { = } & { \left[ N + 1 + b \gamma \right] _ { q } - \left[ N + b \gamma \right] _ { q } ~ , } \\ { \displaystyle \left[ N , a _ { q } \right] } & { = } & { - a _ { q } ~ , ~ ~ ~ \displaystyle \left[ N , a _ { q } ^ { \dagger } \right] = a _ { q } ^ { \dagger } ~ . } \\ \end{array}",2151a4c5e5.png,376,117,320,64,5.0
"j _ { \sigma _ { l } } ^ { i } ( \xi ) = \left( \left. \frac { \partial g ^ { \eta _ { k } } ( g ^ { \prime } , g ) } { \partial g ^ { \sigma _ { l } } } \right| _ { g ^ { \prime } = e } \left. \frac { \partial g _ { \rho _ { k } } ^ { \prime \prime } ( g ^ { \prime } , g ) } { \partial g ^ { \eta _ { k } } } \right| _ { g ^ { \prime } = g ^ { - 1 } } \right) \Lambda ^ { \rho _ { k } i }",2d4a0c1a21.png,390,131,384,64,6.0
"\left\{ \begin{array} { c } { \delta _ { + } A _ { \mu } = \psi _ { \mu } } \\ { \delta _ { + } \psi _ { \mu } = \delta _ { g } ^ { \theta } A _ { \mu } = D _ { \mu } \theta } \\ { \delta _ { + } \chi _ { B \mu } ^ { I I } = H _ { B \mu } ^ { I I } } \\ { \delta _ { + } H _ { B \mu } ^ { I I } = \delta _ { g } ^ { \theta } \chi _ { B \mu } ^ { I I } = i [ \chi _ { B \mu } ^ { I I } , \theta ] } \\ \end{array} \right.",5fcf7eb1db.png,420,149,384,96,4.0
\left( \begin{array} { c c } { 0 } & { - t \sum _ { j } \mathrm { \Large ~ e ^ { i { \bf ~ k ~ \cdot ~ u } _ { j } } ~ } } \\ { - t \sum _ { j } \mathrm { \Large ~ e ^ { i { \bf ~ k ~ \cdot ~ v } _ { j } } ~ } } & { 0 } \\ \end{array} \right) \left( \begin{array} { c } { c _ { \bullet } } \\ { c _ { \circ } } \\ \end{array} \right) = E ( { \bf k } ) \left( \begin{array} { c } { c _ { \bullet } } \\ { c _ { \circ } } \\ \end{array} \right),195adf38ec.png,442,138,480,64,7.5
\frac { \partial f _ { \mu } } { \partial \dot { x } ^ { \nu } } + \frac { \partial f _ { \nu } } { \partial \dot { x } ^ { \mu } } = 0 \qquad \Longrightarrow \qquad \frac { \partial ^ { 2 } f _ { \mu } } { \partial \dot { x } ^ { \nu } \partial \dot { x } ^ { \lambda } } + \frac { \partial ^ { 2 } f _ { \nu } } { \partial \dot { x } ^ { \mu } \partial \dot { x } ^ { \lambda } } = 0 \ .,43b90063ed.png,389,117,480,64,7.5
\frac { 2 } { k ^ { + } k ^ { ' + } } \left[ \left( m ^ { 2 } + k _ { \perp } k _ { \perp } ^ { \prime } e ^ { + i \lambda ( \varphi - \varphi ^ { \prime } ) } \right) \delta _ { \lambda ^ { \prime } } ^ { \lambda } - m \lambda \left( k _ { \perp } ^ { \prime } e ^ { + i \lambda \varphi ^ { \prime } } - k _ { \perp } e ^ { + i \lambda \varphi } \right) \delta _ { - \lambda ^ { \prime } } ^ { \lambda } \right],1454fed6a0.png,412,124,480,64,7.5
\frac { \partial \Gamma _ { \Lambda } } { \partial \Lambda } = - N _ { f } \mathrm { t r } \left( \frac { \partial \Delta _ { I R } ^ { - 1 } } { \partial \Lambda } _ { \alpha } ^ { \phantom { \alpha } \beta } \left( \frac { \delta \Gamma _ { \Lambda } } { \delta z } I + \Delta _ { I R } ^ { - 1 } \right) _ { \phantom { - 1 } \beta } ^ { - 1 \phantom { \beta } \alpha } \right) .,1d93b2aa05.png,381,106,384,64,6.0
"f ( x ; u , \gamma , \tau ) ~ \equiv ~ { \frac { s i n h \big ( { \frac { \pi i } { \tau } } ( 1 - \gamma ) x \big ) ~ s i n h \big ( { \frac { 2 \pi i } { \tau } } \gamma u x \big ) ~ s i n h \big ( { \frac { \pi i ( N - 1 ) } { \tau } } \gamma x \big ) } { x ~ s i n h \big ( { \frac { \pi i } { \tau } } x \big ) ~ s i n h \big ( { \frac { \pi i N } { \tau } } \gamma x \big ) } } \ .",6d0779a24d.png,387,138,480,64,7.5
\Omega = \left( \begin{array} { c c c } { u _ { 0 } m } & { u _ { 0 } b } & { { \bf u } \cdot \mathrm { \boldmath ~ \xi ~ } } \\ { u _ { 0 } b ^ { \dag } } & { u _ { 0 } n } & { { \bf u } \cdot { \bf d } ^ { * } } \\ { \epsilon { \bf u } ^ { * } \cdot \mathrm { \boldmath ~ \xi ~ } ^ { \dag } } & { \epsilon { \bf u } ^ { * } \cdot { \bf d } ^ { T } } & { u _ { 0 } ^ { * } \ell } \\ \end{array} \right),3f6e408821.png,403,140,384,96,4.0
{ \frac { \partial \Gamma _ { \Lambda } } { \partial \Lambda } } = - { \frac { 1 } { 2 } } \mathrm { t r } \left[ { \frac { 1 } { \Delta _ { I R } } } { \frac { \partial \Delta _ { I R } } { \partial \Lambda } } \cdot \left( 1 + \Delta _ { I R } \cdot { \frac { \delta ^ { 2 } \Gamma _ { \Lambda } } { \delta \varphi ^ { c } \delta \varphi ^ { c } } } \right) ^ { - 1 } \right] \quad .,6ef7ad60d2.png,385,111,480,64,7.5
"\left\{ A , B \right\} = \left( \frac { \partial A } { \partial q ^ { i } } \frac { \partial B } { \partial p _ { i } } + \frac { \partial A } { \partial p _ { i } } \frac { \partial B } { \partial q ^ { i } } \right) + ( - 1 ) ^ { \sigma ( A ) } \left( \frac { \partial A } { \partial \theta ^ { i } } \frac { \partial B } { \partial \pi _ { i } } + \frac { \partial A } { \partial \pi ^ { i } } \frac { \partial B } { \partial \theta _ { i } } \right) \ .",699d82e056.png,457,130,480,64,7.5
"\widehat { L } ( \lambda ) = \frac { 1 } { \operatorname { s i n } \gamma } \left( \begin{array} { c c } { \operatorname { s i n h } [ \gamma ( \lambda + \mathrm { i } S ^ { 3 } ) ] } & { \mathrm { i } \, S ^ { - } \operatorname { s i n } \gamma } \\ { \mathrm { i } \, S ^ { + } \operatorname { s i n } \gamma } & { \operatorname { s i n h } [ \gamma ( \lambda - \mathrm { i } S ^ { 3 } ) ] } \\ \end{array} \right) \, .",398a3ec40c.png,421,123,384,64,6.0
\begin{array} { c c c } { K _ { a b } ^ { - 1 } = } & { p \left( \begin{array} { c c } { \sqrt { g } } & { { \frac { 1 } { \sqrt { g } } } } \\ { { \frac { 1 } { \sqrt { g } } } } & { \sqrt { g } } \\ \end{array} \right) } & { + ( 1 - p ) \left( \begin{array} { c c } { { \frac { 1 } { \sqrt { g } } } } & { \sqrt { g } } \\ { \sqrt { g } } & { { \frac { 1 } { \sqrt { g } } } } \\ \end{array} \right) } \\ \end{array},79119ae968.png,418,139,384,64,6.0
"\begin{array} { l } { \delta \theta _ { \alpha } = \epsilon ^ { \alpha } , \qquad \delta \bar { \theta } _ { \alpha } = \bar { \epsilon } ^ { \alpha } , } \\ { \delta x ^ { \bar { \mu } } = - i \bar { \epsilon } _ { \alpha } \tilde { \Gamma } ^ { \bar { \mu } \alpha \beta } \bar { \theta } _ { \beta } - i \epsilon ^ { \alpha } \Gamma _ { \alpha \beta } ^ { \bar { \mu } } \theta ^ { \beta } , \qquad \delta x ^ { 1 1 } = 0 , } \\ \end{array}",62d88300e8.png,443,122,384,64,6.0
"\left\{ \begin{array} { r c l } { d \hat { s } ^ { 2 } } & { = } & { V ^ { - 2 } d t ^ { 2 } - V ^ { 2 } d \vec { x } ^ { 2 } - \left[ d x ^ { \underline { { 4 } } } + \sqrt { 2 } \ n \ \left( V ^ { - 1 } d t \pm V _ { \underline { { i } } } d x ^ { \underline { { i } } } \right) \right] ^ { 2 } } \\ { \hat { B } } & { = } & { \hat { \phi } = 0 \, , } \\ \end{array} \right.",3bb5c42a24.png,376,135,480,128,3.75
"\hat { \hat { S } } = \int d ^ { 1 1 } x \, s q r t { | \hat { \hat { g } } | } \ \left[ \hat { \hat { R } } - { \textstyle \frac { 1 } { 2 \cdot 4 ! } } \hat { \hat { G } } { } ^ { 2 } - { \textstyle \frac { 1 } { 6 ^ { 4 } } } \frac { 1 } { \sqrt { | \hat { \hat { g } } } | } \hat { \hat { \epsilon } } \partial \hat { \hat { C } } \partial \hat { \hat { C } } \hat { \hat { C } } \right] \, .",473aabb581.png,396,134,384,64,6.0
"\Psi = { \beta ( x ) } ^ { \nu } e ^ { - \frac { Y ^ { 2 } } { 2 } } { \tau _ { 2 } } ^ { \alpha } \operatorname { e x p } ( - \frac { a } { 2 } \tau _ { 2 } ^ { 2 } - b \tau _ { 2 } ) \left\{ \begin{array} { c } { p _ { n } ^ { \{ k \} } ( \tau _ { 2 } ) \ , \ k = 0 , 1 , 2 , \ldots n } \\ { \phi _ { \{ k \} } ( \tau _ { 2 } , \tau _ { 3 } , \ldots ) } \\ \end{array} \ , \right.",5063cf6322.png,382,139,480,64,7.5
"\begin{array} { l } { f _ { ( + ) } ( \theta _ { + k } ) = C e ^ { \chi _ { R } ( \theta _ { + k } ) - i \chi _ { J } ( \theta _ { + k } ) } , } \\ { f _ { ( - ) } ( \theta _ { - k } ) = \left. f _ { ( + ) } ^ { * } ( \theta _ { + k } ) \right| _ { \theta _ { + k } = \theta _ { - k } } = C e ^ { \chi _ { R } ( \theta _ { - k } ) + i \chi _ { J } ( \theta _ { - k } ) } . } \\ \end{array}",5d562ac23f.png,389,149,384,64,6.0
"{ \frac { 1 } { \sum _ { n ^ { \prime } , k ^ { \prime } } \operatorname { e x p } \! \left[ { - { \frac { ( E _ { n ^ { \prime } } - E ) ^ { 2 } - ( E _ { n } - E ) ^ { 2 } } { 2 \varepsilon ^ { 2 } } } } \right] } } < \operatorname { e x p } \! \left[ { - { \frac { ( E _ { n } - E ) ^ { 2 } - ( E _ { n _ { 0 } } - E ) ^ { 2 } } { 2 \varepsilon _ { 0 } ^ { 2 } } } } \right]",2ac294b662.png,377,140,480,64,7.5
"\begin{array} { r c l } { N = \sum _ { a = 1 } ^ { 3 } { \alpha ^ { a } } ^ { \dagger } \alpha ^ { a } \ \ \ } & { , } & { \ \ \ N ^ { \dagger } = N \ \ \ , } \\ { B ^ { \dagger } = \sum _ { a = 1 } ^ { 3 } { \alpha ^ { a } } ^ { \dagger } { \alpha ^ { a } } ^ { \dagger } \ \ \ } & { , } & { \ \ \ B = \sum _ { a = 1 } ^ { 3 } \alpha ^ { a } \alpha ^ { a } \ \ \ , } \\ \end{array}",7c28c9a97f.png,382,145,384,96,4.0
e _ { 2 } \psi = \left( \begin{array} { c } { - { \psi _ { 2 } } } \\ { { \psi _ { 1 } } } \\ { - { \psi _ { 4 } ^ { * } } } \\ { { \psi _ { 3 } ^ { * } } } \\ \end{array} \right) \quad o r \quad e _ { 3 } \mathbf { ) } e _ { 1 } \psi = \left( \begin{array} { c } { { \psi _ { 2 } } } \\ { { \psi _ { 1 } } } \\ { { \psi _ { 4 } ^ { * } } } \\ { - { \psi _ { 3 } ^ { * } } } \\ \end{array} \right),10b1293345.png,397,140,384,96,4.0
\frac { \partial } { \partial t } \left( \begin{array} { c } { a ( { \bf k } ) } \\ { a ^ { * } ( { \bf k } ) } \\ \end{array} \right) = \mathrm { \cal ~ f i n i t e ~ t e r m s } + \lambda ^ { 2 } \left( \begin{array} { c c } { A ( 0 ; t ) } & { A ^ { * } ( 0 ; t ) } \\ { A ( 0 ; t ) } & { A ^ { * } ( 0 ; t ) } \\ \end{array} \right) \ \; \; \left( \begin{array} { c } { a ( { \bf k } ) } \\ { a ^ { * } ( { \bf k } ) } \\ \end{array} \right),746761f203.png,445,149,480,64,7.5
{ \tilde { \mu } } = \frac { - 4 e ^ { G / 2 } \partial _ { T } \{ \operatorname { l o g } \eta ( T ) ) \operatorname { l o g } \eta ( \frac { T } { 3 } ) \} \partial _ { U } \{ \operatorname { l o g } \eta ( \frac { U } { 3 } ) \operatorname { l o g } \eta ( U ) \} } { 9 \eta ^ { 2 } ( T ) \eta ^ { 2 } ( \frac { U } { 3 } ) \eta ^ { - 2 } ( U ) \eta ^ { - 2 } ( \frac { T } { 3 } ) } .,7da36ad0e6.png,388,136,480,64,7.5
"J ^ { ( i ) } = - \left( \setlength { \unitlength } { 1 m m } \left\{ \begin{array} { l l } { ( 1 2 , 4 ) \thicklines \put ( 6 , 1 ) { \circle { 8 } } \put ( 1 . 7 5 , 1 ) { \circle * { 1 } } \put ( 1 0 . 2 5 , 1 ) { \circle * { 1 } } \put ( 1 2 . 5 , 4 ) { \makebox ( 0 , 0 ) [ l ] { \scriptsize - \! 1 } } } \\ \end{array} \right. \right) \: \; \; \frac { \delta \Gamma ^ { ( i ) } } { \delta J ^ { ( 0 ) } } .",6ed90ceb95.png,412,134,192,64,3.0
\delta \left[ \epsilon _ { A B C } \epsilon ^ { \alpha \beta \gamma \delta } \partial _ { A } v _ { \alpha } \partial _ { B } v _ { \beta } \partial _ { C } v _ { \gamma } v _ { \delta } \right] = 3 \epsilon _ { A B C } \epsilon ^ { \alpha \beta \gamma \delta } \partial _ { A } \delta v _ { \alpha } \partial _ { B } v _ { \beta } \partial _ { C } v _ { \gamma } v _ { \delta },1b7583f097.png,378,106,480,64,7.5
"\begin{array} { r c l l } { { \cal C } _ { + } } & { = } & { \sigma _ { 2 } \otimes \sigma _ { 1 } \otimes \sigma _ { 2 } \otimes \sigma _ { 1 } \otimes \ldots \qquad } & { \eta = + 1 \nonumber } \\ { { \cal C } _ { - } } & { = } & { \sigma _ { 1 } \otimes \sigma _ { 2 } \otimes \sigma _ { 1 } \otimes \sigma _ { 2 } \otimes \ldots \propto { \cal C } _ { + } \Gamma _ { * } \qquad } & { \eta = - 1 \, . } \\ \end{array}",574683b5a0.png,420,127,480,64,7.5
\left. \phantom { { \frac { A } { B } } } { \epsilon ^ { i _ { 1 } \ldots i _ { n } } \phi _ { i _ { 1 } } d \phi _ { i _ { 2 } } \cdots d \phi _ { i _ { n } } } \right| _ { \Sigma } = \left. { \frac { \overline { { \Delta } } } { \Delta } } { \epsilon ^ { j _ { 1 } \ldots j _ { n } } \overline { { \phi } } _ { j _ { 1 } } d \overline { { \phi } } _ { j _ { 2 } } \cdots d \overline { { \phi } } _ { j _ { n } } } \right| _ { \Sigma },7283bcc49b.png,436,148,384,64,6.0
"\beta ( p , k ) = - \frac { ( T _ { 0 } ^ { \prime } - T _ { 0 } ) ^ { 2 } \omega _ { k } q } { 4 \pi } \sqrt { \frac { 1 } { \omega _ { k } \omega _ { p } } } \int _ { - \infty } ^ { \infty } \! \! \! d y \frac { \operatorname { s i n } ( \frac { 2 p } { q } y ) } { \mathrm { c o s h } ^ { 2 } ( y ) } \operatorname { t a n h } ^ { 2 } ( y ) \operatorname { s i n } ( \frac { 2 k } { q } y ) .",cbd74ecc75.png,395,144,480,64,7.5
\xi = W ^ { \frac { 1 } { 2 } } ~ \psi = e x p ( \frac { 2 i } { F _ { \pi } } ~ \gamma _ { 5 } \mathrm { \boldmath ~ \tau ~ } \cdot \mathrm { \boldmath ~ \phi ~ } + \frac { g _ { \omega } } { 2 M _ { \omega } ^ { 2 } } ~ \sigma _ { \alpha \beta } \omega ^ { \alpha \beta } + \frac { g _ { \rho } } { 2 M _ { \rho } ^ { 2 } } ~ \sigma _ { \alpha \beta } \mathrm { \boldmath ~ \tau ~ } \cdot \mathrm { \boldmath ~ \rho ~ } ^ { \alpha \beta } ) ~ \psi,53468d1a86.png,449,138,480,64,7.5
\hat { H } ^ { \prime } = \frac { 1 } { 4 \Omega _ { G } ^ { 2 } } \Bigl ( \frac { 1 } { 4 } \hat { a } _ { 0 } ^ { \dagger 4 } + \hat { a } _ { 0 } ^ { \dagger 3 } \hat { a } _ { 0 } + \frac { 3 } { 2 } \hat { a } _ { 0 } ^ { \dagger 2 } \hat { a } _ { 0 } ^ { 2 } + \hat { a } _ { 0 } ^ { \dagger } \hat { a } _ { 0 } ^ { 3 } + \frac { 1 } { 4 } \hat { a } _ { 0 } ^ { 4 } \Bigr ) .,538b87ffc1.png,384,150,384,64,6.0
"W _ { \alpha } = - i \lambda _ { \alpha } + \theta \cdot \sigma ^ { \mu } \cdot \bar { \theta } \, \partial _ { \mu } \lambda _ { \alpha } - \frac { i } { 4 } \theta ^ { 2 } \bar { \theta } ^ { 2 } \partial ^ { 2 } \lambda _ { \alpha } + \theta _ { \alpha } D - \frac { i } { 2 } \theta ^ { 2 } \sigma ^ { \mu } { } _ { \alpha \dot { \alpha } } \bar { \theta } ^ { \dot { \alpha } } \partial _ { \mu } D",188b848d17.png,403,120,480,64,7.5
"\frac { \left[ \left( \begin{array} { c } { \psi } \\ { 0 } \\ \end{array} \right) , \widetilde { A } \left( \begin{array} { c } { \psi } \\ { 0 } \\ \end{array} \right) \right] _ { { \cal K } _ { 2 } } } { \left[ \left( \begin{array} { c } { \psi } \\ { 0 } \\ \end{array} \right) , \left( \begin{array} { c } { \psi } \\ { 0 } \\ \end{array} \right) \right] _ { { \cal K } _ { 2 } } } = \frac { \langle \psi \mid A \psi \rangle } { \langle \psi \mid \psi \rangle } ,",657b37ddb2.png,468,115,480,128,3.75
"\int d ^ { 2 } x \left\{ 2 \chi _ { \ell } ^ { \dagger } \left( \partial _ { z } \partial _ { \bar { z } } + \partial _ { \bar { z } } \partial _ { z } \right) \phi _ { \ell } - 2 \phi _ { \ell } ^ { \dagger } \left( \partial _ { z } \partial _ { \bar { z } } + \partial _ { \bar { z } } \partial _ { z } \right) \chi _ { \ell } \right\} = - 4 \operatorname { s i n } \delta _ { \ell } \, .",797cfcb680.png,390,114,480,64,7.5
\oint _ { \infty } d \Sigma ^ { r } \epsilon _ { 0 } ^ { \ast } \frac { \tilde { \epsilon } } { r ^ { 2 } } = \oint _ { \infty } d \Sigma ^ { r } \lbrace \epsilon _ { 0 } ^ { \ast } \gamma ^ { r } \gamma ^ { m } \Gamma _ { m } \epsilon _ { 0 } + \epsilon _ { 0 } ^ { \ast } \frac { \gamma ^ { r } } { r ^ { 3 } } ( \gamma ^ { \alpha } \partial _ { \alpha } ) \tilde { \epsilon } \rbrace,24502b11e8.png,386,118,384,64,6.0
"\lambda ( p ^ { \mu } ) \, \equiv \left( \begin{array} { c } { \left( \zeta _ { \lambda } \, \Theta _ { [ j ] } \right) \, \phi _ { _ L } ^ { \ast } ( p ^ { \mu } ) } \\ { \phi _ { _ L } ( p ^ { \mu } ) } \\ \end{array} \right) \, \, , \quad \rho ( p ^ { \mu } ) \, \equiv \left( \begin{array} { c } { \phi _ { _ R } ( p ^ { \mu } ) } \\ { \left( \zeta _ { \rho } \, \Theta _ { [ j ] } \right) ^ { \ast } \, \phi _ { _ R } ^ { \ast } ( p ^ { \mu } ) } \\ \end{array} \right) \, \, .",4603c1c6b1.png,482,149,480,64,7.5
\begin{array} { l l } { \ } & { e ^ { - 2 \Phi } = { \frac { M } { \lambda } } - \lambda ^ { 2 } x ^ { + } x ^ { - } = { \frac { M } { \lambda } } + e ^ { 2 \lambda \sigma } } \\ { \Rightarrow } & { e ^ { - 2 \left( \Phi + \lambda \sigma \right) } = 1 + { \frac { M } { \lambda } } e ^ { - 2 \lambda \sigma } } \\ { \Rightarrow } & { \Phi \sim - \lambda \sigma - { \frac { M } { 2 \lambda } } e ^ { - 2 \lambda \sigma } \; . } \\ \end{array},7f8baf97e2.png,441,136,480,128,3.75
"\frac { \partial ^ { 2 } \tau } { \partial x _ { i } \partial x _ { j } } = 0 , \; ( \theta _ { i } - \theta _ { j } ) \frac { \partial ^ { 2 } \alpha ^ { 0 } } { \partial x _ { i } \partial x _ { j } } = 2 [ \frac { \partial \tau } { \partial x _ { i } } \frac { \partial \alpha ^ { 0 } } { \partial x _ { j } } - \frac { \partial \tau } { \partial x _ { j } } \frac { \partial \alpha ^ { 0 } } { \partial x _ { i } } ] .",b55b28e889.png,422,133,480,64,7.5
"\begin{array} { r l } { 3 H ^ { 2 } \ = } & { { \displaystyle { \frac { 2 \pi \lambda \phi ^ { 4 } } { M _ { \mathrm { p } } ^ { 2 } - 8 \pi \xi \phi ^ { 2 } } } \ , } } \\ { ( 1 - 6 \xi ) \ 3 H \dot { \phi } \phi \ = } & { { \displaystyle - \ { \frac { \lambda \phi ^ { 4 } M _ { \mathrm { p } } ^ { 2 } } { M _ { \mathrm { p } } ^ { 2 } - 8 \pi \xi \phi ^ { 2 } } } \ . } } \\ \end{array}",796abb4b6a.png,390,136,480,128,3.75
"\rho ^ { \mathrm { t o t } } = \rho + { \frac { \rho ^ { 2 } } { 2 \lambda } } + { \frac { \widetilde { \kappa } ^ { 4 } { \cal U } } { \kappa ^ { 6 } } } + { \frac { \Lambda } { \kappa ^ { 2 } } } , p ^ { \mathrm { t o t } } = p + { \frac { \rho ^ { 2 } } { 2 \lambda } } + { \frac { \rho p } { \lambda } } - { \frac { \widetilde { \kappa } ^ { 4 } { \cal U } } { 3 \kappa ^ { 6 } } } - { \frac { \Lambda } { \kappa ^ { 2 } } } \, .",66756e9bd2.png,433,147,480,64,7.5
"H _ { n , n + 1 } = ( \operatorname { c o s } \gamma ) \, { \cal P } _ { 1 } + \frac { \operatorname { s i n } 3 \gamma } { \operatorname { s i n } 2 \gamma } \, { \cal P } _ { 2 } + \Bigl ( \frac { \operatorname { s i n } 3 \gamma } { \operatorname { s i n } 2 \gamma } + ( \operatorname { s i n } \gamma ) \frac { \operatorname { c o s } 3 \gamma } { \operatorname { s i n } 3 \gamma } \Bigr ) \, { \cal P } _ { 3 } \, .",776415b878.png,422,127,480,64,7.5
"D ( \alpha , { \alpha ^ { \prime } } ) = { \frac { \sum _ { i , j } p _ { i } ^ { \prime \prime } \langle \Phi _ { i } | C _ { \alpha } | \Psi _ { j } \rangle \langle \Phi _ { i } | C _ { \alpha ^ { \prime } } | \Psi _ { j } \rangle ^ { * } p _ { j } ^ { \prime } } { \sum _ { i , j } p _ { i } ^ { \prime \prime } | \langle \Phi _ { i } | C _ { u } | \Psi _ { j } \rangle | ^ { 2 } p _ { j } ^ { \prime } } } .",6fdef24842.png,411,144,384,96,4.0
"\varphi ( \theta ) = - \frac { 2 \operatorname { c o s h } \theta \operatorname { s i n } \frac { \pi } { \lambda } } { \operatorname { s i n h } ^ { 2 } \theta + \operatorname { s i n } ^ { 2 } \frac { \pi } { \lambda } } \, \sim \, - 4 \operatorname { s i n } \frac { \pi } { \lambda } \, \mathrm { e } ^ { - \left| \theta \right| } + O \left( \mathrm { e } ^ { - 2 \left| \theta \right| } \right) \, ,",2af5e6db83.png,404,111,480,64,7.5
\begin{array} { c c c } { K _ { a b } ^ { - 1 } = } & { p \left( \begin{array} { c c } { \sqrt { g } } & { { \frac { 1 } { \sqrt { g } } } } \\ { { \frac { 1 } { \sqrt { g } } } } & { \sqrt { g } } \\ \end{array} \right) } & { + ( 1 - p ) \left( \begin{array} { c c } { g } & { { \frac { 1 } { g } } } \\ { { \frac { 1 } { g } } } & { g } \\ \end{array} \right) } \\ \end{array},4de2fbffa7.png,378,127,320,64,5.0
"\Phi ( \tau , \sigma ^ { 1 } , \sigma ^ { 2 } , \xi ) = \left\{ \begin{array} { l c l } { + \Phi _ { 0 } } & { \mathrm { f o r } } & { \xi \geq \xi _ { 0 } , } \\ { A \xi + \frac { 1 } { 2 } B \xi ^ { 2 } + \frac { 1 } { 3 ! } C \xi ^ { 3 } } & { \mathrm { f o r } } & { - \xi _ { 1 } \leq \xi \leq \xi _ { 0 } , } \\ { - \Phi _ { 0 } } & { \mathrm { f o r } } & { \xi \leq - \xi _ { 1 } . } \\ \end{array} \right.",1ea5646374.png,414,148,480,128,3.75
"\left\{ \begin{array} { l l } { r ^ { 2 } f ^ { \prime \prime } ( r ) + r f ^ { \prime } ( r ) - [ \frac { \alpha ^ { 2 } r ^ { 4 } } { R ^ { 4 } } - \frac { 4 \sigma \alpha r ^ { 2 } } { R ^ { 2 } } ] f ( r ) = 0 , } & { \qquad r < R , } \\ { r ^ { 2 } f ^ { \prime \prime } ( r ) + r f ^ { \prime } ( r ) - \alpha ^ { 2 } f ( r ) = 0 , } & { \qquad r > R . } \\ \end{array} \right.",287c37c53a.png,383,140,480,64,7.5
"\frac { \ddot { b } } { b } = \frac { \beta ^ { \prime \prime } } { \beta } , ~ ~ ~ ~ \Biggl [ \frac { d } { d t } \left( \frac { \dot { c } } { c } \right) + \frac { \dot { b } } { b } \frac { \dot { c } } { c } \Biggr ] = \Biggl [ \frac { d } { d x } \left( \frac { \kappa ^ { \prime } } { \kappa } \right) + \frac { \beta ^ { \prime } } { \beta } \frac { \kappa ^ { \prime } } { \kappa } \Biggr ] .",11192bb9e6.png,401,123,384,64,6.0
"\frac { \Gamma ( \tilde { \sigma } _ { i } \tilde { \sigma } \lambda ) } { \Gamma ( \tilde { \sigma } \lambda ) } = \frac { [ i ( \tilde { \sigma } \lambda ) _ { i + 1 } - ( \tilde { \sigma } \lambda ) _ { i } - c ] } { [ i ( \tilde { \sigma } \lambda ) _ { i + 1 } - ( \tilde { \sigma } \lambda ) _ { i } + c ] } , \, \, \frac { \Gamma ( \bar { \sigma } _ { N } \tilde { \sigma } \lambda ) } { \Gamma ( \tilde { \sigma } \lambda ) } = - 1 .",2c82994522.png,441,131,384,64,6.0
"b _ { \scriptscriptstyle { L - 1 , L + 1 } } / b _ { \scriptscriptstyle { L , L + 1 } } = \frac { ( i k a - 1 ) \, a \, \psi _ { \scriptscriptstyle { L , L + 1 } } ^ { > } ( k , a ) } { ( \gamma _ { \scriptscriptstyle { L + 1 , L + 1 } } + \frac { 1 } { 2 } ) \, \psi _ { \scriptscriptstyle { L + 1 , L + 1 } } ^ { > } ( k , a ) } \, ( 1 + \mathrm { O } ( k a ) ^ { 2 } ) \, ,",20405d9679.png,376,131,480,64,7.5
"G _ { \mu \nu } = \left( \begin{array} { c c c } { - \frac { 2 \pi \alpha ^ { \prime } } { \theta _ { 0 } } } & { 0 } & { - \frac { 2 \pi \alpha ^ { \prime } } { \theta _ { 1 } } } \\ { 0 } & { \frac { 2 \pi \alpha ^ { \prime } } { \theta _ { 0 } } + \biggl ( \frac { 2 \pi \alpha ^ { \prime } } { \theta _ { 1 } } \biggr ) ^ { 2 } } & { 0 } \\ { - \frac { 2 \pi \alpha ^ { \prime } } { \theta _ { 1 } } } & { 0 } & { 1 } \\ \end{array} \right) ,",68f0d0efd2.png,446,146,384,96,4.0
"\begin{array} { c } { { \displaystyle K _ { a b } ^ { - } ~ = ~ \frac { \epsilon } { 4 } \, ( E _ { a a } - E _ { b b } + E _ { \theta ( a ) \, \theta ( a ) } - E _ { \theta ( b ) \, \theta ( b ) } ) ~ , } } \\ { { \displaystyle M _ { a b } ^ { - } ~ = ~ \frac { \epsilon } { 4 } \, ( E _ { a a } - E _ { b b } - E _ { \theta ( a ) \, \theta ( a ) } + E _ { \theta ( b ) \, \theta ( b ) } ) ~ , } } \\ \end{array}",76c692f54c.png,413,149,384,96,4.0
\begin{array} { l c r } { \eta _ { j } ^ { + } = u _ { \alpha } ^ { + } \eta _ { j } ^ { \alpha } ; \qquad \overline { { \eta } } _ { j } ^ { + } = u _ { \alpha } ^ { + } \overline { { \eta } } _ { j } ^ { \alpha } } \\ { \eta _ { j } ^ { \alpha } \overline { { \eta } } _ { \alpha j } = 1 ; \qquad \eta _ { j } ^ { \alpha } { \eta } _ { \alpha j } = \overline { { \eta } } _ { j } ^ { \alpha } \overline { { \eta } } _ { \alpha j } = 0 } \\ \end{array},46e35a8ce4.png,453,150,256,64,4.0
"+ c _ { 1 } \lambda ^ { 2 } \, ( \overline { { \psi } } \Gamma ^ { \mu } \partial _ { \mu } \psi ) ^ { 2 } + c _ { 2 } \lambda ^ { 2 } \, \overline { { \psi } } \Gamma ^ { \mu } \partial ^ { \nu } \psi \overline { { \psi } } \Gamma _ { \mu } \partial _ { \nu } \psi + c _ { 3 } \lambda ^ { 2 } \overline { { \psi } } \Gamma ^ { \mu } \partial ^ { \nu } \psi \overline { { \psi } } \Gamma _ { \nu } \partial _ { \mu } \psi",59e7eec510.png,421,126,480,32,15.0
( C \Gamma ^ { \mu _ { 6 } } ) _ { \alpha { ' } \beta { ' } } ( C \Gamma _ { \mu _ { 1 } \dots \mu _ { 6 } } ) _ { \delta { ' } \epsilon { ' } } = ( C \Gamma ^ { \mu _ { 6 } } ) _ { \alpha { ' } \beta { ' } } ( C \Gamma _ { \mu _ { 1 } \dots \mu _ { 5 } } \Gamma _ { 1 1 } ) _ { \delta { ' } \lambda } { ( \Gamma _ { 1 1 } \Gamma _ { \mu _ { 6 } } ) ^ { \lambda } } _ { \epsilon { ' } },1a9336159b.png,386,138,480,32,15.0
"\frac { 1 } { \operatorname { s i n } \theta } \frac { \partial } { \partial \theta } \left( \operatorname { s i n } \theta \frac { \partial Z } { \partial \theta } \right) + \frac { 1 } { \operatorname { s i n } ^ { 2 } \theta } \frac { \partial ^ { 2 } Z } { \partial \varphi ^ { 2 } } - \left( \frac { c _ { 1 } } { \operatorname { c o s } ^ { 2 } \frac { \theta } { 2 } } + \frac { c _ { 2 } } { \operatorname { s i n } ^ { 2 } \frac { \theta } { 2 } } \right) Z = - A Z ,",77750c91e5.png,476,138,480,64,7.5
"\frac 1 3 \varepsilon ^ { i j } \left( \begin{array} { l } { 2 \bar { \varepsilon } \gamma _ { \mu \rho } \partial _ { i } \theta \bar { \theta } \gamma ^ { \mu \nu } \partial _ { j } \theta } \\ { - \bar { \varepsilon } \gamma _ { \mu \rho } \theta \partial _ { i } \bar { \theta } \gamma ^ { \mu \nu } \partial _ { j } \theta } \\ \end{array} \right) \lambda _ { \nu } \lambda ^ { \rho } ,",641c89b9ed.png,391,99,256,64,4.0
"\tilde { g } _ { \mu \nu } = \left( \begin{array} { l c } { e ^ { - U } } & { e ^ { - U } b _ { j } } \\ { e ^ { - U } b _ { i } } & { e ^ { - U } b _ { i } b _ { j } + e ^ { - U } \tilde { \gamma } _ { i j } } \\ \end{array} \right) \ , \hspace { 3 0 p t } B _ { \mu \nu } = \left( \begin{array} { l c } { 0 } & { \omega _ { j } } \\ { - \omega _ { i } } & { b _ { i j } } \\ \end{array} \right) \ .",4212be65aa.png,400,146,480,64,7.5
"\hat { \phi } _ { n } ^ { ( i ) \mu } = \sqrt { \frac { \alpha ^ { \prime } } { 2 n } } i \left( \hat { a } _ { n } ^ { ( i ) \mu } - \hat { a } _ { n } ^ { \dagger ( i ) \mu } \right) ~ , \quad \hat { \pi } _ { n \mu } ^ { ( i ) } = \sqrt { \frac { n } { 2 \alpha ^ { \prime } } } g _ { \mu \nu } \left( \hat { a } _ { n } ^ { ( i ) \nu } + \hat { a } _ { n } ^ { \dagger ( i ) \nu } \right) ~ .",22da5b2dc8.png,396,142,480,64,7.5
"H ^ { ( 0 ) } ( { \alpha } , { \bf n } ) = m \left[ \operatorname { c o s h } ( i \frac { \partial } { { \partial } { \alpha } } ) + \frac { i } { { \alpha } } \operatorname { s i n h } ( i \frac { \partial } { { \partial } { \alpha } } ) + \frac { { \bf L } ^ { 2 } } { 2 { \alpha } ^ { 2 } } \operatorname { e x p } ( i \frac { \partial } { { \partial } { \alpha } } ) \right] ,",10ddc3721f.png,380,119,480,64,7.5
"e T _ { \mu \nu } = { \tilde { \overline { \Psi } } _ { L _ { 0 } } } { \gamma _ { \mu } } i \left( D _ { \nu } - \frac { 1 } { 2 } \Gamma _ { \alpha \nu } ^ { \alpha } \right) { \tilde { \Psi } } _ { L _ { 0 } } - \frac { i } { 2 } g _ { \mu \nu } \partial _ { \alpha } ( { \tilde { \overline { \Psi } } } _ { L _ { 0 } } \gamma ^ { \alpha } { \tilde { \Psi } _ { L _ { 0 } } } ) . \nonumber \,",71d52d9e01.png,395,132,480,64,7.5
m _ { \chi } \simeq \left\{ \begin{array} { l l } { 1 0 ^ { - 5 } \mathrm { { G e V } } } & { \mathrm { f o r ~ d i m ~ 5 ~ ( ~ n ~ = ~ 1 ) } } \\ { 1 0 ^ { - 1 3 } \mathrm { { G e V } } } & { \mathrm { f o r ~ d i m ~ 6 ~ ( ~ n ~ = ~ 2 ) } } \\ { 1 0 ^ { - 2 1 } \mathrm { { G e V } } } & { \mathrm { f o r ~ d i m ~ 7 ~ ( ~ n ~ = ~ 3 ) } } \\ { \vdots } & { . } \\ \end{array} \right.,2573b5887f.png,386,150,384,96,4.0
"\left\{ A , B \right\} = \frac { \partial A } { \partial q ^ { i } } \frac { \partial B } { \partial p _ { i } } + \frac { \partial A } { \partial p _ { i } } \frac { \partial B } { \partial q ^ { i } } + \frac { \partial B } { \partial \pi _ { a } } \frac { \partial A } { \partial \theta ^ { a } } + \frac { \partial B } { \partial \theta ^ { a } } \frac { \partial A } { \partial \pi _ { a } } \ .",226e635e04.png,400,115,384,64,6.0
"{ \cal L } _ { c . t . } ^ { ( 1 ) } \, = \, { \frac { \sqrt { - g } } { ( 4 \pi ) ^ { 2 } \epsilon } } \lbrack { \frac { 1 } { 1 2 0 } } R ^ { 2 } + { \frac { 7 } { 2 0 } } R _ { \mu \nu } R ^ { \mu \nu } - { \frac { 5 3 } { 1 8 0 } } \epsilon ^ { \alpha \beta \gamma \delta } \epsilon _ { \mu \nu \rho \sigma } { R ^ { \mu \nu } } _ { \alpha \beta } { R ^ { \rho \sigma } } _ { \gamma \delta } \rbrack",f7a30497ac.png,403,137,480,64,7.5
\nu [ A ] \; = \; \operatorname* { l i m } _ { V _ { 4 } \rightarrow \infty } \; \frac { g ^ { 2 } } { 8 \pi ^ { 2 } } \; \int _ { V _ { 4 } } \; d ^ { 4 } x \; \partial _ { \mu } K _ { \mu } \; = \; \operatorname* { l i m } _ { V _ { 4 } \rightarrow \infty } \; \frac { g ^ { 2 } } { 8 \pi ^ { 2 } } \; \int _ { \partial V _ { 4 } } \; d ^ { 3 } \sigma \; \hat { n } _ { \mu } K _ { \mu } \; .,311647a101.png,394,138,480,64,7.5
"\langle \hat { t } ( \frac { p _ { 1 } } { \delta } , \ldots , \frac { q } { \delta } ) , \stackrel { \vee } { \phi } \rangle = \delta ^ { 3 - 3 l } \int d ^ { 3 r - 3 } \tilde { p } d ^ { 3 v - 3 } \tilde { q } \hat { t } _ { 1 } ^ { [ \mu ] } ( \frac { \tilde { p } } { \delta } ) \hat { t } _ { 2 } ^ { [ \nu ] } ( \frac { \tilde { q } } { \delta } ) \psi _ { [ \mu \nu ] } ^ { 0 } ( \tilde { p } , \tilde { q } ) .",6ab77c8bb9.png,418,147,480,64,7.5
"\lbrack M _ { ( m ) } ^ { \alpha , \beta } , M _ { ( n ) } ^ { \alpha ^ { \prime } , \beta ^ { \prime } } ] \equiv M _ { ( m ) } ^ { \alpha , \beta } M _ { ( n ) } ^ { \alpha ^ { \prime } , \beta ^ { \prime } } - ( - ) ^ { \alpha \beta ^ { \prime } + \beta \alpha ^ { \prime } } e ^ { 2 i ( \beta ^ { \prime } m - \beta n ) x } M _ { ( n ) } ^ { \alpha ^ { \prime } , \beta ^ { \prime } } M _ { ( m ) } ^ { \alpha , \beta }",77b09d5edb.png,423,144,480,64,7.5
\left( { \frac { \partial \theta _ { 1 } } { \partial \omega _ { 2 } } } \right) ^ { 2 } + \left( { \frac { \partial \theta _ { 1 } } { \partial \omega _ { 2 } } } \right) \left( { \frac { \partial \theta _ { 2 } } { \partial \omega _ { 2 } } } \right) + \left( { \frac { \partial \theta _ { 2 } } { \partial \omega _ { 2 } } } \right) ^ { 2 } = { \frac { 1 } { ( \omega _ { 2 } ) ^ { 2 } } } \operatorname { s i n } ^ { 2 } \left( { \frac { \theta _ { 2 } - 2 \theta _ { 1 } } { 2 } } \right),6173a3896d.png,493,146,480,64,7.5
"\left\{ \begin{array} { l } { { \psi } ^ { \pm j } ( \sigma , \tau ) = \sqrt { \alpha ^ { \prime } } \sum _ { n \in Z } { b _ { n } } ^ { \pm j } \operatorname { e x p } [ - i n ( \tau + \sigma ) ] } \\ { { \tilde { \psi } } ^ { \pm j } ( \sigma , \tau ) = - \sqrt { \alpha ^ { \prime } } \sum _ { n \in Z } { b _ { n } } ^ { \pm j } \operatorname { e x p } [ - i n ( \tau - \sigma ) ] , } \\ \end{array} \right.",4fbbaf7c11.png,412,132,384,64,6.0
\protect \eta = - { \frac { \mu } { \operatorname { l n } \mu } } \left( 1 + { \frac { \operatorname { l n } ( - \operatorname { l n } \mu ) } { \operatorname { l n } \mu } } + \left( { \frac { \operatorname { l n } ( - \operatorname { l n } \mu ) } { \operatorname { l n } \mu } } \right) ^ { 2 } - { \frac { \operatorname { l n } ( - \operatorname { l n } \mu ) } { ( \operatorname { l n } \mu ) ^ { 2 } } } + \cdots \right) .,77d16d50db.png,428,120,480,64,7.5
"\Phi \, ( \operatorname { l o g } \frac { p } { \Lambda } ) = 1 + \frac { a _ { 1 } } { \operatorname { l o g } \frac { p } { \Lambda } } + \frac { a _ { 2 } + a _ { 3 } \operatorname { l o g } ( \operatorname { l o g } \frac { p } { \Lambda } ) } { \operatorname { l o g } ^ { 2 } \frac { p } { \Lambda } } + \mathcal { O } \, ( \frac { 1 } { \operatorname { l o g } ^ { 3 } \frac { p } { \Lambda } } ) \, .",5fe03373fc.png,408,131,480,64,7.5
"\delta _ { \kappa _ { 1 } } p _ { 1 } ^ { \mu } = 2 \bar { \kappa } _ { 1 } \left( \begin{array} { c } { \lambda _ { 2 } ^ { 2 } \gamma ^ { \mu } \, \gamma \cdot p _ { 1 } \ - \gamma \cdot \lambda _ { 2 } \, \, \gamma \cdot p _ { 1 } \, \lambda _ { 2 } ^ { \mu } } \\ { + \lambda _ { 2 } \cdot p _ { 1 } \, \, \gamma \cdot \lambda _ { 2 } \, \, \gamma ^ { \mu } \, } \\ \end{array} \right) \dot { \theta } _ { 1 } .",4f632c1227.png,415,129,384,64,6.0
E _ { \mu \mathrm { m } } = { \frac { 1 } { 2 } } \biggl ( { \frac { \partial u ^ { \mu } } { \partial X ^ { \mathrm { m } } } } + { \frac { \partial u ^ { \mathrm { m } } } { \partial X ^ { \mu } } } + \sum _ { \mathrm { n } = 1 } ^ { 3 } { \frac { \partial u ^ { \mathrm { n } } } { \partial X ^ { \mu } } } { \frac { \partial u ^ { \mathrm { n } } } { \partial X ^ { \mathrm { m } } } } \biggr ),3db5e63da2.png,398,130,320,64,5.0
"m _ { G } ^ { 2 } \; = \; - 2 e ^ { 2 } \int _ { { \mathcal R } } \frac { d ^ { 2 } p } { ( 2 \pi ) ^ { 2 } } \, \frac { \partial } { \partial p _ { \mu } } ( \frac { p _ { \mu } } { p ^ { 2 } } ) + 2 e ^ { 2 } \int _ { { \mathcal R } } \frac { d ^ { 2 } p } { ( 2 \pi ) ^ { 2 } } \, \frac { \partial } { \partial p _ { \mu } } ( \frac { p _ { \mu } } { p ^ { 2 } + \Lambda ^ { 2 } } ) \; ,",51e117e803.png,390,148,480,64,7.5
C _ { 1 } \left[ J _ { \lambda } \left( \frac { \sqrt { 4 \alpha c _ { \epsilon } } } { \epsilon x ^ { \frac { \epsilon } { 2 } } } \right) + \frac { \sqrt { 4 \alpha c _ { \epsilon } } } { x ^ { \frac { \epsilon } { 2 } } } J _ { \lambda } ^ { \prime } \left( \frac { \sqrt { 4 \alpha c _ { \epsilon } } } { \epsilon x ^ { \frac { \epsilon } { 2 } } } \right) \right] _ { x = a } = 0 \; \; \; .,96b751bf19.png,395,118,384,64,6.0
"\begin{array} { l } { \mu ( R ) = p + \frac { 1 } { 2 } a _ { i j } \, \alpha ^ { i } \wedge \alpha ^ { j } + q \, \, \alpha ^ { 1 } \wedge \alpha ^ { 2 } \wedge \alpha ^ { 3 } \wedge \alpha ^ { 4 } , } \\ { \mu ( \hat { R } ) = q - \frac { 1 } { 4 } \epsilon ^ { i j k l } a _ { i j } \, \beta _ { k } \wedge \beta _ { l } + p \, \, \beta _ { 1 } \wedge \beta _ { 2 } \wedge \beta _ { 3 } \wedge \beta _ { 4 } } \\ \end{array}",36f9d0be47.png,427,141,384,96,4.0
"\left\{ x _ { 1 } , y _ { 1 } \right\} _ { \theta } ^ { \mu _ { 1 } } \left\{ x _ { 2 } , y _ { 2 } \right\} _ { \theta } ^ { \mu _ { 2 } } \ldots \left\{ x _ { n } , y _ { n } \right\} _ { \theta } ^ { \mu _ { n } } = : \left\{ x _ { 1 } , y _ { 1 } ^ { \mu _ { 1 } } ; x _ { 2 } , y _ { 2 } ^ { \mu _ { 2 } } ; \cdots ; x _ { n } , y _ { n } ^ { \mu _ { n } } \right\} _ { \theta }",217ac0dfe3.png,383,145,480,32,15.0
"W ^ { \left( \mathrm { i } \right) } { \left( x _ { 1 } , x _ { 2 } , x _ { 3 } , x _ { 4 } \right) } = \left\langle \Omega , \phi _ { { i } _ { 1 } } \left( x _ { { i } _ { 1 } } \right) \phi _ { { i } _ { 2 } } \left( x _ { { i } _ { 2 } } \right) \phi _ { { i } _ { 3 } } \left( x _ { { i } _ { 3 } } \right) \phi _ { { i } _ { 4 } } \left( x _ { { i } _ { 4 } } \right) \Omega \right\rangle ,",5adea76fd9.png,396,140,480,32,15.0
"\begin{array} { r c l } { \left[ \tilde { \hat { \cal D } } _ { \mu } , \tilde { \hat { \cal D } } _ { \nu } \right] \epsilon } & { = } & { - { \textstyle \frac { 1 } { 4 } } \left\{ C _ { \mu \nu } { } ^ { a b } \gamma _ { a b } + 2 i \not \! \nabla \left( F _ { \mu \nu } + i \, { } ^ { \star } F _ { \mu \nu } \gamma _ { 5 } \right) i \sigma ^ { 2 } \right. } \\ \end{array}",24be7035dc.png,377,117,480,128,3.75
"I _ { \varepsilon } ^ { 1 } \left( a \right) = \sum _ { \nu _ { 1 } , \nu _ { 2 } \in { \cal N } _ { \varepsilon } ^ { + } } \frac { 1 } { \rho \left( \nu _ { 1 } \right) \rho \left( \nu _ { 2 } \right) } \left[ { \LARGE i } \right] + \sum _ { \nu _ { 1 } , \nu _ { 2 } \in { \cal N } _ { \varepsilon } ^ { + } } \frac { 1 } { \rho \left( \nu _ { 1 } \right) \rho \left( \nu _ { 2 } \right) } \left[ { \Large i i } \right] ,",3e54232945.png,424,128,480,64,7.5
\begin{array} { c } { \epsilon _ { a b } = \left( \begin{array} { c c } { 0 } & { q ^ { \frac { 1 } { 2 } } } \\ { - q ^ { - \frac { 1 } { 2 } } } & { 0 } \\ \end{array} \right) } \\ { \epsilon _ { a b } \epsilon _ { b c } = - \delta _ { a c } } \\ { ( \epsilon _ { \overline { { a } } \overline { { b } } } ) _ { q } = - ( \epsilon _ { a b } ) _ { q ^ { - 1 } } } \\ \end{array},36804a6ad8.png,379,128,384,96,4.0
"\operatorname { e x p } ( \phi ( z , \bar { z } ) ) = a \tau _ { 2 } \eta ^ { 2 } \bar { \eta } ^ { 2 } \tilde { \tau } _ { 2 } \tilde { \eta } ^ { 2 } \bar { \tilde { \eta } } ^ { 2 } \left| \prod _ { i = 1 } ^ { 1 2 } ( z - z _ { i } ) ^ { - \frac { 1 } { 1 2 } } \right| ^ { 2 } \left| \prod _ { j = 1 } ^ { 1 2 } ( z - y _ { j } ) ^ { - \frac { 1 } { 1 2 } } \right| ^ { 2 } .",730d530232.png,380,143,480,64,7.5
"< { \cal O } _ { 1 } \cdots { \cal O } _ { k } \, \mathrm { e x p } \left\{ \sum _ { k = 0 } ^ { 4 } \sum _ { p = 4 - k } ^ { 4 n } \sum _ { \beta _ { k } = 1 } ^ { b ^ { k } ( { \cal M } ) } \sum _ { \alpha _ { p } = 1 } ^ { b ^ { p } ( { \cal N } ) } s _ { \alpha _ { p } , \beta _ { k } } ^ { p , k } { \cal D } _ { p , k } ^ { \alpha _ { p } , \beta _ { k } } \right\} > .",5601e6f98b.png,376,149,480,64,7.5
\begin{array} { l c c c } { \mathrm { f l o o r } } & { \mathrm { S U ( 1 / 2 ) } } & { \mathrm { S U ( 2 ) } } & { \mathrm { f i e l d } } \\ { \noalign { \vskip 3 p t } \noalign { \hrule } \noalign { \vskip 3 p t } } \\ { \mid \mathrm { g r o u n d } > } & { ( 0 ~ 4 ) } & { ( 4 ) } & { e _ { \mu } ^ { a } } \\ { \mid \mathrm { 1 s t } > } & { ( - 1 ~ 3 ) } & { ( 3 ) } & { \Psi _ { \mu } } \\ \end{array},1857b5cde2.png,408,149,480,128,3.75
"\begin{array} { c c c } { \alpha _ { 1 } \to \alpha _ { 1 } + \omega _ { 1 } \alpha _ { 2 } , } & { \ \ \ } & { \beta _ { 1 } \to c ~ \beta _ { 1 } + \omega _ { 2 } \beta _ { 2 } } \\ { \alpha _ { 2 } \to c ~ \alpha _ { 2 } \phantom { \omega _ { 2 } c \alpha _ { 2 } } , } & { \ \ \ \ \ \ \ } & { \beta _ { 2 } \to \beta _ { 2 } \phantom { n n c + \omega _ { 2 } ( \beta _ { 2 } + 1 ) } . } \\ \end{array}",79fd356427.png,405,143,384,64,6.0
"Q ^ { \prime } \left( \begin{array} { c } { \phi } \\ { a } \\ { \psi ^ { \prime } } \\ { \bar { \phi } } \\ { \bar { \psi } } \\ \end{array} \right) = \left( \begin{array} { c } { 0 } \\ { \psi ^ { \prime } } \\ { - L ( \phi ) a } \\ { \bar { \psi } } \\ { - L ( \phi ) \bar { \phi } } \\ \end{array} \right) _ { ( \phi , a , \psi ^ { \prime } , \bar { \phi } , \bar { \psi } ) } .",2ab566d9c4.png,382,115,480,128,3.75
"\zeta _ { \mathrm { r e n } } ^ { D } ( \alpha , R ) = \frac { m ^ { { \scriptstyle \frac { D } { 2 } } - 1 } } { 2 ^ { D - 2 } \pi ^ { D - 1 } R ^ { { \scriptstyle \frac { D } { 2 } } - 1 } } \sum _ { n = 1 } ^ { \infty } \frac { \operatorname { c o s } ( 2 n \pi \alpha ) K _ { { \scriptstyle \frac { D } { 2 } } - 1 } ( 2 n \pi R m ) } { n ^ { { \scriptstyle \frac { D } { 2 } } - 1 } } .",293ac60882.png,391,139,480,64,7.5
E _ { _ { a } } ^ { \; \mu } = \left( \begin{array} { c c c } { 1 } & { 0 } & { 0 } \\ { 0 } & { \frac { \beta } { \rho } \operatorname { c o s } \phi } & { - \frac { 1 } { \rho } \frac { \alpha } { \operatorname { s i n } \alpha \theta } \operatorname { s i n } \phi } \\ { 0 } & { \frac { \beta } { \rho } \operatorname { s i n } \phi } & { \frac { 1 } { \rho } \frac { \alpha } { \operatorname { s i n } \alpha \theta } \operatorname { c o s } \phi } \\ \end{array} \right) .,6923bb48ce.png,478,141,384,96,4.0
"\psi _ { \lambda _ { 1 } , \lambda _ { 2 } } ^ { m l } ( \xi _ { 1 } , \xi _ { 2 } ) = N \operatorname { e x p } \left\lbrace { \frac { \xi _ { 1 } ^ { 2 } } { 2 c \theta } } - { \frac { \xi _ { 2 } ^ { 2 } } { 2 ( 1 + c ) \theta } } - { \frac { \lambda _ { 1 } \xi _ { 1 } } { c \theta } } + { \frac { \lambda _ { 2 } \xi _ { 2 } } { ( 1 + c ) \theta } } \right\rbrace \quad .",1262bce65d.png,377,132,480,64,7.5
"\left\{ \begin{array} { r c l } { \delta _ { \hat { \chi } } \left( i _ { \hat { k } } \hat { C } \right) _ { \hat { \mu } \hat { \nu } } } & { = } & { - 4 \partial _ { [ \hat { \mu } } \hat { \lambda } _ { \hat { \nu } ] } \, , } \\ { \delta _ { \hat { \chi } } \left( i _ { \hat { k } } \hat { g } \right) _ { \hat { \mu } } } & { = } & { m \hat { \lambda } _ { \hat { \mu } } \hat { k } ^ { 2 } \, . } \\ \end{array} \right.",6f9d133500.png,427,138,384,96,4.0
"\begin{array} { l l l } { R } & { = } & { 8 e ^ { - 2 \rho } \partial _ { + } \partial _ { - } \rho = 8 e ^ { - 2 \rho } { \left( 1 - { \frac { 1 } { 2 4 } } \, N e ^ { 2 \Phi } \right) } ^ { - 1 } \partial _ { - } \Sigma } \\ { \ } & { = } & { 4 { \left( 1 - { \frac { 1 } { 1 2 } } \, N e ^ { 2 \Phi } \right) } ^ { - 1 } \left( 4 e ^ { - 2 \rho } \, \partial _ { - } \Phi \, \Sigma + \lambda ^ { 2 } \right) \; , } \\ \end{array}",20bc3a847f.png,432,149,384,96,4.0
"\left. \begin{array} { c } { { \cal D } ^ { J \! = \! 1 } \otimes _ { h . w . } \Theta ^ { J } = 0 } \\ { { \cal D } ^ { J \! = \! 1 } \otimes _ { h . w . } \tilde { \Theta } ^ { J ^ { \prime } } = 0 } \\ \end{array} \right\} \Longrightarrow { \cal D } ^ { J \! = \! 1 } \otimes _ { h . w . } ( \Theta \otimes _ { h . w . } \tilde { \Theta } ) ^ { J + J ^ { \prime } } = 0 \, .",2d40015add.png,377,124,480,64,7.5
"G ^ { \epsilon } ( z , \bar { z } ) = \operatorname* { l i m } _ { | z _ { 3 } \bar { z _ { 3 } } | \rightarrow \infty } | z _ { 3 } \bar { z } _ { 3 } | ^ { 2 \Delta _ { \alpha _ { 3 } } } \langle \phi _ { \alpha _ { 3 } } \left( z _ { 3 } , \bar { z } _ { 3 } \right) \phi _ { \alpha _ { 2 } } \left( 1 \right) R _ { \alpha } ^ { \epsilon } \left( z , \bar { z } \right) R _ { \alpha _ { 1 } } ^ { \epsilon } \left( 0 \right) \rangle",4955a3d421.png,435,140,480,64,7.5
m \epsilon _ { \mu \alpha \beta } \partial ^ { \alpha } \hat { A } ^ { \beta } \approx \epsilon _ { \mu \alpha \beta } \partial ^ { \alpha } ( \hat { f } ^ { \beta } - m \hat { a } ^ { \beta } ) - \epsilon _ { \nu \alpha \beta } ( m \partial ^ { \alpha } \hat { A } ^ { \beta } - \partial ^ { \alpha } \hat { f } ^ { \beta } ) \frac { \delta \hat { a } ^ { \nu } } { \delta \hat { A } ^ { \mu } } .,53f3dd0994.png,398,116,480,64,7.5
"a = { \partial _ { \nu _ { 1 } } } { \partial _ { \bar { \nu _ { 1 } } } } \operatorname { l o g } { \langle \nu \vert \nu \rangle } , b = { \partial _ { \nu _ { 1 } } } { \partial _ { \bar { \nu _ { 2 } } } } \operatorname { l o g } { \langle \nu \vert \nu \rangle } , c = { \partial _ { \nu _ { 2 } } } { \partial _ { \bar { \nu _ { 2 } } } } \operatorname { l o g } { \langle \nu \vert \nu \rangle }",4d22802f24.png,402,122,480,32,15.0
{ \bf \hat { e } _ { \rho } . \hat { e } _ { \mu } ^ { \prime } } = { \bf \hat { e } _ { \rho } . } L { \bf \hat { e } _ { \mu } } = L _ { \mu } ^ { \nu } { \bf \hat { e } _ { \rho } . \hat { e } _ { \nu } } = L _ { \mu } ^ { \gamma } g _ { \rho \gamma } \Rightarrow { L } _ { \mu } ^ { \gamma } = g _ { \gamma \rho } ^ { - 1 } { \bf \hat { e } _ { \rho } . } L { \bf \hat { e } _ { \mu } } .,1efb5bc765.png,392,144,480,32,15.0
"\stackrel { \circ } { T } { ^ a } = \stackrel { \circ } { D } e ^ { a } \equiv d e ^ { a } + \stackrel { \circ } { \omega } { _ { \, \cdot b } ^ { \, a } } \wedge e ^ { b } , \; \; \; \; \; \stackrel { \circ } { R } { ^ { a b } } = d \stackrel { \circ } { \omega } { ^ { a b } } + \stackrel { \circ } { \omega } { ^ a _ { \cdot c } } \wedge \stackrel { \circ } { \omega } { ^ { c b } } ,",2ecc53b8e3.png,387,127,480,32,15.0
"\left\{ \begin{array} { l } { W = \left( { \frac { 2 - c } { 2 } } X \right) ^ { \frac { 2 } { 2 - c } } } \\ { Z = \left( { \frac { 2 - d } { 2 } } Y \right) ^ { \frac { 2 } { 2 - d } } } \\ \end{array} \right. , \ \ \ \ \ \ \ \ \left\{ \begin{array} { l } { X = ( 1 - a ) W ^ { \frac { 1 } { 1 - a } } } \\ { Y = ( 1 - b ) Z ^ { \frac { 1 } { 1 - b } } } \\ \end{array} \right. ,",699f39c938.png,381,132,384,96,4.0
{ \tilde { c } } _ { \alpha \beta } ^ { \enspace \enspace \gamma } = A _ { \alpha } ^ { \delta } A _ { \beta } ^ { \sigma } ( A ^ { - 1 } ) _ { \mu } ^ { \gamma } c _ { \delta \sigma } ^ { \enspace \enspace \mu } + ( A ^ { - 1 } ) _ { \delta } ^ { \gamma } ( A _ { \alpha } ^ { \sigma } E _ { \sigma } A _ { \beta } ^ { \delta } + A _ { \beta } ^ { \sigma } E _ { \sigma } A _ { \alpha } ^ { \delta } ),620a1c782f.png,402,130,480,32,15.0
"\bar { \alpha } : = \left( \begin{array} { l } { \bar { d } _ { 1 } } \\ { \bar { d } _ { 2 } } \\ \end{array} \right) , \quad \bar { \beta } : = \left( \begin{array} { l } { \bar { d } _ { 1 } } \\ { - \bar { d } _ { 2 } } \\ \end{array} \right) , \quad \bar { D } _ { 0 } : = 2 \left( \begin{array} { l l } { \bar { d } _ { 1 } } & { 0 } \\ { 0 } & { \bar { d } _ { 2 } } \\ \end{array} \right) .",64bf97b21e.png,398,125,384,64,6.0
"\Gamma ^ { ( 3 ) } = \setlength { \unitlength } { 1 p t } \left\{ \begin{array} { l l } { ( 4 0 , 2 4 ) ( - 1 8 , - 3 ) \thicklines \put ( 0 , 0 ) { \circle { 2 4 } } \put ( 1 2 , 0 ) { \line ( - 5 , 3 ) { 1 8 . 1 7 4 } } \put ( 1 2 , 0 ) { \line ( - 5 , - 3 ) { 1 8 . 1 7 4 } } \put ( - 6 . 1 7 4 , 1 0 . 2 9 0 ) { \line ( 0 , - 1 ) { 2 0 . 5 8 } } } \\ \end{array} \right. ,",67e879b1ee.png,376,139,128,64,2.0
\left( \begin{array} { c } { Z _ { 1 } } \\ { Z _ { 2 } } \\ \end{array} \right) = \left( \begin{array} { c c } { \operatorname { c o s } ( \mu x ^ { + } ) } & { \operatorname { s i n } ( \mu x ^ { + } ) } \\ { - \operatorname { s i n } ( \mu x ^ { + } ) } & { \operatorname { c o s } ( \mu x ^ { + } ) } \\ \end{array} \right) \left( \begin{array} { c } { x _ { 1 } } \\ { x _ { 2 } } \\ \end{array} \right) .,20e7884e97.png,410,125,384,64,6.0
"\begin{array} { c c c c c } { d s _ { b r a n e } ^ { 2 } } & { \stackrel { r \to \infty } { \approx } } & { \underbrace { d x ^ { m } \otimes d x ^ { n } \, \eta _ { m n } } } & { - } & { \underbrace { d r ^ { 2 } + r ^ { 2 } \, d s _ { X } ^ { 2 } ( y ) } } \\ { \null } & { \null } & { M _ { p + 1 } } & { \null } & { C \left( X ^ { D - p - 2 } \right) \, , } \\ \end{array}",6e7b0ea065.png,377,139,384,64,6.0
"\Big \{ g , \partial _ { \alpha _ { 1 } \cdots \alpha _ { k } } g , \partial _ { \alpha _ { 1 } \cdots \alpha _ { k - 1 } } A _ { \alpha _ { k } } ^ { a } \Big \} \rightarrow \Big \{ g , \partial _ { ( \alpha _ { 1 } \cdots \alpha _ { k - 1 } } A _ { \alpha _ { k } ) } ^ { a } , D _ { \alpha _ { 1 } \cdots \alpha _ { k - 1 } } ^ { ( \Theta ) } I _ { \alpha _ { k } } ^ { a } \Big \} .",6be7346d89.png,386,130,480,64,7.5
"\omega _ { W P } = i \overline { \partial } { \frac { 2 \sum _ { i , j = 1 } ^ { h } \omega _ { i } ^ { \prime \prime } A _ { i j } \overline { \omega } _ { j } - 3 \left( \sum _ { i , j = 1 } ^ { h } \omega _ { i } ^ { \prime } A _ { i j } \overline { \omega } _ { j } \right) ^ { 2 } } { 2 \left( \sum _ { i , j = 1 } ^ { h } \omega _ { i } A _ { i j } \overline { \omega } _ { j } \right) ^ { 2 } } } .",5919b7bc37.png,405,141,384,96,4.0
"F ^ { \hat { \nabla } } = \left( \begin{array} { c c c } { 0 } & { f _ { 1 3 } \vartheta } & { - f _ { 1 2 } \vartheta } \\ { - f _ { 1 3 } \vartheta } & { 0 } & { f _ { 2 3 } \vartheta ^ { 2 } } \\ { f _ { 1 2 } \vartheta } & { - f _ { 2 3 } \vartheta } & { 0 } \\ \end{array} \right) + \left( \begin{array} { c c c } { 1 } & { 0 } & { 0 } \\ { 0 } & { 0 } & { \vartheta } \\ { 0 } & { - \vartheta } & { 0 } \\ \end{array} \right) \, .",7fd8deac37.png,436,146,384,96,4.0
"\left\langle \begin{array} { l } { R _ { 1 } } \\ { J _ { 1 } } \\ \end{array} \right| { \hat { \cal T } } _ { J } ^ { R } \left| \begin{array} { l } { R _ { 2 } } \\ { J _ { 2 } } \\ \end{array} \right\rangle = \left\langle \begin{array} { l l } { R _ { 1 } } & { R } \\ { J _ { 1 } } & { J } \\ \end{array} \right. \left| \begin{array} { l } { R _ { 2 } } \\ { J _ { 2 } } \\ \end{array} \right\rangle \langle R _ { 1 } \| { \hat { \cal T } } ^ { R } \| R _ { 2 } \rangle ,",4b3e5b338a.png,475,143,384,64,6.0
\begin{array} { l } { { \displaystyle \dot { x } = - \frac { 1 } { 2 } x ^ { 2 } + x y + \frac { 1 } { 2 N } y ^ { 2 } + \frac { 1 } { 2 } W _ { 1 } ( z ) } \vspace { 2 m m } } \\ { { \displaystyle \dot { y } = \frac { N } { 2 } x ^ { 2 } + \frac { 1 } { 2 } y ^ { 2 } - \frac { 1 } { 2 } W _ { 2 } ( z ) } \vspace { 2 m m } } \\ { \dot { z } = - z ( y + N x ) } \\ \end{array},2be3b66b09.png,377,142,480,128,3.75
"\int _ { 0 } ^ { 2 \pi } \frac { d ( e ^ { \pm i N \chi } e ^ { \pm i N ^ { \prime } ( \operatorname { c o s } ^ { - 1 } ( p ) \pm \operatorname { c o s } ^ { - 1 } ( q ) ) } ) } { \pm i N \mp i N ^ { \prime } ( \frac { 1 } { \sqrt { 1 - p ^ { 2 } } } \frac { d p } { d \chi } \pm \frac { 1 } { \sqrt { 1 - q ^ { 2 } } } \frac { d q } { d \chi } ) } F ( N , N ^ { \prime } , \chi )",66bb060b2b.png,381,143,384,64,6.0
"{ \cal L } _ { \mathrm { m a s s } } ^ { W } = - { \frac { 1 } { 2 } } \left( \begin{array} { c c c } { \psi _ { X } ^ { \dot { \alpha } } } & { \psi _ { Y } ^ { \dot { \alpha } } } & { \psi _ { S } ^ { \dot { \alpha } } } \\ \end{array} \right) M _ { \psi } ^ { W } \left( \begin{array} { c } { \psi _ { X \dot { \alpha } } } \\ { \psi _ { Y \dot { \alpha } } } \\ { \psi _ { S \dot { \alpha } } } \\ \end{array} \right) + \mathrm { h . c . } ,",66143c5b06.png,445,144,384,96,4.0
"( \eta _ { 1 } , \eta _ { 2 } , \eta _ { 3 } , \eta _ { 4 } ) \sim \left\{ \begin{array} { c c } { ( + , + , + , + ) , } & { \qquad ( \mathrm { a } ) } \\ { ( - , + , + , + ) , } & { \qquad ( \mathrm { b } ) } \\ { ( + , - , + , + ) , } & { \qquad ( \mathrm { c } ) } \\ { ( + , + , - , + ) , } & { \qquad ( \mathrm { d } ) } \\ { ( + , - , + , - ) . } & { \qquad ( \mathrm { e } ) } \\ \end{array} \right.",19cd6cd695.png,406,149,480,128,3.75
"I _ { 4 } \equiv \operatorname* { d e t } \left[ \left( \begin{array} { c } { \vec { \tilde { q } } } \\ { \vec { \tilde { p } } } \\ \end{array} \right) \left( \begin{array} { c c } { \vec { \tilde { q } } \ \ \ } \\ { v e c { \tilde { p } } } \\ \end{array} \right) \right] = \left( \vec { \tilde { q } } \cdot \vec { \tilde { q } } \right) ^ { 2 } \left( \vec { \tilde { p } } \cdot \vec { \tilde { p } } \right) ^ { 2 } - \left( \vec { \tilde { q } } \cdot \vec { \tilde { p } } \right) ^ { 2 } \, ,",4180f94aef.png,503,141,480,128,3.75
R _ { \alpha \beta } ^ { \gamma \delta } = ( \delta _ { \alpha } ^ { \gamma } - \delta _ { \alpha } ^ { 1 } \delta _ { 3 } ^ { \gamma } h _ { 3 } ^ { 1 } - \delta _ { \alpha } ^ { 2 } \delta _ { 4 } ^ { \gamma } h _ { 3 } ^ { 1 } ) ( \delta _ { \beta } ^ { \delta } + \delta _ { \beta } ^ { 1 } \delta _ { 2 } ^ { \delta } g _ { 3 } + \delta _ { \beta } ^ { 3 } \delta _ { 4 } ^ { \delta } g _ { 3 } ),7b96efb7c2.png,401,138,384,32,12.0
\begin{array} { c c c c } { \hline \mathrm { o r d e r } } & { N _ { c } = 2 } & { N _ { c } = 3 } & { N _ { c } \longrightarrow \infty } \\ { \hline \epsilon } & { 0 . 5 3 9 } & { 0 . 5 0 5 } & { 0 . 4 8 0 } \\ { \hline \epsilon ^ { 2 } } & { 0 . 6 2 0 } & { 0 . 6 0 1 } & { 0 . 5 8 5 } \\ { \hline \epsilon ^ { 3 } } & { 1 . 0 3 } & { 0 . 9 3 3 } & { 0 . 8 8 0 } \\ { \hline } \\ \end{array},4fef9efc2a.png,393,148,384,96,4.0
\left\{ { \frac { \partial ^ { 2 } } { \partial r ^ { 2 } } } + { \frac { 5 } { r } } { \frac { \partial } { \partial r } } + \tilde { \omega } ^ { 2 } \left( 1 + { \frac { \tilde { R } _ { \frac { \pi } { 2 } } ^ { 4 } } { r ^ { 4 } } } \right) - { \frac { 2 \tilde { R } _ { \frac { \pi } { 2 } } ^ { 8 } } { r ^ { 1 0 } \tilde { f } ^ { 2 } } } \right\} \hat { \phi } \simeq 0,2c2a3438c3.png,379,130,384,64,6.0
"1 \; = \; { \frac { \int d A \operatorname { e x p } \left\{ - N \beta \, \mathrm { T r } \, \left[ \left( A - \sum _ { i = 1 } ^ { d } U _ { i } \right) \left( A ^ { \dagger } - \sum _ { i = 1 } ^ { d } U _ { i } ^ { \dagger } \right) \right] \right\} } { \int d A \operatorname { e x p } \left\{ - N \beta \, \mathrm { T r } \, \left[ A A ^ { \dagger } \right] \right\} } } \; .",10599c2dc8.png,380,113,480,64,7.5
"\left( \begin{array} { l } { F ^ { ( \pm ) \Lambda } } \\ { G _ { \Sigma } ^ { ( \pm ) } } \\ \end{array} \right) \, \rightarrow \, \left( \begin{array} { l } { F ^ { ( \pm ) \prime \Lambda } } \\ { G _ { \Sigma } ^ { ( \pm ) \prime } } \\ \end{array} \right) \, = \, \left( \begin{array} { l l } { A _ { t } } & { B _ { t } } \\ { C _ { t } } & { D _ { t } } \\ \end{array} \right) \left( \begin{array} { l } { F ^ { ( \pm ) \Lambda } } \\ { G _ { \Sigma } ^ { ( \pm ) } } \\ \end{array} \right)",3d1d6e0a5f.png,496,144,384,64,6.0
\left( \begin{array} { c } { \phi } \\ { \psi } \\ \end{array} \right) ( \theta ) | \frac { 1 } { 2 } \rangle = \left( \begin{array} { l l } { \mathcal { A } _ { + } } & { \mathcal { B } } \\ { \tilde { \mathcal { B } } } & { \mathcal { A } _ { - } } \\ \end{array} \right) \left( \begin{array} { c } { \phi } \\ { \psi } \\ \end{array} \right) ( - \theta ) | \frac { 1 } { 2 } \rangle,2caa4181d6.png,385,103,384,64,6.0
0 = \int d ^ { 5 } x \left( i e \frac { \delta \Gamma } { \delta \Phi _ { c } ^ { * } } \Phi _ { c } ^ { * } w _ { c } - i e \frac { \delta \Gamma } { \delta \Phi _ { c } } w _ { c } \Phi _ { c } + D _ { \alpha } \frac { \delta \Gamma } { \delta \Gamma _ { \alpha } ^ { c } } w _ { c } + \frac { 1 } { \xi } \frac { \delta \Gamma } { \delta u _ { c } } D ^ { \alpha } \Gamma _ { \alpha } ^ { c } \right) .,72be2e4d4a.png,405,134,480,64,7.5
"\left[ X ^ { \mu } , X ^ { \nu } \right] = \operatorname* { l i m } _ { \epsilon \rightarrow 0 } 2 \alpha ^ { \prime } \left( \frac { - 2 \pi \alpha ^ { \prime } F } { 1 - ( 2 \pi \alpha ^ { \prime } F ) ^ { 2 } } \right) ^ { \mu \nu } \sum _ { m = 1 } ^ { \infty } \frac { ( \rho \rho ^ { \prime } ) ^ { m } + ( \rho / \rho ^ { \prime } ) ^ { m } } { m } \operatorname { s i n } m \epsilon .",693d807c6d.png,392,121,480,64,7.5
"{ \cal B } _ { \Sigma } \, \, = \, \, \displaystyle { \int } { d } ^ { 3 } x \, \displaystyle { \, s u m _ { \Phi = A _ { \mu } ^ { a } , \, c ^ { a } , \, \Psi _ { _ A } , \, \varphi _ { i } } ^ { } } \left( { \displaystyle { \ \frac { \delta \Sigma } { \delta \Phi ^ { * } } } } { \displaystyle { \frac { \delta } { \delta \Phi } } } + { \displaystyle { \frac { \delta \Sigma } { \delta \Phi } } } { \displaystyle { \ \frac { \delta } { \delta \Phi ^ { * } } } } \right) \, + b \, .",452ee776bb.png,484,144,480,64,7.5
"\begin{array} { c } { 2 \, \Im m \, \displaystyle \int \displaystyle \frac { d x } { i } \varphi ^ { \prime } ( x + i \epsilon ) \operatorname { l o g } ( 1 + f ( x + i \epsilon ) ) = } \\ { = - 2 \, \Re e \, \displaystyle \int _ { \Gamma } \displaystyle \frac { d u } { u } \operatorname { l o g } ( 1 + u ) - \displaystyle \frac { 1 } { 2 } \displaystyle \int d x \, G ( x ) \left( F ^ { 2 } ( + \infty ) - F ^ { 2 } ( - \infty ) \right) } \\ \end{array}",65d29f192d.png,456,128,480,128,3.75
Z _ { K } ( \lambda ) = { \operatorname* { d e t } } ^ { \prime } ( ( \phi _ { 0 } ^ { K } ) ^ { * } \phi _ { 0 } ^ { K } ) ^ { - \frac { 1 } { 2 } } { \operatorname* { d e t } } ^ { \prime } ( ( d _ { 0 } ^ { K } ) ^ { * } d _ { 0 } ^ { K } ) ^ { \frac { 1 } { 2 } } { \operatorname* { d e t } } ^ { \prime } ( - \frac { i \lambda } { \pi } T _ { K } ) ^ { - \frac { 1 } { 2 } } .,595f536cb8.png,381,146,480,64,7.5
"\left( \begin{array} { c c } { A _ { 1 2 } } & { A _ { 2 2 } } \\ { - A _ { 1 1 } } & { - A _ { 1 2 } } \\ \end{array} \right) = \left( \begin{array} { c c } { \partial _ { \tau } a } & { \partial _ { \tau } b } \\ { \partial _ { \tau } c } & { \partial _ { \tau } d } \\ \end{array} \right) \left( \begin{array} { c c } { a } & { b } \\ { c } & { d } \\ \end{array} \right) ^ { - 1 } ,",779d205773.png,386,121,384,64,6.0
"\begin{array} { l c r } { R e g i o n \, I \qquad } & { \psi ^ { b } = s \left( \begin{array} { c } { E + m } \\ { - \kappa } \\ \end{array} \right) e ^ { \kappa x } } & { \qquad x \leq - \xi } \\ { R e g i o n \, I I I \qquad } & { \psi ^ { b } = s ^ { \prime } \left( \begin{array} { c } { E + m } \\ { \kappa } \\ \end{array} \right) e ^ { - \kappa x } } & { \qquad x \geq \xi } \\ \end{array}",4885b23845.png,396,120,480,128,3.75
\left( \begin{array} { l } { \theta ^ { 1 } } \\ { \theta ^ { 2 } } \\ \end{array} \right) \rightarrow \left( \begin{array} { l l } { \operatorname { c o s } \frac { \alpha } { 2 } } & { - \operatorname { s i n } \frac { \alpha } { 2 } } \\ { \operatorname { s i n } \frac { \alpha } { 2 } } & { \operatorname { c o s } \frac { \alpha } { 2 } } \\ \end{array} \right) \left( \begin{array} { l } { \theta ^ { 1 } } \\ { \theta ^ { 2 } } \\ \end{array} \right) .,4325b845ca.png,460,121,320,64,5.0
r ^ { S } = \left( \begin{array} { c c c c } { r _ { + } ^ { S } } & { 0 } & { 0 } & { 0 } \\ { 0 } & { r _ { + } ^ { S } } & { 0 } & { 0 } \\ { 0 } & { 0 } & { 1 } & { 0 } \\ { 0 } & { 0 } & { 0 } & { r _ { \chi } ^ { S } } \\ \end{array} \right) \qquad r ^ { \delta _ { i } } = \left( \begin{array} { c c } { 1 } & { 0 } \\ { 0 } & { r _ { \delta _ { i } } } \\ \end{array} \right),79efb126c0.png,383,147,384,96,4.0
"\begin{array} { c } { A _ { \mu } = \left( \frac 1 2 \left( l _ { \mu } ^ { 1 } + l _ { \mu } ^ { 2 } \right) , \frac 1 2 \left( l _ { \mu } ^ { 1 } + l _ { \mu } ^ { 2 } \right) \right) , } \\ { B _ { \mu } = \left( \frac 1 2 \left( l _ { \mu } ^ { 1 } - l _ { \mu } ^ { 2 } \right) , - \frac 1 2 \left( l _ { \mu } ^ { 1 } - l _ { \mu } ^ { 2 } \right) \right) , } \\ \end{array}",3a95dd4090.png,381,128,256,64,4.0
"\left\{ \begin{array} { l } { { \psi } ^ { \pm j } ( \sigma , \tau ) = \sqrt { \alpha ^ { \prime } } \sum _ { r \in Z + 1 / 2 } { b _ { r } } ^ { \pm j } \operatorname { e x p } [ - i r ( \tau + \sigma ) ] } \\ { { \tilde { \psi } } ^ { \pm j } ( \sigma , \tau ) = - \sqrt { \alpha ^ { \prime } } \sum _ { r \in Z + 1 / 2 } { b _ { r } } ^ { \pm j } \operatorname { e x p } [ - i r ( \tau - \sigma ) ] \; , } \\ \end{array} \right.",61041504b6.png,431,141,384,64,6.0
"\hat { \cal M } = e ^ { \hat { \varphi } } \left( \begin{array} { c c } { | \hat { \lambda } | ^ { 2 } } & { \hat { C } ^ { ( 0 ) } } \\ { \hat { C } ^ { ( 0 ) } } & { 1 } \\ \end{array} \right) \, , \hspace { 1 c m } \hat { \cal M } ^ { - 1 } = e ^ { \hat { \varphi } } \left( \begin{array} { c c } { 1 } & { - \hat { C } ^ { ( 0 ) } } \\ { - \hat { C } ^ { ( 0 ) } } & { | \hat { \lambda } | ^ { 2 } } \\ \end{array} \right) \, ,",5e04433ce4.png,431,147,480,128,3.75
"[ \hat { p } _ { \alpha } + \beta _ { \alpha \beta } \hat { \epsilon } ^ { \beta } , \hat { p } _ { \alpha ^ { \prime } } + \beta _ { \alpha ^ { \prime } \beta ^ { \prime } } \hat { \epsilon } ^ { \beta ^ { \prime } } ] = i ( \beta _ { \alpha \alpha ^ { \prime } } + \beta _ { \beta \alpha ^ { \prime } } \partial _ { \alpha } \epsilon ^ { \beta } + \beta _ { \alpha \beta } \partial _ { \alpha ^ { \prime } } \epsilon ^ { \beta } ) .",1fc6ed55e6.png,434,122,480,32,15.0
\mathrm { E } _ { 0 } = \langle \mathrm { g r o u n d } ; \mathrm { e x } | \hat { \mathrm { H } } _ { \mathrm { p h y s } } | \mathrm { g r o u n d } ; \mathrm { e x } \rangle = { \hbar } ^ { 2 } \frac { q ^ { 2 } } { q ^ { 2 } } { L } \sum _ { p > 0 } \frac { 1 } { \mathrm { E } _ { p } ^ { 2 } ( \mathrm { N } ) } j _ { p } ^ { \mathrm { e x } } ( j _ { p } ^ { \mathrm { e x } } ) ^ { \star } .,340df307c9.png,399,150,480,64,7.5
"= \; \Bigg | { \; \atop { \mathrm { d e t } \atop { \scriptstyle i , j = 1 , . . . , 2 n _ { a } } } } \Bigg ( \frac { 1 } { w _ { i } ^ { ( a ) } - z _ { j } ^ { ( a ) } } \Bigg ) \Bigg | \; \times \; \Bigg | { \; \atop { \mathrm { d e t } \atop { \scriptstyle i , j = 1 , . . . , 2 n _ { b } } } } \Bigg ( \frac { 1 } { w _ { i } ^ { ( b ) } - z _ { j } ^ { ( b ) } } \Bigg ) \Bigg |",29f998f8a5.png,385,143,480,64,7.5
"\langle \Psi _ { 1 } ( x _ { 1 } ) \cdots \Psi _ { n } ( x _ { n } ) \rangle = \displaystyle { \frac { F ( \hat { X } _ { 1 ( i ) } { \cdot \hat { X } _ { 1 ( j ) } } ) } { \displaystyle { \prod _ { l < m } ( x _ { l m } ^ { 2 } ) ^ { - \frac { 1 } { ( n - 1 ) ( n - 2 ) } ( \eta _ { 1 } + \cdots + \eta _ { n } ) + \frac { 1 } { n - 2 } ( \eta _ { l } + \eta _ { m } ) } } } } \, ,",10d7efc6ee.png,382,146,480,128,3.75
"\left( \begin{array} { c c } { \partial _ { 1 } } & { \partial _ { 2 } } \\ { \partial _ { 4 } } & { \partial _ { 3 } } \\ \end{array} \right) \mapsto \left( \begin{array} { c c } { \partial _ { 1 } q ^ { \alpha L _ { 6 } } } & { \partial _ { 2 } } \\ { \partial _ { 4 } } & { \partial _ { 3 } q ^ { - \alpha L _ { 6 } } } \\ \end{array} \right) \equiv \tilde { \partial } \quad ,",182c426b71.png,380,109,320,64,5.0
4 \left( \begin{array} { c } { { \bf E } ^ { \prime } } \\ { { \bf B } ^ { \prime } } \\ \end{array} \right) = R \left( \begin{array} { c } { { \bf E } } \\ { { \bf B } } \\ \end{array} \right) \equiv \left( \begin{array} { l l } { \operatorname { c o s } \theta } & { \operatorname { s i n } \theta } \\ { - \operatorname { s i n } \theta } & { \operatorname { c o s } \theta } \\ \end{array} \right) \left( \begin{array} { c } { { \bf E } } \\ { { \bf B } } \\ \end{array} \right),6465b956cf.png,482,124,384,64,6.0
\frac { d \phi ^ { 2 } } { d \phi ^ { 1 } } = - \frac { \partial W ^ { 1 } } { \partial \phi ^ { 1 } } \left( \frac { \partial W ^ { 1 } } { \partial \phi ^ { 2 } } \right) ^ { - 1 } \hspace { 0 . 5 c m } \equiv \hspace { 0 . 5 c m } \frac { \partial W ^ { 1 } } { \partial \phi ^ { 1 } } d \phi ^ { 1 } + \frac { \partial W ^ { 1 } } { \partial \phi ^ { 2 } } d \phi ^ { 2 } = d W ^ { 1 } = 0,1e533e0632.png,393,133,480,64,7.5
"\langle \bar { P } ^ { n } \cdots \rangle = { \frac { \partial ^ { n } } { \partial \bar { t } ^ { n } } } \, \langle \cdots \rangle = \left( { \frac { \partial t _ { s } } { \partial \bar { t } } } \, { \frac { \partial } { \partial t _ { s } } } \right) ^ { n } = \left( - { \frac { 1 } { \langle P P \rangle _ { 0 } } } \, { \frac { \partial } { \partial t _ { s } } } \right) ^ { n } \ \langle \cdots \rangle \ ,",5c1a207889.png,416,122,480,64,7.5
"\Delta _ { \varepsilon , \pm 1 , \overline { { \varepsilon } } } = \frac { \sigma ^ { 2 } } 2 \cdot \frac { m - i \varepsilon \widehat { p } } { 2 m } \cdot \frac { m - i \overline { { \varepsilon } } \overline { { p } } } { 2 m } \cdot \frac 1 2 \sigma _ { p } \left( \sigma _ { p } \pm 1 \right) = \Psi _ { \varepsilon , \pm 1 , \overline { { \varepsilon } } } \cdot \overline { { \Psi } } _ { \varepsilon , \pm 1 , \overline { { \varepsilon } } } ,",8af6b672e9.png,451,120,480,64,7.5
"I _ { 1 } = \int _ { 0 } ^ { + \infty } d t _ { 1 } \, d t _ { 2 } \, \operatorname { e x p } \Bigl [ - \frac { t _ { 1 } ^ { 2 } } { 2 \alpha } - \frac { t _ { 2 } ^ { 2 } } { 2 \alpha } - \frac { t _ { 1 } t _ { 2 } } { 2 \alpha } \Bigr ] \operatorname { s i n } ( t _ { 1 } \frac { \alpha _ { 1 } } { \alpha } ) \operatorname { s i n } ( t _ { 2 } \frac { \alpha _ { 1 } } { \alpha } ) .",766f9d96e4.png,390,141,480,64,7.5
"\left. + 2 \zeta \int d ^ { 4 } x \left[ \operatorname { c o s } \left( \frac { \left| \lambda _ { \mu \nu } ^ { 1 } ( x ) \right| } { \Lambda ^ { 2 } } \right) + \operatorname { c o s } \left( \frac { \left| \lambda _ { \mu \nu } ^ { 2 } ( x ) \right| } { \Lambda ^ { 2 } } \right) \right] - i \int d ^ { 4 } x h _ { \mu \nu } ^ { a } { \cal S } _ { \mu \nu } ^ { a } \right\} ,",1bdd9ed0b1.png,379,114,480,64,7.5
"Z _ { \scriptscriptstyle M C S } ( J ) = e ^ { i \alpha - \frac { i \pi } { 4 } \eta ( 0 , \hspace { 3 p t } \ast d _ { \scriptscriptstyle 1 } ) } \tau _ { \scriptscriptstyle R S } ( M ) ^ { \scriptscriptstyle 1 / 2 } e ^ { i \langle J , \hspace { 3 p t } \frac { 1 } { \ast d _ { \scriptscriptstyle 1 } } \hspace { 4 p t } J \rangle } Z _ { \scriptscriptstyle S D } ( \hat { J } )",5b1e67e4cc.png,381,110,384,32,12.0
"\left( \frac { C ^ { 2 } \, e ^ { 2 \, \alpha } \, n ^ { 4 } } { \left( \left( x _ { 0 } + y _ { 0 } + i \, \epsilon \right) ^ { 2 } - \left( x _ { s } + y _ { s } \right) ^ { 2 } \right) ^ { 2 } } + \frac { C ^ { 2 } \, e ^ { 2 \, \alpha ^ { * } } \, n ^ { 4 } } { \left( \left( x _ { 0 } + y _ { 0 } - i \, \epsilon \right) ^ { 2 } - \left( x _ { s } + y _ { s } \right) ^ { 2 } \right) ^ { 2 } } \right.",23a8c856bf.png,406,145,480,128,3.75
"V ^ { \alpha \dot { \alpha } } = \left( \begin{array} { l l } { V ^ { 1 \dot { 1 } } } & { V ^ { 1 \dot { 2 } } } \\ { V ^ { 2 \dot { 1 } } } & { V ^ { 2 \dot { 2 } } } \\ \end{array} \right) = { \frac { 1 } { \sqrt 2 } } \, \left( \begin{array} { l l } { V ^ { 1 } + V ^ { 4 } } & { V ^ { 2 } - V ^ { 3 } } \\ { V ^ { 2 } + V ^ { 3 } } & { - V ^ { 1 } + V ^ { 4 } } \\ \end{array} \right) \ ,",1968d725a7.png,393,145,480,64,7.5
= \frac { \hbar } { 8 \pi ^ { 2 } } \alpha ^ { 4 } \phi _ { c } ^ { 4 } \sum _ { N = 1 } ^ { m } \frac { K _ { 2 } \left( 2 N \alpha a \phi _ { c } \right) } { \left( N \alpha a \phi _ { c } \right) ^ { 2 } } + \frac { \hbar } { 8 \pi ^ { 2 } } \alpha ^ { 4 } \phi _ { c } ^ { 4 } \sum _ { N = m + 1 } ^ { \infty } \frac { K _ { 2 } \left( 2 N \alpha a \phi _ { c } \right) } { \left( N \alpha a \phi _ { c } \right) ^ { 2 } } .,6535a7a82d.png,428,149,480,64,7.5
"T ^ { F } ( z ) = { \frac { 2 \sum _ { i , j = 1 } ^ { h } \omega _ { i } ^ { \prime \prime } A _ { i j } \overline { \omega } _ { j } - 3 \left( \sum _ { i , j = 1 } ^ { h } \omega _ { i } ^ { \prime } A _ { i j } \overline { \omega } _ { j } \right) ^ { 2 } } { 2 \left( \sum _ { i , j = 1 } ^ { h } \omega _ { i } A _ { i j } \overline { \omega } _ { j } \right) ^ { 2 } } } .",1f41d49938.png,379,138,384,96,4.0
"\Delta = 1 + \frac { l _ { 1 } ^ { 2 } } { r ^ { 2 } } \operatorname { c o s } ^ { 2 } \theta + \frac { l _ { 2 } ^ { 2 } } { r ^ { 2 } } ( \operatorname { s i n } ^ { 2 } \theta + \operatorname { c o s } ^ { 2 } \theta \operatorname { c o s } ^ { 2 } \psi ) + \frac { l _ { 1 } ^ { 2 } l _ { 2 } ^ { 2 } } { r ^ { 4 } } \operatorname { c o s } ^ { 2 } \theta \operatorname { c o s } ^ { 2 } \psi \ ,",602d9a5c70.png,400,143,480,64,7.5
"\begin{array} { c } { D 7 } \\ { ( 7 , 0 , 2 ) } \\ \end{array} \, \, \, \left\{ \begin{array} { r c l } { d \hat { s } _ { I I B } ^ { 2 } } & { = } & { H ^ { - 1 / 2 } \left( \eta _ { i j } d y ^ { i } d y ^ { j } - d y ^ { 2 } \right) - H ^ { 1 / 2 } d \omega d \overline { { \omega } } \, , } \\ { \hat { \lambda } } & { = } & { - \frac { h } { i } \operatorname { l o g } { \overline { { \omega } } } \, , } \\ \end{array} \right.",1e85c66018.png,435,149,480,128,3.75
"g ( \underline { { x } } ) = \bigl ( \prod _ { s = 1 } ^ { l } \frac { \partial } { \partial y _ { j _ { s } } ^ { 0 } } \bigr ) ^ { K } \sum _ { | \underline { { m } } | \leq K - 1 , m _ { j _ { 1 } } ^ { 0 } = . . . = m _ { j _ { l } } ^ { 0 } = 0 } ( \frac { \partial } { \partial \underline { { y } } } ) ^ { \underline { { m } } } \nu _ { \underline { { m } } } ( \underline { { y } } ) ,",732250374c.png,393,142,384,64,6.0
"A _ { M } = \left( \begin{array} { c } { a } \\ { \psi } \\ \end{array} \right) , \; \; \; \; \; A _ { M } ^ { \dagger } = \left( \begin{array} { c } { a ^ { \dagger } } \\ { \psi ^ { \dagger } } \\ \end{array} \right) , \; \; \tilde { A } _ { M } = \left( \begin{array} { c } { \tilde { a } } \\ { \tilde { \psi } } \\ \end{array} \right) , \; \; \; \; \; \tilde { A } _ { M } ^ { \dagger } = \left( \begin{array} { c } { \tilde { a } ^ { \dagger } } \\ { \tilde { \psi } ^ { \dagger } } \\ \end{array} \right)",283d5ab347.png,511,141,480,64,7.5
"\times \, \frac { \omega } { 2 i \pi \hbar \operatorname { s i n } \omega \Delta t } \, e ^ { - i \frac { \pi } { 2 } | \ell | } \, e ^ { \frac { i \omega } { 2 \hbar } \frac { \operatorname { c o s } \omega \Delta t } { \operatorname { s i n } \omega \Delta t } ( r _ { f } ^ { 2 } + r _ { i } ^ { 2 } ) } \, J _ { | \ell | } \left( \frac { \omega r _ { f } \, r _ { i } } { \hbar \operatorname { s i n } \omega \Delta t } \right) \ \ \ .",3fdcdde7a9.png,439,137,480,64,7.5
"\frac { \partial } { \partial \theta } \begin{array} { c } { l i m } \\ { \varepsilon \rightarrow 0 } \\ \end{array} I ( p , m , \theta , \varepsilon ) \mid _ { _ { \theta _ { 0 } ^ { - } } } \neq \frac { \partial } { \partial \theta } \begin{array} { c } { l i m } \\ { \varepsilon \rightarrow 0 } \\ \end{array} I ( p , m , \theta , \varepsilon ) \mid _ { _ { _ { \theta _ { 0 } ^ { + } } } }",4b885df8a7.png,394,106,480,64,7.5
\mathcal { L } _ { I } ^ { l i n } = - \frac { i } { 4 } \left( h ^ { a \mu } \bar { \psi } \gamma _ { a } \frac { 1 \pm \gamma _ { 5 } } { 2 } \stackrel { \leftrightarrow } { \partial _ { \mu } ^ { \psi } } \psi + h _ { \ \mu } ^ { \mu } \bar { \psi } \gamma ^ { a } \frac { 1 \pm \gamma _ { 5 } } { 2 } \stackrel { \leftrightarrow } { \partial _ { a } ^ { \psi } } \psi \right),a321c24d6e.png,379,118,480,64,7.5
"| { \cal O } \rangle = \left\{ \begin{array} { l } { \sum _ { s ^ { \prime } } \oplus | { \cal O } _ { s ^ { \prime } } ^ { ( 1 ) } \rangle \qquad s ^ { \prime } = s , s - 2 , s - 4 , \ldots , s - 2 [ \frac { s } { 2 } ] \, , } \\ { \sum _ { s ^ { \prime } } \oplus | { \cal O } _ { s ^ { \prime } } ^ { ( 2 ) } \rangle \qquad s ^ { \prime } = s - 1 , s - 3 , s - 5 , \ldots , s - 2 [ \frac { s - 1 } { 2 } ] \, . } \\ \end{array} \right.",69accbab95.png,438,150,480,128,3.75
"\left[ \begin{array} { c } { { } } \\ { { \sum \sum } } \\ { { } _ { j < l } } \\ \end{array} \alpha _ { j } \alpha _ { l } k _ { j l } ^ { 2 } - \sum \alpha _ { i } m _ { i } ^ { 2 } \right] \Rightarrow - \left[ \sum \alpha _ { i } ^ { 2 } m _ { i } ^ { 2 } \! + \! 2 \! \begin{array} { c } { { } } \\ { { \sum \sum } } \\ { { } _ { j < l } } \\ \end{array} \alpha _ { j } \alpha _ { l } m _ { j } m _ { l } c _ { j l } \right] ,",13e0db24bb.png,430,149,480,64,7.5
"G _ { 1 } ^ { ( m , k ) } = \Phi ( \vec { x } _ { r } , \vec { x } _ { s } ) \left( \frac { 1 } { \mathcal { S } _ { + } } - \frac { 1 } { \mathcal { S } _ { - } } \right) = \Phi ( \vec { x } _ { r } , \vec { x } _ { s } ) \left( \frac { \operatorname { s i n h } \mathcal { U } } { \operatorname { c o s h } \mathcal { U } - \operatorname { c o s } \mathcal { T } } \right) \; .",1b8a029400.png,379,128,480,64,7.5
\begin{array} { l l l } { \delta e ^ { a } = \frac { 1 } { 8 } \bar { \epsilon } { \bf \Gamma } ^ { a } \psi } & { \hspace { 1 c m } } & { \delta \omega ^ { a b } = - \frac { 1 } { 8 } \bar { \epsilon } { \bf \Gamma } ^ { a b } \psi } \\ { \delta \psi = D \epsilon } & { \hspace { 1 c m } } & { \delta A ^ { a b c d e } = \frac { 1 } { 8 } \bar { \epsilon } { \bf \Gamma } ^ { a b c d e } \psi . } \\ \end{array},6f70551d8b.png,412,135,384,96,4.0
\langle { \cal T } ( a _ { 1 } ) { \cal T } ( a _ { 2 } ) \rangle = ( - 1 ) ^ { 2 } { \frac { \delta ^ { 2 } \Gamma _ { S C } } { \delta \hat { \mu } ( a _ { 1 } ) \delta \hat { \mu } ( a _ { 2 } ) } } \bigg \vert _ { \hat { \mu } = 0 } = \kappa \partial _ { 1 } ^ { 2 } D _ { 1 } \left( { \frac { \theta _ { 1 } - \theta _ { 2 } } { z _ { 1 } - z _ { 2 } - \theta _ { 1 } \theta _ { 2 } } } \right),5cd51201c2.png,399,144,480,64,7.5
"= \frac { \beta } { 2 \pi } ( k ^ { \mu } k ^ { \nu } - k ^ { 2 } g ^ { \mu \nu } ) \left[ \frac { 1 } { \sqrt { k ^ { 2 } } } \left( 1 + \frac { 4 m ^ { 2 } } { k ^ { 2 } } \right) \operatorname { l o g } \left( \frac { 1 - \sqrt { \frac { 4 m ^ { 2 } } { k ^ { 2 } } } } { 1 + \sqrt { \frac { 4 m ^ { 2 } } { k ^ { 2 } } } } \right) + \frac { 4 m } { k ^ { 2 } } \right] \, \, ,",5f1383cb6b.png,380,140,480,64,7.5
\left( \partial ^ { \gamma } \partial _ { \alpha } T ^ { ( \alpha \nu ) \beta } - \partial ^ { \beta } \partial _ { \alpha } T ^ { ( \alpha \nu ) \gamma } \right) = - \frac { D ^ { 2 } } { a e ^ { 2 } } \partial ^ { 2 } T ^ { ( \beta \gamma ) \nu } + \frac { D } { 2 e ^ { 2 } } \partial ^ { 2 } \epsilon ^ { \beta \gamma } { } _ { \kappa \lambda } T ^ { ( \kappa \lambda ) \nu } .,3bcbcbe013.png,381,114,480,64,7.5
"{ \bf R } _ { + } \times { \cal E } _ { L } \ni ( \alpha , \widetilde { x } ) { \left\{ \begin{array} { l l } { ( 9 0 , 0 ) ( 0 , 0 ) \put ( 5 , 3 ) { \vector ( 1 , 0 ) { 8 0 } } \put ( 1 5 , 1 0 ) { \scriptstyle ( \lambda , \gamma ) \in { \bf R } _ { + } \times { \cal D } _ { L } } } \\ \end{array} \right. } ( \lambda [ \widetilde { \varphi } ] \alpha , \widetilde { x } \circ \gamma [ \widetilde { \varphi } ] ) \in \mathrm { ~ \boldmath ~ R } _ { + } \times { \cal E } _ { L } \; \; \; ,",5dbc4584bf.png,492,150,480,64,7.5
"\Omega _ { i } ^ { ( 2 ; 4 - 2 \varepsilon ) } = \int _ { 0 } ^ { \tau _ { 0 i } } \frac { \mathrm { d } \theta } { \operatorname { c o s } ^ { 2 - 2 \varepsilon } \theta } = 2 \operatorname { t a n } \tau _ { 0 i } \; \; _ { 2 } F _ { 1 } \left( \left. \begin{array} { c } { 1 / 2 , \; \varepsilon } \\ { 3 / 2 } \\ \end{array} \right| - \operatorname { t a n } ^ { 2 } \tau _ { 0 i } \right) ,",1ac4392ee2.png,395,122,480,64,7.5
"\begin{array} { c c } { \displaystyle { \{ D _ { i \alpha } , D _ { j \beta } \} = - 2 i \bar { \cal E } _ { i j } \gamma _ { \alpha \beta } ^ { A } \partial _ { A } } ~ ~ ~ } & { ~ ~ ~ \displaystyle { \{ \tilde { D } _ { \tilde { \imath } } ^ { \alpha } , \tilde { D } _ { \tilde { \jmath } } ^ { \beta } \} = - 2 i \bar { \tilde { \cal E } } _ { \tilde { \imath } \tilde { \jmath } } \tilde { \gamma } ^ { A \alpha \beta } \partial _ { A } } } \\ \end{array}",7d06b62a2e.png,460,139,480,64,7.5
"\left\{ \delta S _ { 0 } \left[ { \frac { \delta } { \delta \eta _ { a } } } , { \frac { \delta } { \delta \bar { \eta } _ { a } } } , { \frac { \delta } { \delta J _ { a } ^ { \mu } } } \right] + \delta S _ { T } \left[ { \frac { \delta } { \delta \eta _ { a } } } , { \frac { \delta } { \delta \bar { \eta } _ { a } } } , { \frac { \delta } { \delta J _ { a } ^ { \mu } } } \right] \right\} Z \left[ J _ { \mu } , \eta , \bar { \eta } \right] \, = \, 0 \, .",af4f307e1b.png,459,142,480,64,7.5
"D _ { \alpha } = \frac { \partial } { \partial \theta ^ { \alpha } } + i \sigma _ { \alpha { \dot { \alpha } } } ^ { \mu } { \overline { \theta } } ^ { \dot { \alpha } } \partial _ { \mu } \, , \hspace { 1 c m } { \overline { D } } _ { \dot { \alpha } } = - \frac { \partial } { \partial { \overline { \theta } } ^ { \dot { \alpha } } } - i \theta ^ { \alpha } \sigma _ { \alpha { \dot { \alpha } } } ^ { \mu } \partial _ { \mu }",8662303552.png,429,123,384,64,6.0
"{ } _ { N } \! \langle \varrho _ { n } ^ { \prime } , \bar { \varrho } _ { n } ^ { \prime } | \varrho _ { n } , \bar { \varrho } _ { n } \rangle _ { N } = \prod _ { \mu = 0 } ^ { p } \delta ( \mathrm { R e } \varrho _ { n \mu } ^ { \prime } - \mathrm { R e } \varrho _ { n \mu } ) \delta ( \mathrm { I m } \varrho _ { n \mu } ^ { \prime } - \mathrm { I m } \varrho _ { n \mu } ) ~ .",7b735c4243.png,382,124,480,64,7.5
"\int _ { [ k , \Lambda ] } \frac { d ^ { 4 } p } { ( 2 \pi ) ^ { 4 } } \, \frac { p _ { \lambda } p _ { \kappa } p _ { \mu } p _ { \nu } } { p ^ { 8 } } = \frac { 1 } { 3 } \frac { 1 } { 6 4 \pi ^ { 2 } } \operatorname { l n } \frac { \Lambda } { k } \, \bigl ( \delta _ { \lambda \kappa } \delta _ { \mu \nu } + \delta _ { \lambda \mu } \delta _ { \kappa \nu } + \delta _ { \lambda \nu } \delta _ { \kappa \mu } \bigr ) .",29814eb93c.png,422,136,480,64,7.5
"\phi ( \tilde { \tau } ) = \frac { 1 } { 2 i } \left\{ \frac { \pi \tilde { \tau } } { \omega _ { 2 } } \; \frac { \theta _ { 1 } ^ { \prime } } { \theta _ { 1 } } ( \frac { \pi a } { 2 \omega _ { 2 } } ) + \operatorname { l o g } \mid \frac { \theta _ { 1 } ( \frac { \pi ( \tilde { \tau } - a ) } { 2 \omega _ { 2 } } ) } { \theta _ { 1 } ( \frac { \pi ( \tilde { \tau } + a ) } { 2 \omega _ { 2 } } ) } \mid \right\} ,",67470c8f05.png,421,137,384,64,6.0
G _ { \gamma } ^ { t } \left( \begin{array} { c } { 0 } \\ { 1 } \\ \end{array} \begin{array} { c c } { 1 } \\ { 0 } \\ \end{array} \right) G _ { \gamma } - \left( \begin{array} { c } { 0 } \\ { 1 } \\ \end{array} \begin{array} { c c } { 1 } \\ { 0 } \\ \end{array} \right) = 2 \left( \begin{array} { c } { a _ { 1 1 } a _ { 2 1 } } \\ { a _ { 1 2 } a _ { 2 1 } } \\ \end{array} \begin{array} { c c } { a _ { 1 2 } a _ { 2 1 } } \\ { a _ { 1 2 } a _ { 2 2 } } \\ \end{array} \right) .,377e3da241.png,484,149,384,64,6.0
G _ { \mu \nu \phantom { \alpha } \beta } ^ { \phantom { \mu \nu } \alpha } = \partial _ { \mu } B _ { \nu \phantom { \alpha } \beta } ^ { \phantom { \nu } \alpha } - \partial _ { \nu } B _ { \mu \phantom { \alpha } \beta } ^ { \phantom { \mu } \alpha } + B _ { \mu \phantom { \alpha } \gamma } ^ { \phantom { \mu } \alpha } B _ { \nu \phantom { \gamma } \beta } ^ { \phantom { \nu } \gamma } - B _ { \nu \phantom { \alpha } \gamma } ^ { \phantom { \nu } \alpha } B _ { \mu \phantom { \gamma } \beta } ^ { \phantom { \mu } \gamma },34942b2677.png,531,142,384,32,12.0
"W = \int \frac { 2 d ^ { 1 0 } \tilde { p } _ { 1 } } { \tilde { p } _ { 1 } ^ { 2 } \tilde { p } _ { 2 } ^ { 2 } } \sum _ { ( \lambda , \lambda ^ { \prime } ) } \hat { A } _ { ( 0 ) } ( \{ p , \epsilon \} _ { ( i ) } , \tilde { p } _ { 1 } \lambda , \lambda ^ { \prime } ) \hat { A } _ { ( n - 1 ) } ( \lambda , \lambda ^ { \prime } ; \tilde { p } _ { 1 } , \{ p , \epsilon \} _ { ( f ) } ) \, ,",13d7653c31.png,396,143,480,64,7.5
"\begin{array} { l c l } { \operatorname* { l i m } _ { r _ { s } \rightarrow r _ { H } } G ( \omega , r _ { s } ) } & { = } & { \left\{ \begin{array} { l c l } { - \frac { A _ { - } } { A _ { + } } } & { \mathrm { i f } } & { \mathrm { I m } \omega > 0 } \\ { - \frac { B _ { - } } { B _ { + } } } & { \mathrm { i f } } & { \mathrm { I m } \omega < 0 } \\ \end{array} \right. } \\ \end{array}",402a053a06.png,392,132,320,64,5.0
"q _ { - } ^ { 0 } ( \tau ) = - \frac { \Omega \vartheta _ { 1 } ^ { \prime } ( 0 ) } { 2 \pi } \frac { e ^ { \Omega \tau \frac { \vartheta _ { 1 } ^ { \prime } } { \vartheta _ { 1 } } ( \Omega y ) } \vartheta _ { 1 } ( \Omega ( y - \tau ) ) + e ^ { - \Omega \tau \frac { \vartheta _ { 1 } ^ { \prime } } { \vartheta _ { 1 } } ( \Omega y ) } \vartheta _ { 1 } ( \Omega ( y + \tau ) ) } { \vartheta _ { 1 } ( \Omega \tau ) \vartheta _ { 1 } ( \Omega y ) } ,",53f22064c0.png,455,144,480,64,7.5
"\frac { \partial } { \partial t _ { p } } \left( \begin{array} { c c } { f } \\ { { \overline { f } } } \\ \end{array} \right) = J _ { 1 } \left( \begin{array} { c c } { { \delta } / { \delta f } } \\ { { \delta } / { \delta { \overline { f } } } } \\ \end{array} \right) H _ { p + 1 } = J _ { 2 } \left( \begin{array} { c c } { { \delta } / { \delta f } } \\ { { \delta } / { \delta { \overline { f } } } } \\ \end{array} \right) H _ { p } ,",b155bdd7f0.png,442,128,384,64,6.0
"\widetilde { \bigtriangleup } _ { \mu \nu } ^ { A } ( p ) = \bigtriangleup _ { \mu \nu } ^ { A } + \bigtriangleup _ { \mu \mu ^ { \prime } } ^ { A } V ^ { \lambda \sigma , \mu ^ { \prime } } \bigtriangleup _ { \lambda \sigma , \lambda ^ { \prime } \sigma ^ { \prime } } ^ { B } V ^ { \lambda ^ { \prime } \sigma ^ { \prime } , \nu ^ { \prime } } \bigtriangleup _ { \nu ^ { \prime } \nu } ^ { A } + \cdots .",70402891b8.png,406,112,480,64,7.5
"\begin{array} { c } { \widetilde { \tau } = \displaystyle \frac { \tau } { \operatorname { c o s h } \omega } + \Theta ( \widetilde { \tau } , x ) \operatorname { t a n h } \omega , \hfill } \\ { \widetilde { \Theta } = \displaystyle \frac { \Theta ( \widetilde { \tau } , x ) } { \operatorname { c o s h } \omega } - \tau \operatorname { t a n h } \omega , \hfill } \\ \end{array}",6902860df2.png,381,91,384,96,4.0
"\langle \delta j ^ { \mu } ( X ) \rangle \simeq \frac { 1 } { 2 } \int \frac { d ^ { \, 3 } p } { ( 2 \pi ) ^ { 3 } } \left[ \hat { \cal P } _ { + } ^ { \mu } Z _ { + } \frac { - i \Sigma _ { o f f } ^ { ( + ) } } { | I m \Sigma _ { R } ^ { ( + ) } | } - \hat { \cal P } _ { - } ^ { \mu } Z _ { - } \frac { - i \Sigma _ { o f f } ^ { ( - ) } } { | I m \Sigma _ { R } ^ { ( - ) } | } \right] ,",2211a33b2b.png,392,150,480,64,7.5
"\tilde { z } _ { \pm } = - Q _ { \pm } ^ { - 1 } \displaystyle \displaystyle \frac { \partial } { \partial \overline { { z } } _ { \pm } } - z _ { \pm } ~ , ~ ~ ~ \tilde { p } _ { \pm } = \displaystyle \displaystyle \frac { \partial } { \partial z _ { \pm } } - Q _ { \pm } ^ { - 1 } \displaystyle \frac { \partial p _ { \pm } } { \partial z _ { \pm } } \displaystyle \displaystyle \frac { \partial } { \partial \overline { { z } } _ { \pm } } ~ .",48000603b8.png,447,123,384,64,6.0
"4 \int _ { 2 } ^ { \infty } \frac { d y } { 2 \pi } \, \frac { 1 } { \sqrt { y ^ { 2 } - 4 } } \, \frac { y \left( \sqrt { 1 + \sigma _ { 0 } } \sqrt { 1 + \sigma _ { 1 } } - \operatorname { c o t h } 2 x _ { 0 } \right) + ( \sigma _ { 0 } + \sigma _ { 1 } ) } { y ^ { 2 } + 2 y \sqrt { 1 + \sigma _ { 0 } } \sqrt { 1 + \sigma _ { 1 } } + 2 ( \sigma _ { 0 } + \sigma _ { 1 } ) }",4e19893d4b.png,378,136,480,64,7.5
"\left\langle a \right| N \left( \psi _ { L } ^ { \dagger } \psi _ { L } \psi _ { R } ^ { \dagger } \psi _ { R } \right) \left| B , a \right\rangle = \frac { 1 } { 4 \pi ^ { 2 } \left| z \right| ^ { 2 } } \left( \frac { \operatorname { s i n h } ^ { 2 } \left( \frac { \alpha } { 2 } \operatorname { l o g } \left| z \right| \right) } { \operatorname { s i n h } ^ { 2 } \left( \operatorname { l o g } \left| z \right| \right) } - \frac { \alpha ^ { 2 } } { 4 } \right) .",5093258684.png,470,130,480,64,7.5
"A _ { t } = { \frac { 2 \sqrt { 2 } m a \operatorname { c o s } \delta \operatorname { c o s } \theta } { r ^ { 2 } - a ^ { 2 } \operatorname { c o s } ^ { 2 } \theta } } , \ \ \ \ A _ { \varphi } = - { \frac { 2 \sqrt { 2 } m a r \operatorname { s i n } \delta \operatorname { s i n } ^ { 2 } \theta } { r ^ { 2 } - 2 m r - a ^ { 2 } \operatorname { c o s } ^ { 2 } \theta } } .",5e40b5501b.png,379,128,480,64,7.5
"\Phi ^ { \left( c h i r a l ) \right) } = \operatorname { e x p } \left( \frac 1 2 \theta ^ { \alpha } \sigma _ { \alpha \dot { \beta } } ^ { \mu } \bar { \theta } ^ { \dot { \beta } } \partial _ { \mu } \tilde { \partial } _ { + } \right) \left( \phi + \theta ^ { \alpha } \chi _ { \alpha } + \theta ^ { \alpha } \theta _ { \alpha } \tilde { \partial } _ { + } f \right) ( x , y ) .",4c70c524a3.png,383,107,480,64,7.5
\left( \begin{array} { l l } { a ^ { \prime } } & { b ^ { \prime } } \\ { c ^ { \prime } } & { d ^ { \prime } } \\ \end{array} \right) x = \left( \begin{array} { l l } { x a ^ { \prime } + ( 1 - q ^ { 2 } ) y c ^ { \prime } } & { q ^ { - 1 } x b ^ { \prime } + ( q - q ^ { - 1 } ) y ( a ^ { \prime } - d ^ { \prime } ) } \\ { q x c ^ { \prime } } & { x d ^ { \prime } + ( 1 - q ^ { 2 } ) y c ^ { \prime } } \\ \end{array} \right),29cac8d1b1.png,429,150,480,64,7.5
"{ \frac { 1 } { \Theta } } \left( { \frac { \partial ^ { 2 } \Theta } { \partial \theta ^ { 2 } } } + { \frac { \operatorname { c o s } \theta } { \operatorname { s i n } \theta } } { \frac { \partial \Theta } { \partial \theta } } \right) + { \frac { 1 } { \operatorname { s i n } ^ { 2 } \theta } } { \frac { 1 } { \Phi } } { \frac { \partial ^ { 2 } \Phi } { \partial \varphi ^ { 2 } } } \equiv - l ( l + 1 ) \, ,",c75d8524dc.png,416,121,384,64,6.0
"\phi \left( x ^ { 5 } \right) = \left\{ \begin{array} { l l } { \frac { 3 } { 4 } \, \epsilon _ { 1 } \operatorname { l o g } \left| \frac { 4 } { 3 } x ^ { 5 } + c _ { 1 } \right| + d _ { 1 } \ , } & { x ^ { 5 } < 0 } \\ { \frac { 3 } { 4 } \, \epsilon _ { 2 } \operatorname { l o g } \left| \frac { 4 } { 3 } x ^ { 5 } + c _ { 2 } \right| + d _ { 2 } \ , } & { x ^ { 5 } > 0 } \\ \end{array} \right. \ ,",d0adff8f83.png,405,139,384,64,6.0
"\tilde { D } _ { T } ^ { [ r , 0 ] } ( x _ { M } ^ { 2 } ) \rightarrow \frac { \chi _ { r , 0 } \Lambda ^ { \frac { 1 } { 2 } } } { \left( 2 \pi \sqrt { x _ { M } ^ { 2 } } \right) ^ { \frac { 3 } { 2 } } } \, e ^ { - \gamma _ { r , 0 } \sqrt { x _ { M } ^ { 2 } } } \operatorname { c o s } \left( \omega _ { r , 0 } \sqrt { x _ { M } ^ { 2 } } + \varphi _ { r , 0 } \right) \, ,",d09e544961.png,379,139,480,128,3.75
\left( \begin{array} { c } { < W ( L _ { \mp } ) > } \\ { < W ( L _ { W \mp } ) > } \\ \end{array} \right) = \left( \begin{array} { c c } { q ^ { \pm { \frac { 1 } { 4 } } } } & { ( q ^ { \mp { \frac { 1 } { 4 } } } - q ^ { \pm { \frac { 1 } { 4 } } } ) } \\ { 0 } & { q ^ { \mp { \frac { 1 } { 4 } } } } \\ \end{array} \right) \left( \begin{array} { c } { < W ( L _ { I } ) > } \\ { < W ( L _ { W } ) > } \\ \end{array} \right) .,3ff6da576b.png,430,149,480,64,7.5
"\psi _ { \mu \vert A } \, \leftrightarrow \, \mathrm { ~ \begin{array} { c } { \hline \stackrel { ~ } { A } } \\ { \hline } \\ \end{array} ~ } \, \equiv \, { \bf 8 } \quad ; \quad \chi _ { A B C } \, \leftrightarrow \, \mathrm { ~ \begin{array} { c } { \hline \stackrel { ~ } { A } } \\ { \hline \stackrel { } { B } } \\ { \hline \stackrel { } { C } } \\ { \hline } \\ \end{array} ~ } \, \equiv \, { \bf 5 6 }",3ff234e95f.png,409,108,384,96,4.0
"\partial _ { k } S _ { k } ^ { I } [ \phi ] = { \frac { 1 } { 2 } } { \frac { \delta S _ { k } ^ { I } [ \phi ] } { \delta \phi } } \, \partial _ { k } G _ { k } \, { \frac { \delta S _ { k } ^ { I } [ \phi ] } { \delta \phi } } - { \frac { 1 } { 2 } } { \mathrm { T r } } \left[ \partial _ { k } G _ { k } { \frac { \delta ^ { 2 } S _ { k } ^ { I } [ \phi ] } { \delta \phi \delta \phi } } \right] .",220870276c.png,400,141,480,64,7.5
"\pounds _ { 1 } = \partial _ { \mu } \tilde { \partial } _ { + } \bar { \varphi } \, \, \partial ^ { \mu } \tilde { \partial } _ { - } \varphi + \bar { \chi } _ { \dot { \alpha } } \bar { \sigma } _ { \mu } ^ { \dot { \alpha } \beta } { } \partial _ { \mu } \tilde { \partial } _ { - } \chi _ { \beta } - s \tilde { \partial } _ { + } \bar { f } \, \tilde { \partial } _ { - } f",1030f48cc7.png,378,111,384,32,12.0
"\hat { D } _ { \mu \nu \rho \underline { { x } } } = { \textstyle \frac { 3 } { 8 } } \left( C _ { \mu \nu \rho } - A _ { [ \mu } ^ { ( i ) } B _ { \nu \rho ] } ^ { ( i ) } - \epsilon ^ { i j } A _ { [ \mu } ^ { ( i ) } A _ { \nu } ^ { ( j ) } B _ { \rho ] } \right) \, , \hspace { . 5 c m } \hat { \rho } _ { \mu \nu \underline { { x } } } = { \textstyle \frac { 1 } { 2 } } \chi _ { \mu \nu } \, .",258bbf3a59.png,399,141,480,64,7.5
"\bar { D } _ { \dot { \gamma } } \bar { D } _ { \dot { \alpha } } \Phi ^ { i * } = J ^ { \bar { \imath } } \! _ { j \dot { \alpha } } \! ^ { \beta } { } _ { , \bar { k } } \bar { D } _ { \dot { \gamma } } \bar { \Phi } ^ { k } D _ { \beta } \Phi ^ { j } + 2 i J ^ { \bar { \imath } } \! _ { j \dot { \alpha } } \! ^ { \beta } \delta _ { \beta \dot { \gamma } } \partial _ { t } \Phi ^ { j } \ .",b2df7eb673.png,394,136,384,32,12.0
"\lambda ^ { ^ { S , A } } = \left( \begin{array} { l } { \zeta _ { \lambda } \Theta _ { [ j ] } \phi _ { _ L } ^ { \ast } ( p ^ { \mu } ) } \\ { \phi _ { _ L } ( p ^ { \mu } ) } \\ \end{array} \right) \, \, , \quad \rho ^ { ^ { S , A } } = \left( \begin{array} { l } { \phi _ { _ R } ( p ^ { \mu } ) } \\ { ( \zeta _ { \rho } \Theta _ { [ j ] } ) ^ { \ast } \phi _ { _ R } ^ { \ast } ( p ^ { \mu } ) } \\ \end{array} \right) \, \, .",5adad65a99.png,432,145,480,64,7.5
\frac { i } { 4 \pi } \int _ { - \infty } ^ { \infty } \left( \frac { \operatorname { s i n h } \left( \frac { \alpha } { 2 } \right) } { \operatorname { c o s h } \left( \frac { \alpha } { 2 } \right) } \right) e ^ { - i \alpha x } d \alpha = \int _ { - \infty } ^ { \infty } \frac { \operatorname { c o s h } ( \pi u ) } { \operatorname { s i n h } ( 2 \pi u ) } \delta ( x - u ) d u,4f03e9627b.png,385,114,480,64,7.5
"I _ { \alpha \rho } = - \int _ { 0 } ^ { 1 } d h \int _ { 0 } ^ { h } d t \frac { \partial c _ { t } ^ { \mu } } { \partial x ^ { \rho } } \frac { \partial c _ { t } ^ { \nu } } { \partial t } \frac { \partial c _ { h } ^ { \delta } } { \partial x ^ { \alpha } } \frac { \partial c _ { h } ^ { \beta } } { \partial h } [ G _ { \beta \delta } ( c _ { h } ) , G _ { \mu \nu } ( c _ { t } ) ]",30f79cc4bf.png,389,135,384,64,6.0
Z _ { \mathrm { e f f } } = \int \mathcal { D } \Phi ^ { \Delta } \mathcal { D } \Phi _ { \Delta } ^ { * ( a ) } \mathcal { D } \bar { \Phi } _ { \Delta } ^ { ( a ) } \mathcal { D } \tilde { \Phi } _ { \Delta } \mathcal { D } \mu _ { a } ^ { \Delta } \mathcal { D } \nu _ { a } ^ { \Delta } \mathcal { D } \omega ^ { \Delta } \operatorname { e x p } \left( i S _ { \mathrm { e f f } } \right) .,7fef6625a4.png,394,122,480,64,7.5
\Omega = \left( \begin{array} { c c c c } { J _ { 1 1 } } & { \cdots } & { J _ { 1 N } } & { Q _ { 1 } } \\ { \vdots } & { \ddots } & { \vdots } & { \vdots } \\ { J _ { N 1 } } & { \cdots } & { J _ { N N } } & { Q _ { N } } \\ { - { \overline { { Q } } } _ { 1 } } & { \cdots } & { - { \overline { { Q } } } _ { N } } & { \sum _ { \mu = 1 } ^ { N } J _ { \mu \mu } } \\ \end{array} \right),4762ae559e.png,389,144,384,96,4.0
"\begin{array} { l } { \displaystyle { - Q ( z ) \frac { d ^ { 2 } \Psi ( z ) } { d z ^ { 2 } } + \left( ( j - \frac { 1 } { 2 } ) Q ^ { \prime } ( z ) + 2 P ( z ) \right) \frac { d \Psi ( z ) } { d z } } \, - } \\ { - \displaystyle { \left( \frac { 1 } { 3 } j ( j - \frac { 1 } { 2 } ) Q ^ { \prime \prime } ( z ) + 2 j P ^ { \prime } ( z ) \right) \Psi ( z ) = E \Psi ( z ) } \, , } \\ \end{array}",34f0fe49ea.png,399,138,480,128,3.75
"B = \left( \begin{array} { l l l } { 2 \operatorname { c o s } \alpha } & { \sqrt { 2 } \, \mathrm { e } ^ { - i \beta } } & { - 2 \operatorname { s i n } \alpha } \\ { - \sqrt { 2 } \, \mathrm { e } ^ { i \beta } } & { 0 } & { i \sqrt { 2 } \, \mathrm { e } ^ { i \beta } } \\ { - 2 \operatorname { s i n } \alpha } & { i \sqrt { 2 } \, \mathrm { e } ^ { - i \beta } } & { - 2 \operatorname { c o s } \alpha } \\ \end{array} \right) .",89210a21e7.png,435,136,384,96,4.0
\left( \begin{array} { c c } { R ^ { \alpha \beta } } & { 0 } \\ { 0 } & { R ^ { \alpha \beta } } \\ \end{array} \right) - \frac { 1 } { 2 } \left( \begin{array} { c c } { g ^ { \alpha \beta } } & { 0 } \\ { 0 } & { g ^ { \alpha \beta } } \\ \end{array} \right) R = \left( \begin{array} { c c } { T ^ { \alpha \beta } } & { 0 } \\ { 0 } & { T ^ { \alpha \beta } } \\ \end{array} \right),51ff2faf25.png,386,112,384,64,6.0
\underline { { \Omega } } _ { I J } = \left( \begin{array} { c c c c } { 0 } & { 0 } & { 0 } & { 1 } \\ { 0 } & { 0 } & { \frac { 1 } { V } } & { - \underline { { \Omega } } _ { C + + } } \\ { 0 } & { - \frac { 1 } { V } } & { 0 } & { - \underline { { \Omega } } _ { C -- } } \\ { - 1 } & { \underline { { \Omega } } _ { C + + } } & { \underline { { \Omega } } _ { C -- } } & { 0 } \\ \end{array} \right) .,3df2d793e6.png,406,145,384,96,4.0
\frac { \partial } { \partial \xi } \frac { \delta ^ { 2 } \Gamma } { \delta \psi ( y ) \delta \bar { \psi } ( x ) } = + \frac { \delta ^ { 3 } \Gamma } { \delta \psi ( y ) \delta \bar { K } \delta \chi } \frac { \delta ^ { 2 } \Gamma } { \delta \bar { \psi } ( x ) \delta \psi } + \frac { \delta ^ { 2 } \Gamma } { \delta \psi ( y ) \delta \bar { \psi } } \frac { \delta ^ { 3 } \Gamma } { \delta \bar { \psi } ( x ) \delta K \delta \chi },7cbe54ce77.png,440,123,480,64,7.5
"{ \cal K } ^ { T } M { \cal K } = \left( \begin{array} { c c } { { \cal K } ^ { ( 1 ) } } & { { \tilde { \cal K } } ^ { ( 1 ) } } \\ \end{array} \right) e ^ { \varphi } \left( \begin{array} { c c } { e ^ { - 2 \varphi } + C ^ { ( 0 ) \, 2 } } & { C ^ { ( 0 ) } } \\ { C ^ { ( 0 ) } } & { 1 } \\ \end{array} \right) \left( \begin{array} { c } { { \cal K } ^ { ( 1 ) } } \\ { { \tilde { \cal K } } ^ { ( 1 ) } } \\ \end{array} \right) \, ,",39a6699107.png,437,146,480,64,7.5
"- { \frac { 1 } { 4 } } { \cal A } _ { \hat { \ell } \hat { \ell } } \varepsilon _ { \ell , u } \pm { \frac { 1 } { 6 } } { \bf P } _ { \hat { i } \hat { j } } \Gamma ^ { \hat { i } \hat { j } } \varepsilon _ { u , \ell } - { \frac { i } { 6 } } { \bf Q } _ { \hat { i } \hat { k } } \Gamma ^ { \hat { i } \hat { k } } \varepsilon _ { u , \ell } = 0 \ \ \ \ \ ( \hat { \ell } \neq \hat { i } , \hat { j } , \hat { k } ) ,",79b6b4ecf0.png,421,149,480,64,7.5
L = \operatorname { e x p } \left( \begin{array} { c c } { \overline { { \theta } } ^ { N } } & { } \\ \end{array} \right) \operatorname { e x p } \left( \begin{array} { c c } { i \frac { 1 + i \gamma ^ { 4 } } { 2 } \gamma _ { p } x ^ { p } } & { } \\ \end{array} \right) \operatorname { e x p } \left( \begin{array} { c c } { i \frac { \gamma ^ { 4 } } { 2 } \rho } & { } \\ \end{array} \right),be86f717a4.png,396,110,480,64,7.5
"\pi ^ { \mu } \, \rho ( \tilde { \eta } _ { o } ) \, U ( { \textstyle { \frac { 1 } { 2 } } } \tilde { \eta } _ { o } , { \textstyle { \frac { 1 } { 2 } } } \tilde { \eta } _ { o } , d - \tilde { \eta } _ { o } ) = \frac { \Gamma ( \tilde { \eta } _ { o } ) \Gamma ( \mu - \frac { 1 } { 2 } \tilde { \eta } _ { o } ) } { \Gamma ( \mu - \tilde { \eta } _ { o } ) \Gamma ( \frac { 1 } { 2 } \tilde { \eta } _ { o } ) } .",19036aa564.png,418,142,384,64,6.0
"{ \frac { \operatorname { s i n h } \left( { \frac { \theta } { 2 } } - { \frac { i \pi } { 2 n } } \alpha \right) \operatorname { s i n h } \left( { \frac { \theta } { 2 } } - { \frac { i \pi } { 2 n } } ( 2 - \alpha ) \right) } { \operatorname { s i n h } \left( { \frac { \theta } { 2 } } + { \frac { i \pi } { 2 n } } \alpha \right) \operatorname { s i n h } \left( { \frac { \theta } { 2 } } + { \frac { i \pi } { 2 n } } ( 2 - \alpha ) \right) } } \ ,",1670d904aa.png,457,141,320,64,5.0
\left( \begin{array} { c c } { \frac { \tilde { B } _ { \lambda } } { ( k ^ { 2 } ) ^ { 3 / 2 - \beta _ { \lambda } } } } & { i \vartheta \frac { \tilde { B } _ { \lambda \sigma } } { ( k ^ { 2 } ) ^ { \beta _ { \lambda \sigma } } } } \\ { i \vartheta \frac { \tilde { B } _ { \lambda \sigma } } { ( k ^ { 2 } ) ^ { \beta _ { \lambda \sigma } } } } & { \frac { \tilde { B } _ { \sigma } } { ( k ^ { 2 } ) ^ { 3 / 2 - \beta _ { \sigma } } } } \\ \end{array} \right),1f047aa000.png,464,148,192,64,3.0
\frac { F } { V } = ( - 1 ) ^ { f } \frac { 1 } { \beta } \int _ { 0 } ^ { \infty } \frac { d p ^ { - } } { \sqrt { 2 } \pi } \int \frac { d ^ { D - 2 } p _ { T } } { ( 2 \pi ) ^ { D - 2 } } \operatorname { l n } \left( 1 - ( - 1 ) ^ { f } e ^ { - \frac { \beta } { \sqrt { 2 } } \left( \frac { { \vec { p } _ { T } } ^ { ~ 2 } + M ^ { 2 } } { 2 p ^ { - } } + p ^ { - } \right) } \right),6b26fb7ab3.png,387,148,480,128,3.75
"\varepsilon _ { \mu _ { 1 } \ldots \mu _ { d } } = e ^ { - 1 } e _ { \mu _ { 1 } } ^ { a _ { 1 } } \ldots e _ { \mu _ { d } } ^ { a _ { d } } \varepsilon _ { a _ { 1 } \ldots a _ { d } } \, , \qquad \varepsilon ^ { \mu _ { 1 } \ldots \mu _ { d } } = e e _ { a _ { 1 } } ^ { \mu _ { 1 } } \ldots e _ { a _ { d } } ^ { \mu _ { d } } \varepsilon ^ { a _ { 1 } \ldots a _ { d } } \, .",1313d7afdb.png,380,144,480,32,15.0
"\begin{array} { l } { \phi _ { k } ( \chi ) = \displaystyle \frac { 1 } { \omega _ { n - 1 } } \int _ { u u ^ { \prime } = 1 } a _ { k } ( u ) P _ { \alpha _ { k } ( m _ { 0 } ) } ( \chi , u ) \dot { u } ~ , } \\ { \psi _ { k } ( \chi ) = \displaystyle \frac { 1 } { 2 \pi } \int _ { u u ^ { \prime } = 1 } b _ { k } ( u ) P _ { \alpha _ { k } ( m _ { 0 } ) } ( \chi , u ) \dot { u } ~ . } \\ \end{array}",3ce1ab8716.png,404,146,384,96,4.0
"\left\{ \begin{array} { c } { \left( \begin{array} { c l c } { \frac { \delta - \sqrt { \delta ^ { 2 } + \omega ^ { \ast } \omega } } { \omega } } & { , } & { 1 } \\ \end{array} \right) } \\ { \left( \begin{array} { c l c } { \frac { \delta + \sqrt { \delta ^ { 2 } + \omega ^ { \ast } \omega } } { \omega } } & { , } & { 1 } \\ \end{array} \right) } \\ \end{array} \right\} .",7d58cbeb94.png,376,100,192,64,3.0
f _ { \mu \nu } ( x ) : = \frac { 4 } { R _ { P } ^ { 4 } g ^ { 2 } } \frac { \left< \mathrm { T r } \mathbf { W } [ \partial S ] \mathrm { T r } \mathbf { P } _ { \mu \nu } ( x ) \right> - \left< \mathrm { T r } \mathbf { W } [ \partial S ] \right> \left< \mathrm { T r } \mathbf { P } _ { \mu \nu } ( x ) \right> } { \left< \mathrm { T r } \mathbf { W } [ \partial S ] \right> },7b94133d8b.png,380,118,480,64,7.5
"- i \left( \begin{array} { l l } { a ^ { \alpha } } & { b } \\ \end{array} \right) \left( \begin{array} { l l } { \langle U _ { \alpha } , \bar { U } _ { \bar { \beta } } \rangle } & { \langle U _ { \alpha } , V \rangle } \\ { \langle \bar { V } , \bar { U } _ { \bar { \beta } } \rangle } & { \langle \bar { V } , V \rangle } \\ \end{array} \right) \left( \begin{array} { l } { \bar { a } ^ { \bar { \beta } } } \\ { \bar { b } } \\ \end{array} \right) = 0 \ .",78b00ffae2.png,461,128,384,64,6.0
"\sum _ { P } ( - 1 ) ^ { P } { \cal J } ^ { - 2 } ( \theta ) { \frac { \operatorname { e x p } \{ N \beta \sum _ { k } \operatorname { c o s } ( \theta _ { k } - \theta _ { P ( k ) } + { \frac { 2 \pi } { L } } ) \} } { \prod _ { i , j } \operatorname { c o s } \bigl ( { \frac { \theta _ { i } - \theta _ { P ( i ) } + \theta _ { j } - \theta _ { P ( j ) } } { 2 } } \bigr ) } } ~ ~ ,",a81922178e.png,385,137,384,64,6.0
e _ { _ { \mu } } ^ { \; a } = \left( \begin{array} { c c c } { 1 } & { 0 } & { 0 } \\ { 0 } & { \rho \frac { 1 } { \beta } \operatorname { c o s } \phi } & { \rho \frac { 1 } { \beta } \operatorname { s i n } \phi } \\ { 0 } & { - \rho \frac { \operatorname { s i n } \alpha \theta } { \alpha } \operatorname { s i n } \phi } & { \rho \frac { \operatorname { s i n } \alpha \theta } { \alpha } \operatorname { c o s } \phi } \\ \end{array} \right) .,37448fd3e9.png,450,131,384,96,4.0
"\phi _ { \chi _ { j } \otimes \chi _ { \bar { j } } } ^ { \alpha } \; \star \; \phi _ { \chi _ { k } \otimes \bar { \chi } _ { k } } ^ { \beta } \ = \ \sum C \left( \chi _ { j } , \chi _ { \bar { j } } , \alpha \bigm | \chi _ { k } , \chi _ { \bar { k } } , \beta \bigm | \chi _ { l } , \chi _ { \bar { l } } , \gamma \right) \, \phi _ { \chi _ { l } \otimes \chi _ { \bar { l } } } ^ { \gamma } \ .",550ea38c29.png,399,131,480,64,7.5
"< O _ { k _ { 0 } } O _ { k _ { 1 } } . . . O _ { k _ { p - 1 } } P > _ { 0 } = - \mid \operatorname { l n } \mu \mid \left( \begin{array} { c } { 2 \Sigma } \\ { \Sigma } \\ \end{array} \right) \frac { 1 } { \pi \sqrt { 2 | t _ { 2 } | } } \frac { 1 } { ( - 4 t _ { 2 } ) ^ { \Sigma } } \frac { \partial ^ { p - 1 } } { \partial t _ { 0 } ^ { p - 1 } } t _ { 0 } ^ { \Sigma } ,",7b434223f6.png,378,136,480,64,7.5
"\left. \begin{array} { r c l } { \tilde { G } _ { \alpha \beta } + 2 T _ { \alpha \beta } ^ { \varphi } - e ^ { - 2 a \varphi } T _ { \alpha \beta } ^ { A } } & { = } & { 0 \, , } \\ { \tilde { \nabla } ^ { 2 } \varphi - { \textstyle \frac { a } { 4 } } e ^ { - 2 a \varphi } F ^ { 2 } } & { = } & { 0 \, , } \\ { \tilde { \nabla } _ { \mu } \left( e ^ { - 2 a \varphi } F ^ { \mu \alpha } \right) } & { = } & { 0 \, , } \\ \end{array} \right\}",3be8ab0bba.png,444,145,480,128,3.75
"\frac { \langle \Phi \mid T \left\{ \hat { A } _ { I } \left( x _ { 1 } \right) \hat { A } _ { I } \left( x _ { 2 } \right) \hat { A } _ { I } \left( x _ { 3 } \right) . . . \operatorname { e x p } \left( - \int _ { - \infty } ^ { \infty } H _ { i } \left( t \right) d t \right) \right\} \mid \Phi \rangle } { \langle \Phi \mid T \left\{ \operatorname { e x p } \left( - \int _ { - \infty } ^ { \infty } H _ { i } \left( t \right) d t \right) \right\} \mid \Phi \rangle } ,",3b01caa4f0.png,473,130,480,128,3.75
"( \sigma _ { \mu } { } ^ { \rho } ) _ { \alpha \beta } \, [ \mathrm { A { \footnotesize \# } . { \footnotesize \# } } ] _ { \nu \rho } { } ^ { \alpha \beta } = b _ { 1 } ^ { 2 } \sum _ { k = 0 } ^ { \infty } \frac { f _ { \mathrm { A \# . \# } } ( k ) } { ( k ! ) ^ { 2 } } \, [ \mathrm { a { \footnotesize \# ~ ' ~ } ~ o r ~ b { \footnotesize \# ~ ' ~ } } ] _ { \mu \nu } ( k )",3954a4cf3b.png,378,128,480,64,7.5
\hspace { - 1 c m } \frac { 2 } { k ^ { + } k ^ { ' + } } \left[ \left( m ^ { 2 } + k _ { \perp } k _ { \perp } ^ { \prime } e ^ { + i \lambda ( \varphi - \varphi ^ { \prime } ) } \right) \delta _ { \lambda ^ { \prime } } ^ { \lambda } - m \lambda \left( k _ { \perp } ^ { \prime } e ^ { + i \lambda \varphi ^ { \prime } } - k _ { \perp } e ^ { + i \lambda \varphi } \right) \delta _ { - \lambda ^ { \prime } } ^ { \lambda } \right],24625219e1.png,432,131,480,64,7.5
"\phi ( r ) = \left\{ \begin{array} { l l } { - \, \frac { 2 \, a } { a ^ { 2 } + 1 } \, \operatorname { l o g } \, H ( r ) \quad ; \quad \mathrm { e l e c t r i c ~ 0 ~ - b r a n e } } \\ { \quad \, \frac { 2 \, a } { a ^ { 2 } + 1 } \, \operatorname { l o g } \, H ( r ) \quad ; \quad \mathrm { m a g n e t i c ~ s o l i t o n i c ~ 0 ~ - b r a n e } ; } \\ \end{array} \right.",227b8933f0.png,378,134,480,64,7.5
K ( \rho ) \equiv \left( \frac { r ( \rho ) } { r _ { H } } \right) ^ { 5 / 2 } \left[ - \Delta ( r ( \rho ) ) \right] ^ { 3 / 8 } \simeq \left\{ \begin{array} { l l } { \left( \displaystyle { \frac { 6 \rho } { r _ { H } } } \right) ^ { 1 / 6 } } & { ~ ~ ~ \mathrm { f o r } ~ ~ \rho \ll r _ { H } } \\ { \left( \displaystyle { \frac { \rho } { r _ { H } } } \right) ^ { - 3 / 2 } } & { ~ ~ ~ \mathrm { f o r } ~ ~ \rho \gg r _ { H } } \\ \end{array} \right. .,6931f1ed12.png,461,147,480,128,3.75
"\Gamma _ { \mu } = \left( \begin{array} { c c } { 0 } & { \gamma _ { \mu } } \\ { \gamma _ { \mu } } & { 0 } \\ \end{array} \right) \hspace { . 2 c m } , \hspace { . 2 c m } \Gamma _ { 5 } = \left( \begin{array} { c c } { 0 } & { i I } \\ { - i I } & { 0 } \\ \end{array} \right) \hspace { . 2 c m } , \hspace { . 2 c m } \Gamma _ { 6 } = \left( \begin{array} { c c } { 0 } & { \gamma _ { 5 } } \\ { \gamma _ { 5 } } & { 0 } \\ \end{array} \right)",70a149f781.png,447,139,480,64,7.5
"\left\langle { ^ 0 t } , \left( w - w _ { \Lambda } \right) x ^ { \alpha _ { 1 } } x ^ { \alpha _ { 2 } } \right\rangle = - \left( { D ( \Lambda ) ^ { \alpha _ { 1 } } } _ { \beta _ { 1 } } { D ( \Lambda ) ^ { \alpha _ { 2 } } } _ { \beta _ { 2 } } - \delta _ { \beta _ { 1 } } ^ { \alpha _ { 1 } } \delta _ { \beta _ { 2 } } ^ { \alpha _ { 2 } } \right) c ^ { \beta _ { 1 } \beta _ { 2 } } .",5863bcfd49.png,392,133,480,64,7.5
"\tilde { C } _ { [ \alpha _ { 1 } ] , [ \alpha _ { 2 } ] , ( \alpha _ { 3 } ) } ^ { \epsilon } = i \epsilon \left[ \left( \beta _ { 1 } ^ { 2 } + \beta _ { 2 } ^ { 2 } \right) C _ { [ \alpha _ { 1 } ] , [ \alpha _ { 2 } ] , ( \alpha _ { 3 } ) } ^ { \epsilon } - 2 \beta _ { 1 } \beta _ { 2 } C _ { [ \alpha _ { 1 } ] , [ \alpha _ { 2 } ] , ( \alpha _ { 3 } ) } ^ { - \epsilon } \right] ,",4ebfdd8dec.png,387,136,480,64,7.5
"\psi _ { Q } = \left( \begin{array} { c } { \frac { \psi _ { ( 0 ) } } { \sqrt { N _ { f } } } I _ { N _ { f } } + \psi _ { ( 1 ) } } \\ { \psi _ { ( 2 ) } } \\ \end{array} \right) \; , \qquad \quad \psi _ { \bar { Q } } = \left( \begin{array} { c c } { \frac { \psi _ { ( \bar { 0 } ) } } { \sqrt { N _ { f } } } I _ { N _ { f } } + \psi _ { ( \bar { 1 } ) } } & { \psi _ { ( \bar { 2 } ) } } \\ \end{array} \right)",113179076d.png,416,143,480,64,7.5
a D _ { 1 } ^ { \prime } e x p ( - i \frac { { \Gamma } _ { 2 } } { | { \Gamma } _ { 2 } | } { \pi } / 4 ) { \psi } _ { j } ^ { \pm } = [ 1 + e x p ( { \mp } \frac { \operatorname { s i n } { \theta } _ { j } } { | { \operatorname { s i n } \theta } _ { j } | } 2 i { \theta } _ { j } ) ] ( \frac { { \Gamma } _ { 2 } } { | { \Gamma } _ { 2 } | } ) { \psi } _ { j } ^ { \pm } .,4f03ea51f0.png,377,144,480,64,7.5
"\left( \begin{array} { l } { \sigma _ { 0 } ^ { ( \mathrm { o p ) } } } \\ { \pi _ { 0 } ^ { ( \mathrm { o p ) } } } \\ \end{array} \right) = - { \frac { \mu ^ { 2 } } { N } } \left( m _ { \mathrm { Z M } } ^ { 2 } - \partial _ { \bot } ^ { 2 } \right) ^ { - 1 } \left[ : \bar { \Psi } _ { M } ^ { a } \left( \begin{array} { l } { 1 } \\ { i \gamma _ { 5 } } \\ \end{array} \right) \Psi _ { M } ^ { a } : \right] _ { 0 } ,",7fee222d61.png,422,138,384,64,6.0
C _ { \theta } ( \tau ) = \langle { \cal A } ( \tau ) { \cal B } \rangle _ { 0 } \; - \; \operatorname* { l i m } _ { \tau ^ { \prime } \rightarrow \infty } \langle { \cal U } _ { \tau ^ { \prime } } ( { \scriptstyle { \cal A } } ) { \cal A } \rangle _ { 0 } \operatorname* { l i m } _ { \tau ^ { \prime \prime } \rightarrow \infty } \langle { \cal U } _ { \tau ^ { \prime \prime } } ( { \scriptstyle { \cal B } } ) { \cal B } \rangle _ { 0 } \stackrel { \tau \rightarrow \infty } { \longrightarrow },4bec963eac.png,500,134,480,64,7.5
"\left( \begin{array} { c } { \partial _ { \mu } \theta } \\ { \operatorname { s i n } \theta \hspace { 1 m m } \partial _ { \mu } \varphi } \\ \end{array} \right) = L \left( \begin{array} { c } { G _ { \mu } } \\ { H _ { \mu } } \\ \end{array} \right) , \hspace { 3 m m } L = \left( \begin{array} { c c } { \beta } & { \gamma } \\ { - \gamma } & { \beta } \\ \end{array} \right) ,",65121a2706.png,380,98,384,64,6.0
"\begin{array} { l } { \omega _ { 1 \beta } = \displaystyle \frac 1 { ( \Lambda \Pi ) ^ { 2 } } ( \Lambda \Pi _ { \sigma } ) P ^ { + \sigma \gamma } \Lambda _ { n } \Gamma ^ { n } \tilde { \Gamma } ^ { m } \Pi _ { m \gamma } k _ { \beta } , } \\ { \omega _ { 2 \beta } = \displaystyle \frac 1 { ( \Lambda \Pi ) ^ { 2 } } ( \Lambda \Pi _ { \sigma } ) P ^ { + \sigma \gamma } \Pi _ { n \gamma } \Gamma ^ { n } \tilde { \Gamma } ^ { m } \Lambda _ { m } s _ { \beta } . } \\ \end{array}",28b3cc9095.png,481,141,384,96,4.0
P _ { \mu } ^ { \varepsilon } \: P _ { \mu ^ { \prime } } ^ { \varepsilon } \; = \; \frac { 1 } { 4 } \left( X \: t _ { \mu } ^ { \varepsilon } \: t _ { \mu ^ { \prime } } ^ { \varepsilon } \: X ^ { * } + X \: t _ { \mu } ^ { \varepsilon } \: X \: t _ { \mu ^ { \prime } } ^ { \varepsilon } + t _ { \mu } ^ { \varepsilon } \: X ^ { * } \: t _ { \mu ^ { \prime } } ^ { \varepsilon } \: X ^ { * } \right) .,556df0f0f4.png,404,131,480,64,7.5
W \left[ C \right] = e ^ { - T E _ { c l a s s } } \frac { \operatorname* { d e t } \left( - \Delta _ { F } - \frac { 1 } { 4 } R ^ { ( 2 ) } + 1 \right) } { \operatorname* { d e t } \left( - \Delta + 2 \right) \operatorname* { d e t } ^ { \frac { 1 } { 2 } } \left( - \Delta + 4 - R ^ { ( 2 ) } \right) \operatorname* { d e t } ^ { \frac { 5 } { 2 } } \left( - \Delta \right) } .,52ac725a31.png,380,119,480,64,7.5
"\langle \theta _ { 2 } , \theta _ { 1 } | T _ { \mu } ^ { \mu } | \theta _ { 1 } , \theta _ { 2 } \rangle _ { \mathrm { s y m } } = 8 \pi m ^ { 2 } \left( \frac { 2 \operatorname { s i n } \pi \alpha \operatorname { c o s h } \theta _ { 1 2 } } { \operatorname { s i n h } ^ { 2 } \theta _ { 1 2 } + \operatorname { s i n } ^ { 2 } \pi \alpha } \right) \operatorname { c o s h } ^ { 2 } \frac { \theta _ { 1 2 } } { 2 } \, \, \, .",2119f21a0f.png,430,138,480,64,7.5
"g ^ { * } h _ { \alpha \beta \gamma } ^ { B } \: = \: \left( h _ { \alpha \beta \gamma } ^ { B } \right) \, \left( \nu _ { \alpha \beta \gamma } ^ { F g } \right) ^ { - 1 } \, \left( \nu _ { \alpha \beta \gamma } ^ { R g } \right) \, \left( \kappa _ { \alpha \beta } ^ { g } \right) \, \left( \kappa _ { \beta \gamma } ^ { g } \right) \, \left( \kappa _ { \gamma \alpha } ^ { g } \right)",6e5fd237bc.png,387,106,480,64,7.5
\langle A _ { \mu } ^ { * a } ( p ) c ^ { b } ( - p ) \rangle ^ { ( 1 ) } = - \operatorname* { l i m } _ { M _ { i } \rightarrow \infty } \frac { g _ { 0 } ^ { 2 } c _ { v } } { 1 6 \pi ^ { 2 } } \left\{ \frac { 1 } { 2 } \sum _ { i = 1 } ^ { N } c _ { i } \operatorname { l o g } \left( \frac { M _ { i } ^ { 2 } } { \kappa ^ { 2 } } \right) + \mathrm { f i n } \right\} i p _ { \mu } \delta ^ { a b },8e0be47300.png,402,145,480,64,7.5
{ \cal D } ^ { - 1 } = \left( \begin{array} { c c } { 2 \beta p ^ { 2 } \theta _ { \mu \nu } + 2 \left( 1 + \frac { m \xi ^ { 2 } } { 2 \pi } \right) p ^ { 2 } \omega _ { \mu \nu } } & { - \frac { i m \xi \alpha } { 2 \pi } p _ { \mu } } \\ { \frac { i m \xi \alpha } { 2 \pi } p _ { \nu } } & { p ^ { 2 } - \mu ^ { 2 } - \frac { m \alpha ^ { 2 } } { \pi } } \\ \end{array} \right) .,29be2a9045.png,383,131,480,64,7.5
K = \left( \begin{array} { l l } { - \sigma _ { 1 } \bar { \beta } _ { 1 1 } } & { \ \ - \sigma _ { 1 } \bar { \beta } _ { 1 2 } } \\ { - \sigma _ { 2 } \bar { \beta } _ { 1 2 } } & { \ \ - \sigma _ { 2 } \bar { \beta } _ { 2 2 } } \\ \end{array} \right) \equiv \left( \begin{array} { l l } { K _ { 1 1 } } & { \ \ K _ { 1 2 } } \\ { K _ { 2 1 } } & { \ \ K _ { 2 2 } } \\ \end{array} \right) .,46a0ac058f.png,394,136,384,64,6.0
"{ \bf h _ { \varphi } } = \left( \begin{array} { c c } { e ^ { \varphi / 4 } } & { { \frac { 1 } { 2 } } \, \varphi _ { w } e ^ { - \varphi / 4 } } \\ { 0 } & { e ^ { - \varphi / 4 } } \\ \end{array} \right) , \qquad { \bf \bar { h } _ { \varphi } } = \left( \begin{array} { c c } { e ^ { \varphi / 4 } } & { 0 } \\ { - { \frac { 1 } { 2 } } \, \varphi _ { \bar { w } } e ^ { - \varphi / 4 } } & { e ^ { - \varphi / 4 } } \\ \end{array} \right) .",1eeab9acde.png,446,146,480,64,7.5
"\left\{ \begin{array} { r c l } { 0 } & { = } & { a ^ { \prime \prime } + { \displaystyle \frac { \hat { \Lambda } } { \hat { d } - 1 } } a + { \displaystyle \frac { 2 \hat { \chi } } { \hat { d } - 2 } } a \sum _ { n } T _ { n } \delta ( y - y _ { n } ) \, , } \\ { 0 } & { = } & { ( a ^ { \prime } ) ^ { 2 } + { \displaystyle \frac { \hat { \Lambda } } { \hat { d } - 1 } } a ^ { 2 } - { \displaystyle \frac { \Lambda } { d - 1 } } \, . } \\ \end{array} \right.",11775a2993.png,463,150,480,128,3.75
"\stackrel { P } { \cal F } { } \! \! _ { 0 , p } ^ { ( \pm ) } \left( \begin{array} { c } { \! \! \alpha \! \! } \\ { \! \! \beta \! \! } \\ \end{array} \right) = \; \sum _ { s \in { \cal S } ^ { p - 3 } } \stackrel { P } { K } { } \! \! _ { 0 , p } ^ { ( \pm ) } \left( \begin{array} { c } { \! \! \alpha \! \! } \\ { \! \! \beta , s \! \! } \\ \end{array} \right) \stackrel { \alpha } { \omega } _ { 0 , p } \! \! \lbrack \beta + s \rbrack \; \; ,",7de6eefc9d.png,449,136,384,64,6.0
"\operatorname { t a n } \mathrm { \boldmath \Large ~ \left( ~ \right. ~ } \! \! \! \phi _ { l } ^ { ( D ) } ( k ; a ) \mathrm { \boldmath \Large ~ \left. ~ \right) ~ } \! \! = \operatorname { t a n h } \left( \frac { \pi \Theta _ { l } } { 2 } \right) \, \frac { 1 - { \mathcal T } _ { l } ( k ; a ) \, \varrho _ { l } } { { \mathcal T } _ { l } ( k ; a ) + \varrho _ { l } } \; ,",67e829694d.png,380,117,384,64,6.0
\begin{array} { l l } { K _ { 1 } ^ { \theta } = - \operatorname { s i n } \phi } & { K _ { 1 } ^ { \phi } = - \operatorname { c o t } \theta \operatorname { c o s } \phi } \\ { K _ { 2 } ^ { \theta } = \operatorname { c o s } \phi } & { K _ { 2 } ^ { \phi } = - \operatorname { c o t } \theta \operatorname { s i n } \phi } \\ { K _ { 3 } ^ { \theta } = 0 } & { K _ { 3 } ^ { \phi } = 1 . } \\ \end{array},7bcf651dee.png,406,132,384,96,4.0
"[ a _ { \lambda \lambda ^ { \prime } } ( \xi , \nu ) , a _ { \lambda ^ { \prime \prime } \lambda ^ { \prime \prime \prime } } ^ { \dag } ( \xi ^ { \prime } , \nu ) ] = c _ { \nu } \delta _ { \lambda \lambda ^ { \prime \prime } } \delta _ { \lambda ^ { \prime } \lambda ^ { \prime \prime \prime } } \frac { \xi ^ { 0 } } { | \xi ^ { 4 } | } \delta ^ { 3 } ( \vec { \xi } - \vec { \xi } ^ { \prime } ) .",7dfea47b59.png,401,119,384,64,6.0
"U ^ { \mu } = - \Gamma _ { \rho \sigma } ^ { \mu } ( \dot { \eta } ^ { \rho } \dot { \eta } ^ { \sigma } - \eta ^ { \rho } \eta ^ { \sigma } ) - 2 \Gamma _ { \rho \sigma , \lambda } ^ { \mu } \dot { q } ^ { \rho } \eta ^ { \lambda } \dot { \eta } ^ { \sigma } - \frac { 1 } { 2 } \Gamma _ { \rho \sigma , \lambda \delta } ^ { \mu } \dot { q } ^ { \rho } \dot { q } ^ { \sigma } \eta ^ { \lambda } \eta ^ { \delta } .",2c422f414a.png,416,129,480,64,7.5
"{ { \mathcal { E } } _ { \mu \nu } } = - { { \left( { \frac { \tilde { \kappa } } { \kappa } } \right) } ^ { 4 } } \left[ { \mathcal { U } } \left( { u _ { \mu } } { u _ { \nu } } + { \frac { 1 } { 3 } } { h _ { \mu \nu } } \right) + { { \mathcal { P } } _ { \mu \nu } } + { { \mathcal { Q } } _ { \mu } } { u _ { \nu } } + { { \mathcal { Q } } _ { \nu } } { u _ { \mu } } \right] ,",5fe6c0e24d.png,382,134,480,64,7.5
"0 = - \int d ^ { N ^ { 2 } } X d ^ { N ^ { 2 } } Y \, \sum _ { \alpha = 1 } ^ { N ^ { 2 } } \left[ \frac { \partial } { \partial X _ { \alpha } } \mathrm { e } ^ { - S } \frac { \partial } { \partial X _ { \alpha } } + \frac { \partial } { \partial Y _ { \alpha } } \mathrm { e } ^ { - S } \frac { \partial } { \partial Y _ { \alpha } } \right] \mathrm { e } ^ { K \cdot \Psi } .",79dfe9bdc1.png,379,120,480,64,7.5
\left| S \right\rangle = \bigotimes _ { I } \left| S _ { I } \right\rangle \qquad \mathrm { w i t h } \qquad \left\{ \begin{array} { l l } { d _ { n - \nu _ { I } } ^ { I } \left| S _ { I } \right\rangle = 0 } & { n > \nu _ { I } } \\ { \overline { { d } } _ { m + \nu _ { I } } ^ { \overline { { I } } } \left| S _ { I } \right\rangle = 0 } & { m > - \nu _ { I } } \\ \end{array} \right. ~ .,4b727b75ee.png,392,120,480,64,7.5
"\tilde { \nabla } _ { \delta \dot { \delta } } Z = { \cal D } _ { \delta \dot { \delta } } \left( \begin{array} { c } { \omega ^ { \alpha } } \\ { \pi _ { \dot { \alpha } } } \\ \end{array} \right) + i \left( \begin{array} { c c } { 0 } & { \delta _ { \delta } ^ { \alpha } \delta _ { \dot { \delta } } ^ { \dot { \beta } } } \\ { { \cal P } _ { \delta \dot { \delta } , \beta \dot { \alpha } } } & { 0 } \\ \end{array} \right) \left( \begin{array} { c } { \omega ^ { \beta } } \\ { \pi _ { \dot { \beta } } } \\ \end{array} \right) = 0 ,",4163001a72.png,538,147,480,64,7.5
\left( \begin{array} { c } { z ^ { \prime } } \\ { \bar { z } ^ { \prime } } \\ { \bf 1 } \\ \end{array} \right) = { \bf M } \left( \begin{array} { c } { z } \\ { \bar { z } } \\ { \bf 1 } \\ \end{array} \right) \equiv \left( \begin{array} { c c c } { u } & { 0 } & { t } \\ { 0 } & { \bar { u } } & { \bar { t } } \\ { 0 } & { 0 } & { { \bf 1 } } \\ \end{array} \right) \left( \begin{array} { c } { z } \\ { \bar { z } } \\ { \bf 1 } \\ \end{array} \right) \ .,2702dbab49.png,461,139,384,96,4.0
"\star \equiv \operatorname { e x p } \left( { \frac { i \hbar } { 2 } } \int d x ~ \left( \stackrel { \leftarrow } { \frac { \delta } { \delta \phi ( x ) } } \stackrel { \rightarrow } { \frac { \delta } { \delta \pi ( x ) } } - \stackrel { \leftarrow } { \frac { \delta } { \delta \pi ( x ) } } \stackrel { \rightarrow } { \frac { \delta } { \delta \phi ( x ) } } \right) \right) ,",63f21336a0.png,381,96,384,64,6.0
"\left\{ \begin{array} { r c l } { \delta C ^ { ( 1 ) } } & { = } & { - m \Lambda ^ { ( 1 ) } \, , } \\ { \delta B } & { = } & { d \Lambda ^ { ( 1 ) } \, , } \\ \end{array} \right. \hspace { 2 c m } \left\{ \begin{array} { r c l } { \delta B ^ { ( 6 ) } } & { = } & { m \Lambda ^ { ( 6 ) } \, , } \\ { \delta C ^ { ( 7 ) } } & { = } & { d \Lambda ^ { ( 6 ) } \, , } \\ \end{array} \right.",55bf84e844.png,387,131,480,128,3.75
"{ \hat { \Pi } } _ { { \hat { \mu } } { \hat { \nu } } } \partial _ { \hat { \imath } } { \hat { X } } ^ { \hat { \mu } } \partial _ { \hat { \jmath } } { \hat { X } } ^ { \hat { \nu } } \rightarrow { \hat { \Pi } } _ { { \hat { \mu } } { \hat { \nu } } } { \cal D } _ { \hat { \imath } } { \hat { X } } ^ { \hat { \mu } } { \cal D } _ { \hat { \jmath } } { \hat { X } } ^ { \hat { \nu } } \, ,",69bff7da6c.png,394,135,256,32,8.0
"a _ { j } = \frac { 1 } { 2 } \left( \begin{array} { c } { f _ { j } } \\ { 0 } \\ \end{array} \right) + \frac { 1 } { 2 } \left( \begin{array} { c } { 0 } \\ { f _ { j } ^ { \ast } } \\ \end{array} \right) , \ \ b _ { j } = - \frac { i } { 2 } \left( \begin{array} { c } { f _ { j } } \\ { 0 } \\ \end{array} \right) + \frac { i } { 2 } \left( \begin{array} { c } { 0 } \\ { f _ { j } ^ { \ast } } \\ \end{array} \right)",7802d748ba.png,421,130,480,64,7.5
"L ( \lambda ) = \sum \sb { i = 1 } \sp N \left( p \sb i + \sum \sb { \alpha = 1 } \sp M { \frac { f \sb { i i } \sp \alpha } { \lambda - \epsilon \sb \alpha } } \right) e \sb { i i } + \sum \sb { \stackrel { i , j = 1 } { i \neq j } } \sp N \left( { \frac { f \sb { i j } } { q \sb i - q \sb j } } + \sum \sb { \alpha = 1 } \sp M { \frac { f \sb { i j } \sp \alpha } { \lambda - \epsilon \sb \alpha } } \right) e \sb { i j } ,",5c5c1c5553.png,426,134,480,64,7.5
"J _ { \nu } ^ { ( I ) } ( x ) \; \longleftrightarrow \; \left\{ \begin{array} { l l } { - \frac { 1 } { \sqrt { \pi \! + \! g N } } \; \varepsilon _ { \mu \nu } \partial _ { \mu } \Phi ^ { ( 1 ) } ( x ) \; \; \; \; \; \; } & { I = 1 } \\ { \; } & { \; } \\ { - \frac { 1 } { \sqrt { \pi } } \; \varepsilon _ { \mu \nu } \partial _ { \mu } \Phi ^ { ( I ) } ( x ) \; \; \; \; \; \; } & { I = 2 , \; . . . \; N \; . } \\ \end{array} \right.",2328269e9a.png,437,143,480,128,3.75
"\begin{array} { r c l } { \hat { \lambda } _ { ( p = 1 ) } [ \gamma ( 1 ) ] } & { = } & { \hat { \lambda } _ { ( p = 1 ) } [ \gamma ( 0 ) ] + 1 = \left( M _ { ( p = 1 ) } \hat { \lambda } _ { ( p = 1 ) } \right) [ \gamma ( 0 ) ] \, , } \\ { M _ { ( p = 1 ) } } & { = } & { \left( \begin{array} { c c } { 1 } & { 1 } \\ { 0 } & { 1 } \\ \end{array} \right) = T \, , } \\ \end{array}",d2869d870d.png,381,134,480,128,3.75
\bar { g } _ { a b } = \left( \begin{array} { c c } { \displaystyle { \operatorname { c o s h } \chi + \operatorname { c o s } \phi \operatorname { s i n h } \chi } } & { \displaystyle { \operatorname { s i n } \phi \operatorname { s i n h } \chi } } \\ { \displaystyle { \operatorname { s i n } \phi \operatorname { s i n h } \chi } } & { \displaystyle { \operatorname { c o s h } \chi - \operatorname { c o s } \phi \operatorname { s i n h } \chi } } \\ \end{array} \right) \qquad .,204d8ff0bf.png,484,122,480,128,3.75
\left. \begin{array} { c } { \theta _ { \beta \bar { \gamma } } = i u _ { \beta \bar { \gamma } } ^ { \bar { \alpha } } } \\ { \theta _ { \alpha \delta } = i u _ { \alpha \delta } ^ { \gamma } } \\ \end{array} \right\} \Leftrightarrow \left\{ \begin{array} { c } { \theta _ { \alpha \beta } = i u _ { \alpha \beta } ^ { \gamma } } \\ { \theta _ { \beta } = \theta _ { \delta } } \\ \end{array} \right.,70acf6e785.png,401,101,224,64,3.5
"\mathcal L _ { \mathrm { m a s s } } = \frac { 1 } { 2 } \left( \psi _ { \mu L } ^ { 1 } \ \psi _ { \mu L } ^ { 2 } \right) \sigma ^ { \mu \nu } \left( \begin{array} { c c } { \omega / R } & { i \, p _ { 5 } } \\ { - i \, p _ { 5 } } & { \omega / R } \\ \end{array} \right) \left( \begin{array} { c } { \psi _ { \nu L } ^ { 1 } } \\ { \psi _ { \nu L } ^ { 2 } } \\ \end{array} \right) + h . c .",19e147aa90.png,394,128,480,64,7.5
\widehat { D } _ { 0 } \pi _ { a } + i \varsigma { \frac { \partial E _ { a } } { \partial \phi _ { i } } } \tau _ { i } - i \overline { { p } } ^ { \prime } { \frac { \partial \overline { { J } } ^ { a } } { \partial \overline { { \phi } } _ { i } } } \overline { { \tau } } _ { i } + i E _ { a } \beta - i \overline { { J } } ^ { a } \overline { { \gamma } } + { \cal O } ( 1 / e ^ { 2 } ) = 0,3a37dbe2ed.png,395,133,480,64,7.5
"\left( \begin{array} { c c } { 0 } & { A ^ { - } ( \ell ) } \\ { A ^ { + } ( \ell ) } & { 0 } \\ \end{array} \right) \left( \begin{array} { c } { \chi _ { E \ell } ( r ) } \\ { \chi _ { E \ell + 1 } ( r ) } \\ \end{array} \right) = \sqrt { E + \frac { 1 } { 2 ( \ell + 1 ) ^ { 2 } } } \left( \begin{array} { c } { \chi _ { E \ell } ( r ) } \\ { \chi _ { E \ell + 1 } ( r ) } \\ \end{array} \right) ,",3762514c46.png,399,127,480,64,7.5
"B _ { b } ^ { a i } = { ( \frac { \partial ^ { 2 } A } { \partial \phi ^ { i } \partial \phi ^ { j } } ) } ^ { - 1 } ( \frac { 1 } { 4 } \lambda _ { b j } ^ { a } - \frac { 1 } { 2 } \frac { \partial ^ { 3 } A } { \partial \phi ^ { j } \partial \phi ^ { k } \partial \phi ^ { p } } ( \bar { \psi } _ { a } ^ { k } \psi ^ { b p } + \bar { \psi } ^ { b k } \psi _ { a } ^ { p } ) ) ,",39f5619bec.png,381,139,480,64,7.5
"\begin{array} { c } { \overline { { A } } ^ { \prime 1 } { } _ { \nu } \longrightarrow W _ { \nu } ^ { - } , } \\ { \overline { { A } } ^ { \prime 2 } { } _ { \nu } \longrightarrow W _ { \nu } ^ { + } , } \\ { \overline { { A } } ^ { \prime 3 } { } _ { \nu } \longrightarrow Z _ { \nu } , } \\ { \overline { { A } } ^ { \prime 4 } { } _ { \nu } \longrightarrow A _ { \nu } . } \\ \end{array}",238cd485fe.png,391,121,480,128,3.75
"\begin{array} { l l } { \nabla \cdot \mathbf { E } ^ { \prime } = \rho _ { e } ^ { \prime } , } & { \nabla \times \mathbf { B } ^ { \prime } = \mathbf { j } _ { e } ^ { \prime } + \frac { \partial \mathbf { E ^ { \prime } } } { \partial t } , } \\ { \nabla \cdot \mathbf { B } ^ { \prime } = \rho _ { m } ^ { \prime } = 0 , } & { \nabla \times \mathbf { E } ^ { \prime } = - \frac { \partial \mathbf { B ^ { \prime } } } { \partial t } . } \\ \end{array}",3237f8bf96.png,454,132,320,64,5.0
T ^ { { \underline { a } } } = { \cal D } E ^ { { \underline { a } } } = - { \frac { i } { 2 } } \hat { E } ^ { \hat { \underline { \alpha } } } \wedge \hat { E } ^ { \hat { \underline { \beta } } } \Gamma _ { { \underline { { \hat { \alpha } \hat { \beta } } } } } ^ { { \underline { a } } } = - { \frac { i } { 2 } } ( \hat { E } \Gamma ^ { { \underline { a } } } \hat { E } ),4c68fdad7b.png,378,124,320,64,5.0
"{ \cal F } _ { 2 } \left( a , \epsilon _ { 1 } , \epsilon _ { 2 } \right) = \frac { 2 0 a ^ { 2 } + 7 \epsilon _ { 1 } ^ { 2 } + 1 6 \epsilon _ { 1 } \epsilon _ { 2 } + 7 \epsilon _ { 2 } ^ { 2 } } { \left( 4 a ^ { 2 } - \epsilon ^ { 2 } \right) ^ { 2 } \left( 4 a ^ { 2 } - \left( 2 \epsilon _ { 1 } + \epsilon _ { 2 } \right) ^ { 2 } \right) \left( 4 a ^ { 2 } - \left( \epsilon _ { 1 } + 2 \epsilon _ { 2 } \right) ^ { 2 } \right) } .",744467e381.png,437,144,480,64,7.5
"\left( P _ { + } A _ { \delta } ^ { ( 1 ) } \right) ^ { \alpha ( m ) \dot { \alpha } ( \tilde { m } ) , \beta ( n ) } = \left\{ \begin{array} { c c c } { A _ { \delta } ^ { ( 1 ) , \alpha ( m ) \dot { \alpha } ( \tilde { m } ) , \beta ( n ) } \; \; } & { \mathrm { f o r } } & { \; \; \tilde { m } = \mathrm { e v e n } } \\ { 0 \; \; } & { \mathrm { f o r } } & { \; \; \tilde { m } = \mathrm { o d d } } \\ \end{array} \right.",545b9696c4.png,428,143,480,64,7.5
\left( \begin{array} { r l } { Q _ { 1 1 } } & { Q _ { 1 2 } } \\ { Q _ { 2 1 } } & { Q _ { 2 2 } } \\ \end{array} \right) = \frac { 1 } { 6 } N \omega _ { 1 } R _ { 1 } ^ { 2 } \left( \begin{array} { r l } { - \operatorname { s i n } 2 \omega _ { 1 } t } & { \operatorname { c o s } 2 \omega _ { 1 } t } \\ { \operatorname { c o s } 2 \omega _ { 1 } t } & { \operatorname { s i n } 2 \omega _ { 1 } t } \\ \end{array} \right),464729c5b0.png,426,140,384,64,6.0
"{ \cal O } _ { i } ^ { ( q ) } = \left. \left( \left. { \frac { \partial \Gamma _ { \infty } ^ { ( \beta ) } } { \partial \beta _ { i } } } \right| _ { \Phi , K } \right) \right| _ { \beta = 0 } = \left. \left( \left. { \frac { \partial W _ { \infty } ^ { ( \beta ) } } { \partial \beta _ { i } } } \right| _ { J , K } \right) \right| _ { \beta = 0 } = \left. < { \frac { \partial \Sigma _ { \infty } ^ { ( \beta ) } } { \partial \beta _ { i } } } > _ { J } \right| _ { \beta = 0 } .",1ffc81b3b8.png,483,143,480,64,7.5
"\alpha _ { A } ( \varphi _ { 0 } ) \simeq \alpha _ { 3 } ( \varphi _ { 0 } ) + { \frac { \partial \widehat \sigma } { \partial \varphi _ { 0 } } } \left( { \frac { B } { M } } \right) _ { A } + { \frac { \partial \widehat \delta } { \delta \varphi _ { 0 } } } \left( { \frac { D } { M } } \right) _ { A } + a _ { 3 } { \frac { \partial \alpha } { \partial \varphi _ { 0 } } } \left( { \frac { E } { M } } \right) _ { A } \ ,",694e433736.png,424,127,480,64,7.5
"{ \sum _ { i , j , k , l = 1 } ^ { h } \omega _ { l } ^ { 2 } \partial _ { z } \left( { \omega _ { i } / \omega _ { l } } \right) A _ { i j } A _ { l k } \overline { \omega } _ { k } ^ { 2 } \partial _ { \bar { z } } \left( { \overline { \omega } _ { j } / \overline { \omega } _ { k } } \right) } = \left( \sum _ { i , j = 1 } ^ { h } \omega _ { i } A _ { i j } \overline { \omega } _ { j } \right) ^ { 3 } .",594608c469.png,409,141,480,64,7.5
"\langle { T _ { \ k } ^ { j } } \rangle - \langle T _ { _ { \oslash } k } ^ { \, j } \rangle \sim { \frac { \pi M ^ { 2 } } { 2 } } \Phi ^ { 2 } \Big ( { \frac { 1 } { c ^ { 2 } } } u ^ { j } u _ { k } - { \frac { c _ { _ \mathrm { S } } ^ { 2 } } { c ^ { 2 } } } \gamma _ { _ k } ^ { j } \Big ) \, \operatorname { l n } \Big \{ { \frac { w _ { \! _ { \odot } } } { w } } \Big \} .",7781e4c675.png,381,142,384,64,6.0
"\Gamma _ { \underline { \alpha } \underline { \beta } } ^ { 0 } = \left( \begin{array} { c c } { 1 } & { 0 } \\ { 0 } & { 1 } \\ \end{array} \right) \, , \quad \Gamma _ { \underline { \alpha } \underline { \beta } } ^ { 1 } = \left( \begin{array} { c c } { 0 } & { 1 } \\ { 1 } & { 0 } \\ \end{array} \right) \, , \quad \Gamma _ { \underline { \alpha } \underline { \beta } } ^ { 2 } = \left( \begin{array} { c c } { - 1 } & { 0 } \\ { 0 } & { 1 } \\ \end{array} \right) \, .",5a0342e27c.png,475,132,480,64,7.5
"\Pi _ { i } ^ { a } \left( { \bf x } \right) \left| \Omega \right\rangle = \overline { \psi } \left( { \bf y } \right) U ( { \bf y } , { \bf 0 } ) \psi \left( { \bf 0 } \right) \Pi _ { i } ^ { a } \left( { \bf x } \right) \left| 0 \right\rangle + g T ^ { a } \int _ { \bf 0 } ^ { \bf y } { d z _ { i } } \delta \left( { { \bf x } - { \bf z } } \right) \left| \Omega \right\rangle .",793ea81515.png,381,110,480,64,7.5
\frac { \pi ^ { 2 } R ^ { 6 } c ( R ^ { 2 } ) } { 2 4 } \int \mathrm { d } ^ { 4 } x A \raisebox { - 4 p t } { \stackrel { \displaystyle { ( x ) } } { \scriptstyle { \mu a } } } \left( \partial ^ { 2 } A \raisebox { - 4 p t } { \stackrel { \displaystyle { ( x ) } } { \scriptstyle { \mu a } } } - \partial _ { \mu } \partial _ { \nu } A \raisebox { - 4 p t } { \stackrel { \displaystyle { ( x ) } } { \scriptstyle { \nu a } } } \right),25022e42dc.png,435,131,320,64,5.0
"\chi _ { \dot { q } \dot { p } } ^ { 1 } = \chi ^ { 1 } \delta _ { \dot { q } \dot { p } } + \chi ^ { 1 i j } \tilde { \gamma } _ { \dot { q } \dot { p } } ^ { i j } + \chi _ { \dot { q } \dot { p } } ^ { 1 i j k l } , \ \chi _ { q p } ^ { 2 } = \chi ^ { 2 } \delta _ { q p } + \chi ^ { 2 i j } \gamma _ { q p } ^ { i j } + \chi ^ { 2 i j k l } \gamma _ { q p } ^ { i j k l } .",684a61931f.png,377,150,480,32,15.0
b = e ^ { \frac { i } { 2 } \operatorname { l n } ( \frac { 2 \hbar } { \theta } ) D } \left( \frac { 1 } { \sqrt { 2 } } \left( \frac { \tilde { x } _ { 1 } + i \tilde { x } _ { 2 } } { \sqrt { 2 \hbar } } \right) + \frac { i } { \sqrt { 2 } } \left( \frac { \tilde { p } _ { 1 } + i \tilde { p } _ { 2 } } { \sqrt { 2 \hbar } } \right) \right) e ^ { - \frac { i } { 2 } \operatorname { l n } ( \frac { 2 \hbar } { \theta } ) D },1eb4f1b7f2.png,430,140,480,64,7.5
"\left( \begin{array} { l } { \tilde { \mathcal { F } } ^ { + } } \\ { \tilde { G } _ { + } } \\ \end{array} \right) = \mathcal { S } \left( \begin{array} { l } { \mathcal { F } ^ { + } } \\ { G _ { + } } \\ \end{array} \right) = \left( \begin{array} { l l } { A } & { B } \\ { C } & { D } \\ \end{array} \right) \left( \begin{array} { l } { \mathcal { F } ^ { + } } \\ { G _ { + } } \\ \end{array} \right) \, .",7f226a8510.png,410,116,320,64,5.0
"\int _ { 0 } ^ { \infty } t ^ { - \lambda } J _ { \nu } ^ { 2 } ( \alpha t ) d t = \frac { \alpha ^ { \lambda - 1 } \Gamma ( \lambda ) \Gamma \left( \displaystyle { \frac { 2 \nu - \lambda + 1 } { 2 } } \right) } { 2 ^ { \lambda } \Gamma ^ { 2 } \left( \displaystyle { \frac { \lambda + 1 } { 2 } } \right) \Gamma \left( \displaystyle { \frac { 2 \nu + \lambda + 1 } { 2 } } \right) } \, ,",75d3d9f214.png,389,109,384,96,4.0
"\Psi ( r , \theta , t ) = \sqrt { { \frac { i } { r } } } \, \, { \frac { 1 } { \sqrt { 2 \pi k _ { 0 } } } } \, \, { \frac { \operatorname { s i n } { \frac { \pi } { \alpha } } } { \operatorname { c o s } { \frac { \pi } { \alpha } } + \operatorname { c o s } \theta } } \, \, e ^ { - { \frac { b ^ { 2 } } { 4 \xi ^ { 2 } } } } \, \, \Psi _ { \mathrm { { f r e e } } } ( r , \alpha ^ { 2 } t ) ,",797dc3532d.png,398,139,480,64,7.5
\frac { \partial ^ { 2 } \tilde { \phi } } { \partial \tilde { t } ^ { 2 } } - \frac { \partial ^ { 2 } \tilde { \phi } } { \partial \tilde { x } ^ { 2 } } + \tilde { \eta } _ { m } \tilde { \phi } ^ { 2 } \frac { \partial \tilde { \phi } } { \partial \tilde { t } } = - \tilde { \phi } + \tilde { \alpha } \tilde { \phi } ^ { 2 } - \tilde { \lambda } \tilde { \phi } ^ { 3 } + \tilde { \xi } _ { m } \tilde { \phi } .,2bb585a903.png,418,125,384,64,6.0
"\begin{array} { c } { \Omega = d \left( p _ { \mu } d x ^ { \mu } + \theta _ { i } ^ { \mu } g _ { \mu \nu } D \theta _ { i } ^ { \nu } \right) = } \\ { = d p _ { \mu } \wedge d x ^ { \mu } + \frac 1 2 R _ { \mu \nu \lambda \rho } \theta _ { i } ^ { \mu } \theta _ { i } ^ { \nu } d x ^ { \lambda } \wedge d x ^ { \rho } } \\ { + g _ { \mu \nu } D \theta _ { i } ^ { \mu } \wedge D \theta _ { i } ^ { \nu } , } \\ \end{array}",677a04e0fd.png,425,143,384,96,4.0
"{ e } _ { \hat { 0 } } ^ { \; \; 0 } { \bar { e } } _ { \alpha } ^ { \; \; i } \left[ \frac { 1 } { 2 } \frac { \partial \Gamma ^ { ( 2 ) } } { \partial w ^ { i } } \right] = - { e } _ { \hat { 0 } } ^ { \; \; 0 } { \bar { e } } _ { \alpha } ^ { \; \; i } \left[ B _ { i } ^ { w ( 2 ) } \right] + { e } _ { \alpha } ^ { \; \; \mu } { e } _ { \hat { 0 } } ^ { \; \; \nu } K _ { \mu \nu } ^ { b } ,",701adf7cc7.png,396,149,384,64,6.0
"\left[ \widehat { { \mathcal J } } _ { \ell / r } ^ { 0 } \left( t , \underline { { x } } \right) , ~ \widehat { { \mathcal J } } _ { \ell / r } ^ { 0 } \left( t , \underline { { y } } \right) \right] \; = \; \pm ~ i ~ \frac { q ^ { 2 } } { 4 \pi ^ { 2 } } ~ \left( \underline { { B } } \left( \underline { { x } } , t \right) \, \cdot \, \underline { { \nabla } } \right) \; \delta \left( \underline { { x } } - \underline { { y } } \right) ~ ,",28a4dc3260.png,445,128,480,64,7.5
"\bar { F } _ { i } = - \frac { \partial { \cal W } } { \partial \Phi _ { i } } = \left\{ \begin{array} { l } { \lambda _ { 1 } ( \phi _ { 3 } ^ { 2 } - M ^ { 2 } ) \, , \, \, \, ~ ~ ~ ~ ~ ~ i = 1 \, , } \\ { \mu \phi _ { 3 } \, , \qquad ~ ~ ~ ~ ~ ~ ~ ~ ~ ~ ~ ~ ~ i = 2 \, , } \\ { 2 \lambda _ { 1 } \phi _ { 1 } \phi _ { 3 } + \mu \phi _ { 2 } \, , \, \, \, \, ~ ~ ~ i = 3 \, . } \\ \end{array} \right.",2bf78138a4.png,402,145,384,96,4.0
"\mu ^ { \prime \rho } = - \left( \partial _ { \sigma } \eta ^ { * \alpha ( \rho ) } \right) B _ { \alpha } ^ { \; ( \sigma ) } + \eta ^ { * \alpha ( \sigma ) } \partial _ { \sigma } B _ { \alpha } ^ { \; ( \rho ) } + \varepsilon ^ { \alpha \beta \gamma \delta } A _ { \alpha \beta } ^ { * \; \; ( \sigma ) } \partial _ { \sigma } A _ { \gamma \delta } ^ { * \; \; ( \rho ) } ,",341044469a.png,376,108,480,64,7.5
\protect \eta = - { \frac { \mu } { \operatorname { l n } \mu } } \left( 1 + { \frac { \operatorname { l n } ( - \operatorname { l n } \mu ) } { \operatorname { l n } \mu } } + \left( { \frac { \operatorname { l n } ( - \operatorname { l n } \mu ) } { \operatorname { l n } \mu } } \right) ^ { 2 } - { \frac { \operatorname { l n } ( - \operatorname { l n } \mu ) } { ( \operatorname { l n } \mu ) ^ { 2 } } } + \cdots \right) .,3043dc1d05.png,428,120,480,64,7.5
"h _ { ( 3 ) } = \left\{ \begin{array} { l l } { \Pi ^ { \mu } \, d \bar { \theta } _ { + } \Gamma _ { \mu } d \theta _ { + } } & { ( h e t e r o t i c ) } \\ { \Pi ^ { \mu } \, d \bar { \theta } \Gamma _ { \mu } \Gamma _ { 1 1 } d \theta } & { ( I I A ) } \\ { \tilde { S } _ { I J } \, \Pi ^ { \mu } \, d \bar { \theta } _ { + } ^ { I } \Gamma _ { \mu } d \theta _ { + } ^ { J } } & { ( I I B ) } \\ \end{array} \right.",7e63fac2b5.png,420,149,384,96,4.0
"\Phi ( z _ { 0 } ) [ x ^ { \Gamma } ] = \int _ { { \bf x } \nolinebreak \left\{ \begin{array} { l l } { ( 1 0 , 3 ) ( 0 , 0 ) \setlength { \unitlength } { . 5 p t } \put ( 1 , - 7 ) { \line ( 0 , 1 ) { 1 4 } } \put ( 2 , - 7 ) { \scriptscriptstyle \partial \Sigma } } \\ \end{array} \right. = { \bf x } _ { 0 } } \phi ( z _ { 0 } ) \operatorname { e x p } { \left( - S \left[ { \bf x } ^ { \Sigma } \right] \right) } \, d \! { \bf x } ^ { \Sigma } .",22c2ad0413.png,449,139,384,64,6.0
"F _ { n } \left( { \vec { z } } \right) = \sum _ { { \vec { c } } } D _ { { \vec { c } } , n } \theta \left[ \begin{array} { c } { { \vec { 0 } } } \\ { \frac { { \vec { c } } } { \ell } } \\ \end{array} \right] \left( { \vec { z } } - \frac { \tau } { \omega \kappa } \left( n + \frac { \beta } { 2 \pi } \right) { \hat { e } } + \frac { \alpha } { 2 \pi \omega \kappa } { \hat { e } } , \Omega \right)",13647004bf.png,403,122,480,64,7.5
i \gamma ^ { \mu } \partial _ { \mu } \left( \begin{array} { c } { \psi _ { L } } \\ { \psi _ { R } } \\ { \psi _ { \nu } } \\ \end{array} \right) = \left( \begin{array} { c c c } { 0 } & { \phi ^ { 2 } } & { 0 } \\ { \overline { { \phi ^ { 2 } } } } & { 0 } & { \overline { { \phi ^ { 1 } } } } \\ { 0 } & { \phi ^ { 1 } } & { 0 } \\ \end{array} \right) \left( \begin{array} { c } { \psi _ { L } } \\ { \psi _ { R } } \\ { \psi _ { \nu } } \\ \end{array} \right) .,36f1510744.png,465,146,384,96,4.0
"g ^ { 2 } \wp ( \alpha \cdot q ) { { } \atop { \longrightarrow \atop { \omega _ { 3 } \to + \infty } } } \left\{ \begin{array} { c l l } { m ^ { 2 } \, e ^ { \alpha \cdot Q } } & { \alpha \in \Pi , } & { \delta < 1 / h , } \\ { m ^ { 2 } \, e ^ { - \alpha _ { h } \cdot Q } } & { \alpha _ { h } : \mathrm { h i g h e s t ~ r o o t } , } & { \delta = 1 / h , } \\ { 0 } & { \mathrm { o t h e r w i s e . } } & { } \\ \end{array} \right.",70809a4b2e.png,435,149,480,128,3.75
"\leq \left\{ \begin{array} { l l } { \ P _ { 1 } ( \, \vert \vec { p } \vert \, ) } & { f o r \ \alpha \geq \hat { \alpha } } \\ { \ P _ { 2 } ( \, \vert \operatorname { l o g } ( \alpha ) \vert \, ) \ P _ { 3 } ( \, \vert \vec { p } \vert \sqrt \alpha \, ) \ \alpha ^ { \, - 2 l + s + \frac { \vert \omega \vert } { 2 } } } & { f o r \ \alpha _ { 0 } \leq \alpha \leq \hat { \alpha } \quad . } \\ \end{array} \right.",4741fb2f0f.png,417,125,480,64,7.5
"\Lambda \partial _ { \Lambda } { \cal { G } } _ { \mathrm { i r } } ^ { \Lambda , \Lambda _ { 0 } } \{ \varphi _ { \bf { k } } \} = - \partial _ { t } { \cal { G } } _ { t } \{ \tilde { \varphi } _ { \bf { q } } \} + \hat { \cal { R } } _ { s } { \cal { G } } _ { t } \{ \tilde { \varphi } _ { \bf { q } } \} + \frac { N _ { t } } { 2 } \left[ \eta _ { t } + D \operatorname { l n } Z _ { t } \right] \; ,",2737f5477e.png,405,138,480,64,7.5
"\begin{array} { r l } { d u } & { = \mp \star e \sp { u } \left( - d \delta + \alpha \wedge \beta - \operatorname { s i n } \theta d \theta \wedge d \phi \right) , } \\ { \alpha } & { = \mp \star e \sp { u } \left( - d \beta + \delta \wedge \alpha + \alpha \wedge \operatorname { c o s } \theta d \phi \right) , } \\ { \beta } & { = \mp \star e \sp { u } \left( d \alpha - \beta \wedge \delta + \beta \wedge \operatorname { c o s } \theta d \phi \right) . } \\ \end{array}",1ff91d8a48.png,472,118,384,96,4.0
\widetilde \Pi ^ { \prime } = \left( \begin{array} { l } { \widetilde F _ { 0 } ^ { \prime } } \\ { \widetilde F _ { 1 } ^ { \prime } } \\ { \widetilde X ^ { 0 } } \\ { \widetilde X ^ { 1 } } \\ \end{array} \right) = \left( \begin{array} { l } { \widetilde X _ { 0 } } \\ { \widetilde F _ { 1 } } \\ { - \widetilde F _ { 0 } } \\ { \widetilde X ^ { 1 } } \\ \end{array} \right) \ .,3e6898c7c3.png,381,105,384,96,4.0
\left( \begin{array} { l l } { a ^ { \prime \prime } } & { b ^ { \prime \prime } } \\ { c ^ { \prime \prime } } & { d ^ { \prime \prime } } \\ \end{array} \right) = \left( \begin{array} { l l } { a } & { b } \\ { c } & { d } \\ \end{array} \right) + \left( \begin{array} { l l } { a ^ { \prime } } & { b ^ { \prime } } \\ { c ^ { \prime } } & { d ^ { \prime } } \\ \end{array} \right),7120571e96.png,384,110,256,64,4.0
"D _ { \hat { \alpha } } \xi _ { \hat { \beta } } = - { \frac { 1 } { 4 } } ( \Gamma ^ { \mu \nu } ) _ { \hat { \beta } \hat { \alpha } } \partial _ { \mu } \xi _ { \nu } + { \frac { 1 } { 1 2 } } C _ { \hat { \beta } \hat { \alpha } } \partial _ { \sigma } \xi ^ { \sigma } + { \frac { 1 } { 1 2 } } ( \Gamma ^ { i j } ) _ { \hat { \beta } \hat { \alpha } } D _ { \sigma [ i j ] } \xi ^ { \sigma } ,",2c343fd0dc.png,399,134,480,64,7.5
"\hat { \bf G } = - \hat { \tau } _ { 3 } \left[ { \bf I } \, \partial ^ { 2 } + \hat { \bf P } _ { \pi } \hat { \cal M } _ { \pi } ^ { 2 } + \hat { \bf P } _ { \sigma } \hat { \cal M } _ { \sigma } ^ { 2 } \right] ^ { - 1 } \, ule { 0.14 mm } { 8.5 mm } \raisebox { - 2 . 8 5 m m } { \scriptsize { \; \vec { \varphi } _ { 1 } = \vec { \varphi } _ { 2 } = \vec { \varphi } } } .",234b7e0a00.png,377,127,384,64,6.0
\beta _ { 0 0 } = \sum _ { \rho = 0 } ^ { N } \frac { \left( \eta _ { 0 \rho } \right) ^ { 2 } } { 4 } \left[ \left( \frac { \tilde { \omega } } { \Omega _ { \rho } } - \frac { \Omega _ { \rho } } { \omega } \right) \mathrm { e } ^ { i \Omega _ { \rho } t } + \left( \frac { \Omega _ { \rho } } { \tilde { \omega } } - \frac { \tilde { \omega } } { \Omega _ { \rho } } \right) \mathrm { e } ^ { - i \Omega _ { \rho } t } \right] \; .,3d893e6ddd.png,433,129,480,64,7.5
V _ { v i s } ( \tilde { q } ) = \frac { | \frac { \partial W _ { v i s } } { \partial \tilde { q } } + \frac { \partial f _ { v i s } } { \partial \tilde { q } } \overline { { F _ { \Phi } } } | ^ { 2 } } { \frac { \partial ^ { 2 } f _ { v i s } } { \partial \tilde { q } \partial \tilde { q } ^ { \dagger } } } - 6 \mathrm { R e } ~ W _ { v i s } ( \tilde { q } ) F _ { \Phi } - f _ { v i s } | F _ { \Phi } | ^ { 2 } .,43c4038219.png,421,149,480,64,7.5
{ \cal L } _ { \mathrm { { U ( 1 ) F P } } } = i \overline { { c } } \raisebox { - 0 . 5 m m } { \hspace { 0 . 6 m m } ule { 0.1 mm } { 3.1 mm } ule { 3.1 mm } { 0.1 mm } ule { 0.1 mm } { 3.2 mm } \hspace { - 3 . 3 m m } ule { 3.2 mm } { 0.1 mm } \hspace { 0 . 7 m m } } c - \kappa \widetilde { h } ^ { \mu \rho } i \partial _ { \mu } \overline { { c } } \partial _ { \rho } c + \mathrm { O } ( \kappa ^ { 2 } ) .,3fb91b8dd2.png,413,141,320,32,10.0
"\begin{array} { l } { ( 1 ) \quad { \displaystyle { \frac { \delta } { \delta b _ { a } } } } \Delta = 0 \, , \qquad ( 2 ) \quad \displaystyle { \int } d ^ { 3 } x \, { \displaystyle { \frac { \delta } { \delta \, c ^ { a } } } } \Delta = 0 \, , \qquad ( 3 ) \quad { \cal G } ^ { a } \Delta = 0 \, , } \\ { ( 4 ) \quad { \cal W } _ { X } \Delta = 0 \, , \qquad X = \mathrm { d i f f . , \, L o r e n t z \, , \, r i g i d } \, . } \\ \end{array}",276ddb6fd4.png,445,141,480,128,3.75
"\begin{array} { c } { H _ { l } s _ { l } \left( r , \chi \right) = \left\{ 2 \operatorname { s i n h } { } ^ { 2 } \frac { i } { 2 } \frac { d } { d r } + \frac { l \left( l + 1 \right) } { 2 r \left( r + i \right) } e ^ { i \frac { d } { d r } } \right\} s _ { l } \left( r , \chi \right) = } \\ { = \left( \operatorname { c o s h } \chi - 1 \right) s _ { l } \left( r , \chi \right) } \\ \end{array}",1243853fd9.png,402,124,384,64,6.0
"\partial _ { k } \Gamma _ { k } [ \phi ] = \operatorname* { l i m } _ { \delta k \to 0 } \frac { 1 } { 2 \delta k } \left[ \operatorname { l n } \operatorname* { d e t } \frac { \delta ^ { 2 } \Gamma _ { k } } { \delta \phi _ { k } ^ { \Lambda } \delta \phi _ { k } ^ { \Lambda } } - \operatorname { l n } \operatorname* { d e t } \frac { \delta ^ { 2 } \Gamma _ { k } } { \delta \phi _ { k - \delta k } ^ { \Lambda } \delta \phi _ { k - \delta k } ^ { \Lambda } } \right] ,",311f7950bc.png,474,138,480,64,7.5
"\left\{ \begin{array} { l } { { \cal F _ { A } } \operatorname* { l i m } _ { \tau ^ { \prime } \rightarrow \infty } { \cal F } _ { { \cal U } _ { \tau ^ { \prime } } { \cal B } } - { \cal F _ { A } F _ { B } } = 0 \; \; \mathrm { f o r } \; \; { \cal A , B } \; \; \mathrm { o f ~ { \bf ~ V } - t y p e } \; , } \\ { 0 \; \; \mathrm { o t h e r w i s e } \; . } \\ \end{array} \right.",59ff34b28f.png,385,129,480,64,7.5
"\int \prod _ { j = 1 } ^ { g } d \nu _ { j } d \bar { \nu } _ { j } d \hat { \nu } _ { j } d \hat { \bar { \nu } } _ { j } \, \, \mathrm { e } ^ { \int _ { \Sigma _ { g } } { \cal L } _ { 5 } } = \operatorname* { d e t } \left( { \frac { 1 } { \Omega - \bar { \Omega } } } \bar { \partial } \bar { \Omega } { \frac { 1 } { \Omega - \bar { \Omega } } } \partial \Omega \right) ,",695b61cc29.png,377,122,480,64,7.5
{ \frac { \delta ( \stackrel { ( 0 ) } { S _ { 0 } } + g \stackrel { ( 1 ) } { S _ { 0 } } + g ^ { 2 } \stackrel { ( 2 ) } { S _ { 0 } } + . . . ) } { \delta \varphi } } ( \stackrel { \smash { ( 0 ) } } { R } _ { \alpha } ^ { i } + g \stackrel { \smash { ( 1 ) } } { R } _ { \alpha } ^ { i } + g ^ { 2 } \stackrel { \smash { ( 2 ) } } { R } _ { \alpha } ^ { i } + . . . ) = 0 .,685c68cd7f.png,377,140,480,64,7.5
"0 = \nabla _ { ( \alpha } \overline { { \xi } } _ { \overline { { \beta } } ) a } = \partial _ { ( \alpha } \overline { { \xi } } _ { \overline { { \beta } } ) a } - H _ { \alpha \overline { { \beta } } } ^ { \, \, \, \overline { { \gamma } } } \overline { { \xi } } _ { \overline { { \gamma } } a } + H _ { \alpha \overline { { \beta } } } ^ { \, \, \, \gamma } \xi _ { \gamma } .",10311c9330.png,381,114,320,64,5.0
\langle \langle \widehat \chi \rangle \rangle = { \varepsilon ^ { \alpha } } _ { \mu \beta } \left( { \cal F } _ { + \alpha } \partial ^ { \mu } { \cal F } _ { + } ^ { \beta } + { \cal F } _ { - \alpha } \partial ^ { \mu } { \cal F } _ { - } ^ { \beta } \right) + m \left( { \cal F } _ { + \gamma } { \cal F } _ { + } ^ { \gamma } - { \cal F } _ { - \gamma } { \cal F } _ { - } ^ { \gamma } \right) .,a92774c430.png,400,122,480,64,7.5
"\widehat { L } _ { \beta } ( \lambda ) = \frac { 1 } { \operatorname { s i n } \gamma } \left( \begin{array} { c c } { \operatorname { s i n h } [ \gamma ( \lambda + \mathrm { i } S ^ { 3 } ) ] } & { \mathrm { i } \, \operatorname { s i n } \gamma \, e ^ { ( \gamma - \beta ) \lambda } \, S ^ { - } } \\ { \mathrm { i } \, \operatorname { s i n } \gamma \, e ^ { ( \beta - \gamma ) \lambda } \, S ^ { + } } & { \operatorname { s i n h } [ \gamma ( \lambda - \mathrm { i } S ^ { 3 } ) ] } \\ \end{array} \right)",36bcbd52ad.png,510,149,480,64,7.5
"\underline { { A } } ^ { \mu } = \frac 1 \ell \underline { { \Theta } } ^ { \mu } + { \frac { 1 } { 2 } } \epsilon ^ { \mu } \ _ { \nu \rho } \underline { { \Omega } } ^ { \nu \rho } \qquad , \qquad \underline { { \tilde { A } } } ^ { \mu } = - \frac 1 \ell \underline { { \Theta } } ^ { \mu } + { \frac { 1 } { 2 } } \epsilon ^ { \mu } \ _ { \nu \rho } \underline { { \Omega } } ^ { \nu \rho } \qquad .",21f5b34599.png,403,121,480,64,7.5
"\Delta _ { \kappa } ( \vec { x } , x _ { 0 } ) \sim { \frac { - i \kappa \operatorname { c o s h } \left( { \frac { \pi \kappa x ^ { 0 } } { 2 } } \right) \Gamma \left( 1 + i \kappa x ^ { 0 } \right) } { \left( 2 \pi \right) ^ { 2 } \sqrt { 1 + { \frac { m ^ { 2 } } { \kappa ^ { 2 } } } } \, | \vec { x } | \left( \kappa | \vec { x } | \right) ^ { 1 + i \kappa x ^ { 0 } } } }",2dbfb14129.png,377,122,320,64,5.0
"\left( \begin{array} { c c c } { - 1 } & { 0 } & { 0 } \\ { 0 } & { 0 } & { - 1 } \\ { 0 } & { - 1 } & { 0 } \\ \end{array} \right) , \quad \left( \begin{array} { c c c } { 0 } & { - 1 } & { 0 } \\ { - 1 } & { 0 } & { 0 } \\ { 0 } & { 0 } & { - 1 } \\ \end{array} \right) , \quad \left( \begin{array} { c c c } { 0 } & { 0 } & { - 1 } \\ { 0 } & { - 1 } & { 0 } \\ { - 1 } & { 0 } & { 0 } \\ \end{array} \right)",5733bb229b.png,411,148,480,128,3.75
"\delta ( \varepsilon ) \theta _ { \alpha \beta \gamma } ^ { + + \, \alpha ^ { \prime } \beta ^ { \prime } \gamma ^ { \prime } } = \left( P _ { \theta } ^ { + } E P _ { \theta } ^ { - } \right) _ { \alpha \beta \gamma } ^ { \, \, \, \, \, \, \, \, \, \, \, \, \alpha ^ { \prime } \beta ^ { \prime } \gamma ^ { \prime } } + \left( P _ { \theta } ^ { + } E P _ { \theta } ^ { - } \right) _ { \, \, \, \, \, \, \, \, \quad \alpha \beta \gamma } ^ { \alpha ^ { \prime } \beta ^ { \prime } \gamma ^ { \prime } }",547fd019ee.png,505,145,480,64,7.5
\omega = \sum _ { i = 1 } ^ { n } \frac { d u _ { i } } { u _ { i } } \wedge d \beta _ { i } - \sum _ { i < j } \frac { d \beta _ { i } \wedge d \beta _ { j } } { \beta _ { i } - \beta _ { j } } + \sum _ { i = 1 } ^ { m } \frac { d v _ { i } } { v _ { i } } \wedge d \kappa _ { i } - \sum _ { i < j } \frac { d \kappa _ { i } \wedge d \kappa _ { j } } { \kappa _ { i } - \kappa _ { j } } .,53eed07b68.png,389,146,480,64,7.5
"\Delta ^ { + } ( \omega ) = \operatorname { l n } \left( \frac { \Lambda ^ { 2 } } { m ^ { 2 } } \right) - \int _ { - \Lambda } ^ { + \Lambda } \frac { d { \bf k } } { [ { \bf k } ^ { 2 } + m _ { \mathrm { \scriptsize ~ e f f } } ^ { 2 } ] ^ { 1 / 2 } } \frac { { \bf k } ^ { 2 } } { [ { \bf k } ^ { 2 } + m _ { \mathrm { \scriptsize ~ e f f } } ^ { 2 } - \omega ^ { 2 } / 4 + i \epsilon ] } \; \; \; ,",3367496378.png,402,141,480,64,7.5
"{ \frac { \delta { \cal E } ( h ) } { h ^ { 2 } } } = \kappa _ { 0 } \operatorname { l n } { \frac { h } { m } } + \kappa _ { 1 } \operatorname { l n } \operatorname { l n } { \frac { h } { m } } + \kappa _ { 2 } + { \cal O } { \mathrm { \Large ~ ( } } \operatorname { l n } \operatorname { l n } { \frac { h } { m } } { \mathrm { \Large ~ / } } \operatorname { l n } { \frac { h } { m } } { \mathrm { \Large ~ ) } } \, ,",7d44ab65fa.png,421,135,480,64,7.5
H _ { 1 } = \operatorname { e x p } \left[ i \theta _ { 1 } \left( \begin{array} { c c c } { 1 } & { 0 } & { 0 } \\ { 0 } & { - 1 } & { 0 } \\ { 0 } & { 0 } & { 0 \ } \\ \end{array} \right) \right] \quad ; \quad H _ { 2 } = \operatorname { e x p } \left[ i \theta _ { 2 } \left( \begin{array} { c c c } { 1 } & { 0 } & { 0 } \\ { 0 } & { 1 } & { 0 } \\ { 0 } & { 0 } & { - 2 } \\ \end{array} \right) \right],7cffa11c5d.png,407,136,480,128,3.75
"\Delta _ { \Omega ^ { ( { D } ) } } = \sum _ { j = 1 } ^ { { D } - 1 } \left[ \left( \prod _ { k = 1 } ^ { j - 1 } \operatorname { s i n } ^ { 2 } \theta _ { k } \right) \, \operatorname { s i n } ^ { { D } - j - 1 } \theta _ { j } \right] ^ { - 1 } \frac { \partial } { \partial \theta _ { j } } \left( \operatorname { s i n } ^ { { D } - j - 1 } \theta _ { j } \, \frac { \partial } { \partial \theta _ { j } } \right) \; ,",32c7eb5f57.png,425,138,480,64,7.5
"\left\{ \begin{array} { r c l } { { \cal F } } & { = } & { 2 \partial b + \frac { 1 } { 2 \pi \alpha ^ { \prime } } B \, , } \\ { \tilde { \cal F } } & { = } & { 6 \partial \tilde { b } + \frac { m } { 2 } c ^ { ( 6 ) } + \frac { 1 } { 2 \pi \alpha ^ { \prime } } \tilde { B } - 6 \left( C ^ { ( 5 ) } - 5 C ^ { ( 3 ) } B \right) \left( \partial c ^ { ( 0 ) } - \frac { m } { 2 } b \right) } \\ \end{array} \right.",13e0706a90.png,414,137,480,160,3.0
E ( x ) = \frac { 1 } { { \partial } _ { - } ^ { 2 } } D ( x ) - \frac { 1 } { { \partial } _ { \bot } ^ { 2 } + n ^ { 2 } { \partial } _ { + } ^ { 2 } } D _ { s } ( x ) - \frac { \mathrm { s i n } 2 { \theta } { \partial } _ { + } + { \partial } ^ { - } } { ( { \partial } _ { \bot } ^ { 2 } + n ^ { 2 } { \partial } _ { + } ^ { 2 } ) ^ { 2 } } { \partial } _ { - } D _ { s } ( x ),2d274eb983.png,382,149,480,64,7.5
"( F ^ { ( 1 ) } ) ^ { 2 } = \frac { \kappa ^ { 2 } } { 3 6 } H _ { \nu \rho } ^ { b c } \left\{ \frac { \partial ^ { 2 } W ^ { ( 0 ) } } { \partial p _ { \nu } \partial p _ { \rho } } , \sigma _ { b c } \right\} H _ { \kappa \epsilon } ^ { g h } \left\{ \frac { \partial ^ { 2 } W ^ { ( 0 ) } } { \partial p _ { \kappa } \partial p _ { \epsilon } } , \sigma _ { g h } \right\}",78b034429b.png,376,124,384,64,6.0
{ \cal S } ( \hat { \Gamma } ) = \int \left\{ \partial _ { \mu } c \; \frac { \delta \hat { \Gamma } } { \delta A _ { \mu } } \; + \; B \; \frac { \delta \hat { \Gamma } } { \delta \bar { c } } \; + \; \frac { \delta \hat { \Gamma } } { \delta \underline { { Y } } } \; \frac { \delta \hat { \Gamma } } { \delta \underline { { \varphi } } } \; + \; \underline { { q } } \; \frac { \delta \hat { \Gamma } } { \delta \underline { { \hat { \varphi } } } } \right\} = 0,60bf3d9c7d.png,465,127,480,64,7.5
\frac { m _ { i } } { m _ { j } } = \frac { \operatorname { s i n } \left[ ( \eta _ { k } - \eta _ { j } ) \pi \vartheta _ { h } + ( \hat { \eta } _ { k } - \hat { \eta } _ { j } ) \pi \vartheta _ { H } \right] } { \operatorname { s i n } \left[ ( \eta _ { i } - \eta _ { k } ) \pi \vartheta _ { h } + ( \hat { \eta } _ { i } - \hat { \eta } _ { k } ) \pi \vartheta _ { H } \right] } \; .,5c98a9a2a1.png,388,129,320,64,5.0
"\Pi ^ { \alpha \dot { \alpha } } \ = \ \dot { x } ^ { \alpha \dot { \alpha } } - 2 \, \dot { \theta } ^ { \alpha } \tilde { \theta } ^ { \dot { \alpha } } + 2 \, \theta ^ { \alpha } \dot { { \tilde { \theta } } ^ { \dot { \alpha } } } + \omega \psi ^ { \alpha \dot { \beta } } \psi _ { \beta \dot { \beta } } \psi ^ { \beta \dot { \alpha } } + \chi \psi ^ { \alpha \dot { \alpha } } + 2 \, \rho ^ { \alpha } \tilde { \mu } ^ { \dot { \alpha } } \quad .",623eeea327.png,452,131,480,64,7.5
"\begin{array} { c } { \mathcal { E } ( x ) \rightarrow \mathcal { E } ^ { V } ( x ) = \Lambda \mathcal { E } ( \Lambda ^ { - 1 } ( x - a ) ) , } \\ { \mathcal { E } ( x ) \rightarrow \mathcal { E } ^ { T S } ( x ) = F ( \Lambda ) \mathcal { E } ( \Lambda ^ { - 1 } ( x - a ) ) , } \\ { \mathcal { E } ( x ) \rightarrow \mathcal { E } ^ { S } ( x ) = S ( \Lambda ) \mathcal { E } ( \Lambda ^ { - 1 } ( x - a ) ) , } \\ \end{array}",672fac24f9.png,429,138,384,96,4.0
N ^ { A B } = \bar { \epsilon } _ { 1 } \Gamma ^ { A B C } D _ { C } \epsilon _ { 2 } + \textstyle { \frac { 1 } { 8 } } \bar { \epsilon _ { 1 } } \Gamma ^ { C _ { 1 } C _ { 2 } } \epsilon _ { 2 } F _ { \ \ C _ { 1 } C _ { 2 } } ^ { A B } + \textstyle { \frac { 1 } { 9 6 } } \bar { \epsilon } _ { 1 } \Gamma ^ { A B C _ { 1 } \cdots C _ { 4 } } \epsilon _ { 2 } F _ { C _ { 1 } \cdots C _ { 4 } } .,74bba31eb7.png,399,149,480,32,15.0
"\left| \left. a , 1 / 2 \right| n \right\rangle = \frac { 1 } { g _ { \left| \left. a , 1 / 2 \right| n \right\rangle } ^ { \left| 1 / 2 \right\rangle } } K _ { a \frac { 1 } { 2 } } \left( i \, \nu _ { n } \right) \left| \frac { 1 } { 2 } \right\rangle \; , \quad \mathrm { w h e r e } \; \left| \frac { 1 } { 2 } \right\rangle \equiv \left| B _ { \frac { 1 } { 2 } } \right\rangle \; ,",89017cc540.png,387,106,480,64,7.5
"S = \frac i { 4 \pi \alpha ^ { \prime } } \int \left\{ g _ { i \bar { \jmath } } ( \partial x ^ { i } \bar { \partial } x ^ { \bar { \jmath } } + \bar { \partial } x ^ { i } \partial x ^ { \bar { \jmath } } ) - i B _ { i \bar { \jmath } } ( \partial x ^ { i } \bar { \partial } x ^ { \bar { \jmath } } - \bar { \partial } x ^ { i } \partial x ^ { \bar { \jmath } } ) \right\} \, d ^ { 2 } z .",66f2fe4f3f.png,392,122,480,64,7.5
"\tilde { C } ( p ) = - 2 \, \gamma \, g ^ { 2 } \delta _ { a } ^ { b } \delta _ { J } ^ { I } \int \frac { d ^ { 4 } k } { ( 2 \pi ) ^ { 4 } } d ^ { 2 } \theta d ^ { 2 } { \overline { \theta } } \frac { 1 } { k ^ { 4 } } \left\{ \Phi _ { I } ^ { a \dagger } ( p , \theta , { \overline { \theta } } ) { \Phi } _ { b } ^ { J } ( - p , \theta , { \overline { \theta } } ) \right\} \, ,",756bab82eb.png,382,134,480,64,7.5
"\Gamma _ { l , s } ^ { \, \alpha , \, \alpha _ { 0 } } ( p ) = \underbrace { \Gamma _ { l , s } ^ { \, \alpha , \, \alpha _ { 0 } } ( 0 ) } _ { \mathrm { { a s \ i n \ ( \ r e f { g a o } } ) } } + \frac { 1 } { 2 } \sum _ { \mu , \nu = 0 } ^ { 3 } \, p _ { \mu } \, p _ { \nu } \, \partial _ { \mu } \, \partial _ { \nu } \, \Gamma _ { l , s } ^ { \, \alpha , \, \alpha _ { 0 } } ( 0 )",db5ed8904f.png,386,141,384,96,4.0
"\Psi _ { \underline { { o } } } ^ { \prime } ( \vec { \sigma } _ { 2 o } ) \sum _ { \underline { { n } } } \, c _ { \underline { { n } } } \Psi _ { \underline { { n } } } ^ { \prime } ( \vec { \sigma } _ { 1 o } ) = - \Psi _ { \underline { { o } } } ^ { \prime } ( \vec { \sigma } _ { 2 o } ) \frac { R } { \cal N } = - \frac { n _ { o } ( \vec { \sigma } _ { 2 o } ) } { \cal N } .",7b3e637cf7.png,382,132,384,64,6.0
"\begin{array} { c } { D ^ { \left[ A , B \right] } ( \Lambda ) u ( \Lambda ^ { - 1 } p ) = u ( p ) D ^ { \left( s \right) } ( R ^ { - 1 } ( \Lambda , p ) ) } \\ { D ^ { \left[ A , B \right] } ( \Lambda ) v ( \Lambda ^ { - 1 } p ) = v ( p ) D ^ { \left( s \right) * } ( R ^ { - 1 } ( \Lambda , p ) ) , \quad v ( p ) = u ( p ) D ^ { \left( s \right) * } ( i \sigma _ { 2 } ) } \\ \end{array} \, \, \, \, \, \,",5a61c820eb.png,407,139,480,64,7.5
"\frac { 1 } { c _ { 0 } ^ { 2 } } \left( \frac { \ddot { a } _ { 0 } } { a _ { 0 } } + \frac { \dot { a } _ { 0 } } { a _ { 0 } } \left( \frac { n - 1 } { 2 } \frac { \dot { a } _ { 0 } } { a _ { 0 } } - \frac { \dot { c } _ { 0 } } { c _ { 0 } } \right) \right) = \frac { 1 } { 2 { \cal R } ^ { n } } \frac { d } { d { \cal R } } \Big ( H ^ { 2 } { \cal R } ^ { n + 1 } \Big ) ,",70816670c6.png,379,149,384,64,6.0
"{ \cal V } \equiv \left( \begin{array} { c } { U _ { \alpha } ^ { T } } \\ { \bar { U } ^ { \alpha \, T } } \\ \end{array} \right) \equiv \left( \begin{array} { c c } { e _ { \alpha } ^ { A } } & { h _ { A \alpha } } \\ { g ^ { \alpha \bar { \beta } } \bar { e } _ { \bar { \beta } } ^ { A } } & { g ^ { \alpha \bar { \beta } } \bar { h } _ { A \bar { \beta } } } \\ \end{array} \right) \ ,",4c65b2324c.png,390,120,320,64,5.0
"\Lambda = \left( \begin{array} { c c } { e ^ { - \phi _ { 0 } } \operatorname { c o s } \alpha + \chi _ { 0 } \operatorname { s i n } \alpha } & { - e ^ { - \phi _ { 0 } } \operatorname { s i n } \alpha + \chi _ { 0 } \operatorname { c o s } \alpha } \\ { \operatorname { s i n } \alpha } & { \operatorname { c o s } \alpha } \\ \end{array} \right) \, e ^ { \phi _ { 0 } / 2 } ,",34a12bfd3e.png,378,110,480,64,7.5
"= \; \int _ { \Lambda } \prod _ { a = 1 } ^ { N } \left[ \prod _ { i = 1 } ^ { n _ { a } } d ^ { 2 } x _ { i } ^ { ( a ) } d ^ { 2 } y _ { i } ^ { ( a ) } \right] \operatorname { e x p } \Bigg \{ - 4 \pi \frac { 1 } { 2 } \sum _ { b , c = 1 } ^ { N } \sum _ { j = 1 } ^ { n _ { b } } \sum _ { l = 1 } ^ { n _ { c } } \Bigg [ \Big ( 1 \! - \! \delta _ { b c } \delta _ { j l } \Big )",161a55d4e0.png,382,150,480,64,7.5
"\left( \begin{array} { c } { \hat { { \bf b } } } \\ { \hat { { \bf b } } ^ { \dagger } } \\ \end{array} \right) = \Omega \left( \begin{array} { c } { \hat { { \bf a } } } \\ { \hat { { \bf a } } ^ { \dagger } } \\ \end{array} \right) + \left( \begin{array} { c } { { \bf d } } \\ { { \bf d } ^ { * } } \\ \end{array} \right) , \qquad \Omega = \left( \begin{array} { c c } { \zeta } & { \eta } \\ { \eta ^ { * } } & { \zeta ^ { * } } \\ \end{array} \right) ,",52d73b511e.png,458,127,384,64,6.0
"\left. \begin{array} { r c l } { Q _ { n } ^ { + } } & { = } & { \int _ { - \infty } ^ { \infty } d \theta \ e ^ { - n \theta } A _ { + } ( \theta ) ^ { \dagger } A _ { - } ( \theta ) } \\ { Q _ { n } ^ { - } } & { = } & { \int _ { - \infty } ^ { \infty } d \theta \ e ^ { - n \theta } A _ { - } ( \theta ) ^ { \dagger } A _ { + } ( \theta ) } \\ \end{array} \right\} \, , \qquad n { \mathrm { ~ o d d } } \, ,",2ff8f03896.png,410,142,384,64,6.0
"\left( \begin{array} { c } { \dot { \Phi } } \\ { \Phi ^ { \prime } } \\ \end{array} \right) \; \; \rightarrow \; \; \left( \begin{array} { c c } { c o s h \, \theta } & { s i n h \, \theta } \\ { s i n h \, \theta } & { c o s h \, \theta } \\ \end{array} \right) \; \; \left( \begin{array} { c } { \tilde { \dot { \Phi } } } \\ { \tilde { \Phi } ^ { \prime } } \\ \end{array} \right) \; \; .",3c0f86d269.png,392,104,320,64,5.0
"R _ { \mu \nu \rho } { } ^ { \sigma } = \partial _ { \mu } \bigl \{ \begin{array} { l } { \sigma } \\ { \nu \rho } \\ \end{array} \bigr \} - \partial _ { \nu } \bigl \{ \begin{array} { l } { \sigma } \\ { \mu \rho } \\ \end{array} \bigr \} + \bigl \{ \begin{array} { l } { \sigma } \\ { \mu \lambda } \\ \end{array} \bigr \} \bigl \{ \begin{array} { l } { \lambda } \\ { \nu \rho } \\ \end{array} \bigr \} - \bigl \{ \begin{array} { l } { \sigma } \\ { \nu \lambda } \\ \end{array} \bigr \} \bigl \{ \begin{array} { l } { \lambda } \\ { \mu \rho } \\ \end{array} \bigr \} \ ,",30a7bd637d.png,575,137,480,64,7.5
{ \mathcal Z } _ { ( \alpha \beta ) } = \int d ^ { 3 } x \ \sigma _ { \alpha \beta } ^ { 0 i } \partial _ { i } \left( - \frac { 4 i } { 3 } { \kern . 3 5 e m \bar { \kern - . 3 5 e m { \widetilde J } } } + \frac { i } { 3 } D ^ { 2 } K \right) \displaystyle { \biggl \vert } = - 3 \int d ^ { 3 } x \ \sigma _ { \alpha \beta } ^ { 0 i } \partial _ { i } \ { \bar { \mathcal W } } \displaystyle { \biggl \vert } \ .,18c2419c8c.png,414,130,480,64,7.5
"\begin{array} { c } { \overline { { A } } _ { \hspace { 0 . 1 c m } \nu } ^ { 1 } \longrightarrow W _ { \nu } ^ { - } , } \\ { \overline { { A } } _ { \hspace { 0 . 1 c m } \nu } ^ { 2 } \longrightarrow W _ { \nu } ^ { + } , } \\ { \overline { { A } } _ { \hspace { 0 . 1 c m } \nu } ^ { 3 } \longrightarrow Z _ { \nu } , } \\ { \overline { { A } } _ { \hspace { 0 . 1 c m } \nu } ^ { 0 } \longrightarrow A _ { \nu } . } \\ \end{array}",6c9e3199d2.png,435,141,480,128,3.75
"g ^ { - 1 } = \left( \begin{array} { c c c } { - 2 \lambda _ { 2 } , } & { - 6 \lambda _ { 3 } , } & { - 4 \lambda _ { 4 } } \\ { - 6 \lambda _ { 3 } , } & { 4 \lambda _ { 3 } ( \lambda _ { 2 } ^ { 2 } - 4 \lambda _ { 4 } ) , } & { \lambda _ { 2 } \lambda _ { 3 } } \\ { - 4 \lambda _ { 4 } , } & { + \lambda _ { 2 } \lambda _ { 3 } , } & { - 2 \lambda _ { 2 } \lambda _ { 4 } + \frac 3 4 \lambda _ { 3 } } \\ \end{array} \right)",7a0e39cb90.png,429,150,384,96,4.0
\frac { 1 } { 2 \kappa ^ { 2 } } \left( n _ { \mu } \Gamma _ { \rho \sigma } ^ { \mu } - \frac { 1 } { 2 } g _ { \rho \sigma } n _ { \mu } \Gamma _ { \alpha \beta } ^ { \mu } g ^ { \alpha \beta } - \Gamma _ { \alpha ( \rho } ^ { \alpha } n _ { \sigma ) } + \frac { 1 } { 2 } \Gamma _ { \beta \alpha } ^ { \alpha } n ^ { \beta } g _ { \rho \sigma } \right) = T _ { \rho \sigma } ^ { b r a } .,4879dac0c0.png,391,125,480,64,7.5
"- \beta { \cal F } ( \beta ) \simeq - \frac { 2 ^ { - 1 5 } \pi ^ { - 2 6 } } { ( 2 \alpha ^ { \prime } ) ^ { 1 3 } } \int _ { 0 } ^ { \varepsilon } d \tau _ { 2 } \tau _ { 2 } ^ { - 1 4 } \left[ \theta _ { 3 } \left( 0 , \frac { i \beta ^ { 2 } } { 4 \pi ^ { 2 } \tau _ { 2 } \alpha ^ { \prime } } \right) - 1 \right] e ^ { \frac { 4 \pi } { \tau _ { 2 } } } \tau _ { 2 } ^ { 5 1 / 2 }",5f122e4b24.png,386,137,480,64,7.5
"\begin{array} { l l l l } { \eta _ { z } ^ { + } \rightarrow \eta _ { z } , \quad } & { \quad \lambda _ { + } \rightarrow \lambda , \quad } & { \quad \beta _ { + z } \rightarrow \beta _ { z } , \quad } & { \quad \gamma ^ { + } \rightarrow \gamma , } \\ { \eta _ { z } ^ { - } \rightarrow \eta , \quad } & { \quad \lambda _ { - } \rightarrow \lambda _ { z } , \quad } & { \quad \beta _ { - z } \rightarrow \beta _ { z z } , \quad } & { \quad \gamma ^ { - } \rightarrow \gamma ^ { z } . } \\ \end{array}",112971c9a9.png,501,139,480,64,7.5
"\Delta = \sum _ { j = 1 } ^ { 2 } \sum _ { p , q } \left( \frac { \partial ^ { 2 } } { \partial ( \mathrm { R e } \, \sigma _ { p q } ^ { j j } ) ^ { 2 } } + \frac { \partial ^ { 2 } } { \partial ( \mathrm { I m } \, \sigma _ { p q } ^ { j j } ) ^ { 2 } } \right) + 4 \sum _ { j \neq l } \sum _ { p , q } \frac { \partial ^ { 2 } } { \partial \sigma _ { p q } ^ { j l } \sigma _ { p q } ^ { j l * } } \ .",693b71ee34.png,404,143,480,64,7.5
\begin{array} { l l } { d s ^ { 2 } = } & { - \left( 1 - \frac { r _ { H } ^ { 7 - p } + \alpha } { r ^ { 7 - p } } \right) d t ^ { 2 } + \left( 1 + \frac { \alpha } { r ^ { 7 - p } } \right) d x ^ { \scriptscriptstyle { 1 0 } ^ { \scriptstyle { 2 } } } \mp 2 \frac { \sqrt { \alpha \left( r _ { H } ^ { 7 - p } + \alpha \right) } } { r ^ { 7 - p } } d t d x ^ { 1 0 } } \\ \end{array},6541da20ed.png,385,132,480,128,3.75
"\left\langle { { E ^ { \prime } , l ^ { \prime } , m ^ { \prime } ; i n } } \mathrel { \left| { \vphantom { { E ^ { \prime } , l ^ { \prime } , m ^ { \prime } ; i n } { E , l , m } } } \right. \kern - \nulldelimiterspace } { { E , l , m ; i n } } \right\rangle = { \frac { V } { ( 2 \pi ) ^ { 3 } } } \delta _ { l l ^ { \prime } } \delta _ { m m ^ { \prime } } \delta ( E - E ^ { \prime } )",5895a87d2b.png,390,127,384,64,6.0
"f \ast g : = f \cdot g + \sum _ { n = 1 } ^ { \infty } { \frac { ( \lambda / 2 ) ^ { n } } { n ! } } \epsilon ^ { r _ { 1 } s _ { 1 } } \dots \epsilon ^ { r _ { n } s _ { n } } { \frac { \partial ^ { n } f } { \partial \phi ^ { r _ { 1 } } \dots \partial \phi ^ { r _ { n } } } } { \frac { \partial ^ { n } g } { \partial \phi ^ { s _ { 1 } } \dots \partial \phi ^ { s _ { n } } } } ,",66125c58ce.png,384,136,480,64,7.5
"\int d q _ { 1 } ^ { \, 3 } \, d q _ { 2 } ^ { \, 3 } \left( \frac { \left| \vec { \nabla } \psi \right| ^ { 2 } } { q ^ { 2 } } + \frac { \mathrm { i } } { q ^ { 2 } } \left( \vec { \nabla } _ { 2 } \, \psi \, \vec { \nabla } _ { 1 } \, \psi ^ { \ast } - \vec { \nabla } _ { 1 } \, \psi \, \vec { \nabla } _ { 2 } \, \psi ^ { \ast } \right) \right) < \infty \hspace { 1 c m } .",7d31ded4f4.png,378,124,480,128,3.75
"h _ { j ^ { \prime } } ^ { ( B ) } = \sum _ { i = 1 } ^ { k ^ { \prime } } | i \rangle _ { j ^ { \prime } } \, e p s i l o n _ { i } \ _ { j ^ { \prime } } \hspace * { - 1 p t } \langle i | + \sum _ { \alpha = 1 } ^ { k ^ { n _ { s } } - k ^ { \prime } } | \alpha \rangle _ { j ^ { \prime } } \ \epsilon _ { \alpha } \ _ { j ^ { \prime } } \hspace * { - 1 p t } \langle \alpha |",2ee99b8a23.png,378,137,384,64,6.0
\begin{array} { c c c } { ( \rho _ { 1 } \rho _ { 2 } \rho _ { 3 } ) ^ { * } } & { \Longrightarrow } & { \rho _ { 3 } ^ { * } \circ ( \rho _ { 1 } \rho _ { 2 } ) ^ { * } } \\ { \Downarrow } & { } & { \Downarrow } \\ { ( \rho _ { 2 } \rho _ { 3 } ) ^ { * } \circ \rho _ { 1 } ^ { * } } & { \Longrightarrow } & { \rho _ { 3 } ^ { * } \circ \rho _ { 2 } ^ { * } \circ \rho _ { 1 } ^ { * } } \\ \end{array},75e60f1525.png,402,140,384,96,4.0
"W _ { \mathrm { T } } ^ { ( \xi ) } = \frac { 1 } { 4 \xi } \int d ^ { 4 } x \, \mathrm { t r } \, F _ { \mu \nu } \tilde { F } ^ { \mu \nu } - \frac { 1 } { 2 4 \xi } \epsilon ^ { \mu \nu \rho \sigma } \bar { Q } _ { \mu } ^ { ( \xi ) } \bar { Q } _ { \nu } ^ { ( \xi ) } \bar { Q } _ { \rho } ^ { ( \xi ) } \bar { Q } _ { \sigma } ^ { ( \xi ) } \int d ^ { 4 } x \, \mathrm { t r } \, \phi ^ { 2 } ,",3dc438dfb2.png,400,146,480,64,7.5
"{ \Phi } = \left( \begin{array} { c } { l _ { I } \cdot { \bf e } _ { \mu } ^ { ( R ) } } \\ { { \bar { k } } _ { i } \cdot { \bf e } _ { \mu } ^ { ( R ) } } \\ { k ^ { j } \cdot { \bf e } _ { \mu } ^ { ( R ) } } \\ \end{array} \right) = { \frac { 1 } { 2 } } \left( \begin{array} { c } { - A E ^ { * } } \\ { D E ^ { * } } \\ { E ^ { * } } \\ \end{array} \right) \; \in M ( 2 8 , \; 6 , \; { \bf R } )",6b5042af3a.png,402,145,384,96,4.0
"{ 4 M ^ { 2 } } \, \left[ D \epsilon ^ { \beta \gamma \kappa \lambda } \partial _ { \nu } { \partial _ { \beta } } T _ { ( \kappa \lambda ) } { } ^ { \nu } + 2 a \partial _ { \nu } { \partial _ { \beta } } T ^ { ( \beta \gamma ) \nu } \right] = e ^ { 2 } \, \partial _ { \nu } \left( { \partial } ^ { \gamma } \lambda ^ { \nu } - { \partial } ^ { \nu } \lambda ^ { \gamma } \right) .",5272f5dc79.png,383,110,480,64,7.5
"\frac { \partial \Gamma _ { \Lambda } [ \phi ] } { \partial \Lambda } = - \frac { \Omega } { 2 } \mathrm { t r } \int _ { 0 } ^ { \infty } \! \! \! \! \! d q \, \frac { q ^ { D - 1 } } { C ( q , \Lambda ) } \frac { \partial C ( q , \Lambda ) } { \partial \Lambda } \left\langle \left[ 1 + C . \frac { \delta ^ { 2 } \Gamma _ { \Lambda } } { \delta \phi \delta \phi } \right] ^ { - 1 } \! \! \! ( \mathbf { q } , \mathbf { - q } ) \right\rangle",47be5f6854.png,443,126,480,64,7.5
I ( k ) = \frac { 1 } { ( 2 \pi ) ^ { 4 } } \int d p _ { \parallel } p _ { \parallel } d \varphi _ { 1 } \int d p _ { \perp } p _ { \perp } d \varphi _ { 2 } \frac { e ^ { i \Theta p _ { \parallel } k _ { \parallel } \operatorname { s i n } \varphi _ { 1 } } e ^ { i \Theta p _ { \perp } k _ { \perp } \operatorname { s i n } \varphi _ { 2 } } } { p _ { \parallel } ^ { 2 } + p _ { \perp } ^ { 2 } } .,51a9534690.png,401,134,480,64,7.5
"\left( \begin{array} { l } { X _ { 1 } } \\ { X _ { 2 } } \\ { X _ { 3 } } \\ { X _ { 4 } } \\ \end{array} \right) = \frac { 1 } { 2 r } \left( \begin{array} { l l l } { 3 } & { 1 } & { 1 } \\ { 1 } & { - 1 } & { - 3 } \\ { - 1 } & { - 1 } & { 3 } \\ { - 3 } & { 1 } & { - 1 } \\ \end{array} \right) \left( \begin{array} { l } { \varphi ^ { ( 1 ) } } \\ { \varphi ^ { ( 2 ) } } \\ { \varphi ^ { ( 3 ) } } \\ \end{array} \right) ,",54d18218fe.png,429,149,384,96,4.0
"F ^ { \lambda _ { 1 } \lambda _ { 2 } , \lambda _ { 3 } \lambda _ { 4 } , \lambda _ { 5 } \lambda _ { 6 } } F _ { \lambda _ { 1 } ^ { \prime } \lambda _ { 2 } ^ { \prime } , \lambda _ { 3 } ^ { \prime } \lambda _ { 4 } ^ { \prime } , \lambda _ { 5 } ^ { \prime } \lambda _ { 6 } ^ { \prime } } = \left( \delta ( \lambda _ { 1 } ^ { \prime } - \lambda _ { 1 } ) \delta ( \lambda _ { 2 } ^ { \prime } - \lambda _ { 2 } ) , \right.",517518cef7.png,428,136,384,32,12.0
"\delta = \epsilon ^ { 0 } \, \underline { \epsilon } _ { 0 } + \epsilon ^ { + } \, \underline { \epsilon } _ { + } + \epsilon ^ { - } \, \underline { \epsilon } _ { - } + \alpha ^ { I } \, \underline { \alpha } _ { I } + \beta _ { I } \, \underline { \beta } ^ { I } + \hat { \alpha } { } ^ { I } \, \underline { { \hat { \alpha } } } _ { I } + \hat { \beta } _ { I } \, \underline { { \hat { \beta } } } { } ^ { I } + \omega ^ { i } \, \underline { \omega } _ { i } \ .",5a3479e97a.png,470,143,480,32,15.0
"\Gamma ^ { 0 } = \left( \begin{array} { l l } { \gamma ^ { 0 } } & { 0 } \\ { 0 } & { - \gamma ^ { 0 } } \\ \end{array} \right) \ , \; \; \; \Gamma ^ { 1 } = \left( \begin{array} { l l } { \gamma ^ { 1 } } & { 0 } \\ { 0 } & { - \gamma ^ { 1 } } \\ \end{array} \right) \ , \; \; \; \Gamma ^ { 2 } = \left( \begin{array} { l l } { \gamma ^ { 2 } } & { 0 } \\ { 0 } & { - \gamma ^ { 2 } } \\ \end{array} \right) \ ,",687664f82f.png,413,129,480,64,7.5
- \frac { 1 } { 4 } \left\langle Q \left| \cal F _ { \mu \nu } ^ { \cal A } \cal F ^ { \cal A \mu \nu } \right| Q \right\rangle = - \frac { 1 } { 4 } \left\langle \cal F _ { \mu \nu } ^ { \cal A } \cal F ^ { \cal A \mu \nu } \right\rangle = - \frac { 1 } { 4 } \left\langle { \cal F } _ { \mu \nu } ^ { 3 } { \cal F } _ { \mu \nu } ^ { 3 } + { \cal F } _ { \mu \nu } ^ { m } { \cal F } _ { \mu \nu } ^ { m } \right\rangle,29f8a5e922.png,421,131,480,64,7.5
( A ^ { ( 1 ) \mathrm { T } } Y ) _ { n } \approx \sqrt { \frac { 2 } { \mu } } \frac { ( - 1 ) ^ { n + 1 } \sqrt { n } } { \pi ^ { 2 } y ^ { 2 } ( 1 - y ) } \sum _ { m = 1 } ^ { \infty } \frac { \operatorname { s i n } ^ { 2 } ( \pi m y ) } { m ^ { 2 } - n ^ { 2 } / y ^ { 2 } } \frac { \sqrt { \mu + \sqrt { \mu ^ { 2 } + m ^ { 2 } } } } { \sqrt { \mu ^ { 2 } + m ^ { 2 } } } .,5ec0f49dec.png,379,150,480,64,7.5
\hat { \cal R } = Q ^ { 2 \left( \hat { \zeta } \otimes \hat { H } + \hat { H } \otimes \hat { \zeta } \right) } \lambda ^ { 2 \left( \hat { \zeta } \otimes \hat { H } - \hat { H } \otimes \hat { \zeta } \right) } \left( 1 \! \mathrm { l } \otimes 1 \! \mathrm { l } + \sigma Q ^ { \hat { \zeta } } \lambda ^ { \hat { \zeta } } \hat { X } _ { + } \otimes Q ^ { - \hat { \zeta } } \lambda ^ { \hat { \zeta } } \hat { X } _ { - } \right),3a4dbc99c5.png,435,125,480,64,7.5
"- e _ { A } E _ { t } \frac { \kappa } { r } + \frac { e _ { A } } { r } \, ( \vec { \Theta } \gamma ^ { t s } \vec { \Theta } ) E _ { s } + \frac { E _ { t } } { 2 r } \, \left( \vec { \Theta } _ { \hat { \alpha } A } ( \vec { \Theta } _ { \hat { \alpha } } \cdot \vec { e } ) - ( \vec { \Theta } _ { \hat { \alpha } } \cdot \vec { e } ) \vec { \Theta } _ { \hat { \alpha } A } \right) \, .",53b5dba9f6.png,391,131,480,64,7.5
\operatorname { l n } \left| \frac { Y _ { + } ^ { + \pm } } { Y _ { - } ^ { + \pm } } \right| \sim \operatorname { l n } \left| \frac { Y _ { + } ^ { - \mp } } { Y _ { - } ^ { - \mp } } \right| \sim \pm \operatorname { l n } 2 \pm \operatorname { l n } \left| \frac { k q } { \Omega \sqrt { k ^ { 2 } - q ^ { 2 } } } \right| + { \textstyle \frac { 3 } { 2 } } \operatorname { l n } \left| \frac { k + q } { k - q } \right| .,55db18100b.png,425,133,480,64,7.5
"\left( \begin{array} { c } { \hat { a } _ { i } ( t ) } \\ { \hat { a } _ { i } ^ { \dag } ( t ) } \\ \end{array} \right) = \sum _ { j = 1 } ^ { 2 } \left( \begin{array} { c c } { \alpha _ { i j } ( t ) } & { \beta _ { i j } ( t ) } \\ { \beta _ { i j } ^ { \ast } ( t ) } & { \alpha _ { i j } ^ { \ast } ( t ) } \\ \end{array} \right) \left( \begin{array} { c } { \hat { a } _ { j } } \\ { \hat { a } _ { j } ^ { \dag } } \\ \end{array} \right) \; ,",78528bb095.png,450,150,320,64,5.0
{ \tilde { z } } = \frac { \big ( \operatorname { c o s } \frac { \theta } { 2 } + i \omega _ { 3 } \operatorname { s i n } \frac { \theta } { 2 } \big ) z + \big ( \omega _ { 2 } - i \omega _ { 1 } \big ) \operatorname { s i n } \frac { \theta } { 2 } } { \big ( - \omega _ { 2 } - i \omega _ { 1 } \big ) \operatorname { s i n } \frac { \theta } { 2 } z + \big ( \operatorname { c o s } \frac { \theta } { 2 } - i \omega _ { 3 } \operatorname { s i n } \frac { \theta } { 2 } \big ) } .,6d62ac5f16.png,488,150,384,64,6.0
"\left[ { \cal D } ^ { \mu } \cdot \Gamma \right] _ { \mathrm { f l a t } } = x ^ { \nu } \left[ { \Theta } _ { \nu } ^ { ~ \mu } \left( x \right) \cdot \Gamma \right] _ { \mathrm { f l a t } } - x ^ { \nu } \left[ w _ { \nu } ^ { ~ \mu } \left( x \right) \cdot \Gamma \right] _ { \mathrm { f l a t } } - \left[ \Lambda ^ { \mu } \left( x \right) \cdot \Gamma \right] _ { \mathrm { f l a t } } \, \, ,",37f329b817.png,400,116,480,32,15.0
"- { \cal A } _ { \alpha } i \Omega = { \cal D } _ { \alpha } { \cal V } \Omega { \cal V } ^ { T } = \left( \begin{array} { l l } { \langle { \cal D } _ { \alpha } U _ { \beta } , U _ { \gamma } \rangle } & { \langle { \cal D } _ { \alpha } U _ { \beta } , \bar { U } ^ { \gamma } \rangle } \\ { \langle { \cal D } _ { \alpha } \bar { U } ^ { \beta } , U _ { \gamma } \rangle } & { \langle { \cal D } _ { \alpha } \bar { U } ^ { \beta } , \bar { U } ^ { \gamma } \rangle } \\ \end{array} \right)",75ecb7e368.png,494,150,384,64,6.0
"\{ X ^ { i } , X ^ { j } \} _ { M B } = \operatorname* { l i m } _ { \stackrel { \alpha ^ { \prime } \to \alpha } { \beta ^ { \prime } \to \beta } } \operatorname { s i n } \lambda ( \partial _ { \alpha } \partial _ { \beta ^ { \prime } } - \partial _ { \alpha ^ { \prime } } \partial _ { \beta } ) X ^ { i } ( \alpha , \beta , \sigma ) X ^ { j } ( \alpha ^ { \prime } , \beta ^ { \prime } , \sigma ) .",36f359e2c9.png,402,118,480,64,7.5
\left| B _ { N } \right\rangle _ { B = 0 } = \left( \frac { - \operatorname* { d e t } g _ { \mu \nu } } { ( 2 \alpha ^ { \prime } ) ^ { p + 1 } } \right) ^ { \frac { 1 } { 4 } } \prod _ { n = 1 } ^ { \infty } \operatorname { e x p } \left( - \frac { 1 } { n } \alpha _ { - n } ^ { \mu } g _ { \mu \nu } \tilde { \alpha } _ { - n } ^ { \nu } \right) \left| \mathbf { 0 } \right\rangle ~ .,2d504d3ce9.png,388,122,480,64,7.5
M _ { i j } = \left( \begin{array} { c c } { { \frac { \partial \beta _ { ( 2 i ) } ^ { \lambda } } { \partial \lambda _ { ( 2 j ) } } } } & { { \frac { \partial \beta _ { ( 2 i ) } ^ { \lambda } } { \partial \xi _ { ( 2 j ) } } } } \\ { { \frac { \partial \beta _ { ( 2 i ) } ^ { \xi } } { \partial \lambda _ { ( 2 j ) } } } } & { { \frac { \partial \beta _ { ( 2 i ) } ^ { \xi } } { \partial \xi _ { ( 2 j ) } } } } \\ \end{array} \right) .,5933ff11c8.png,442,144,384,96,4.0
Z _ { k } = i e ^ { i \pi \mathrm { \boldmath ~ \hat { \scriptstyle \psi } \scriptstyle _ { \perp } ~ } \cdot \mathrm { \boldmath ~ \scriptstyle \tau ~ } / 2 } e ^ { i ( 2 k + 1 ) \pi \mathrm { \boldmath ~ \hat { \scriptstyle \psi } ~ } \cdot \mathrm { \boldmath ~ \scriptstyle \tau ~ } x ^ { 3 } / L } \quad \mathrm { w i t h } \quad \mathrm { \boldmath ~ \hat { \psi } ~ } \cdot \mathrm { \boldmath ~ \hat { \psi } _ { \perp } ~ } = 0,2aef06a9c5.png,436,115,384,32,12.0
\left[ \left( { \frac { \dot { R } } { R } } \right) ^ { 2 } + \xi _ { + } ^ { 2 } R ^ { - { \frac { 2 } { 3 } } k ^ { 2 } } \right] ^ { \frac { 1 } { 2 } } - \left[ \left( { \frac { \dot { R } } { R } } \right) ^ { 2 } + \xi _ { - } ^ { 2 } R ^ { - { \frac { 2 } { 3 } } k ^ { 2 } } \right] ^ { \frac { 1 } { 2 } } = - { \frac { \kappa _ { 5 } ^ { 2 } } { 3 } } [ \lambda ( \phi ) + \rho ] .,1b31a4cdb2.png,392,147,480,64,7.5
"\begin{array} { c } { \widetilde { x } = x - \displaystyle \hat { \gamma } \, { \Theta } ( \tau , \widetilde { x } ) \operatorname { t a n h } \gamma + \displaystyle \hat { \gamma } \big ( \displaystyle \hat { \gamma } \cdot x \big ) \left( \displaystyle \frac { 1 - \operatorname { c o s } \gamma } { \operatorname { c o s } \gamma } \right) , \hfill } \\ { \tilde { \Theta } = \displaystyle \frac { \Theta ( \tau , \widetilde { x } ) - ( \hat { \gamma } \cdot x ) \operatorname { s i n } \gamma } { \operatorname { c o s h } \gamma } , \hfill } \\ \end{array}",d1457b25b2.png,561,132,384,96,4.0
"\begin{array} { r c l } { q ( t ) } & { = } & { \frac { 1 } { \sqrt { 2 m \omega } } \left[ \alpha \, e ^ { - i \omega ( t - t _ { 0 } ) } + \alpha ^ { * } \, e ^ { i \omega ( t - t _ { 0 } ) } \right] \ , } \\ { p ( t ) } & { = } & { - \frac { i m \omega } { \sqrt { 2 m \omega } } \left[ \alpha \, e ^ { - i \omega ( t - t _ { 0 } ) } - \alpha ^ { * } \, e ^ { i \omega ( t - t _ { 0 } ) } \right] \ . } \\ \end{array}",728a15c1d1.png,420,150,384,96,4.0
"G _ { M N } = \Phi _ { \cal B D } ^ { - 1 } \left( \begin{array} { c c } { g _ { \mu \nu } } & { \, 0 } \\ { 0 } & { \, \Phi _ { \cal B D } ^ { \frac { D - 2 } { D - 4 } } h _ { m n } } \\ \end{array} \right) = \left( \begin{array} { c c } { \tilde { g } _ { \mu \nu } } & { \, 0 } \\ { 0 } & { \, \Phi _ { \cal B D } ^ { \frac { 2 } { D - 4 } } h _ { m n } } \\ \end{array} \right) ,",3aeef2aca0.png,384,136,480,64,7.5
"\left\{ \begin{array} { c } { \partial _ { \mu } ( L A _ { \nu } ^ { a } ) - \partial _ { \nu } ( L A _ { \mu } ^ { a } ) + \epsilon ^ { a b c } A _ { \mu } ^ { b } A _ { \nu } ^ { c } L ^ { 2 } \left( \begin{array} { c c } { 0 } & { 1 } \\ { - 1 } & { 0 } \\ \end{array} \right) } \\ \end{array} \right\} \left( \begin{array} { c } { e ^ { a } } \\ { f ^ { a } } \\ \end{array} \right) = 0 ,",33e6fcaf4e.png,392,127,480,64,7.5
"{ \widehat \Sigma } = \left( \begin{array} { c c } { \Sigma _ { R R } , } & { \Sigma _ { R A } } \\ { \Sigma _ { A R } , } & { \Sigma _ { A A } } \\ \end{array} \right) \, , \qquad { \bar { \Sigma } } = \left( \begin{array} { c c } { \Gamma _ { a a } ^ { ( 2 ) } , } & { \Gamma _ { a r } ^ { ( 2 ) } } \\ { \Gamma _ { r a } ^ { ( 2 ) } , } & { \Gamma _ { r r } ^ { ( 2 ) } } \\ \end{array} \right) \, .",3405c85ef4.png,402,133,384,64,6.0
"\frac { \partial ^ { n + 1 } f ^ { A } } { \partial z ^ { n + 1 } } = \sum _ { \alpha = 1 } ^ { n } W _ { \alpha } \frac { \partial ^ { \alpha } f ^ { A } } { \partial z ^ { \alpha } } , \quad \frac { \partial ^ { n + 1 } \bar { f } ^ { A } } { \partial \bar { z } ^ { n + 1 } } = \sum _ { \alpha = 1 } ^ { n } \bar { W } _ { \alpha } \frac { \partial ^ { \alpha } \bar { f } ^ { A } } { \partial \bar { z } ^ { \alpha } }",f29d696667.png,422,143,384,64,6.0
"U _ { D } ( \lambda ) \psi _ { \alpha } ( r , p ) = e ^ { - \lambda / 2 } \sqrt { \frac { 2 p } { \pi } } \ \frac { r \operatorname { c o s } \alpha \operatorname { c o s } ( e ^ { - \lambda } r p ) - \operatorname { s i n } \alpha \operatorname { s i n } ( e ^ { - \lambda } r p ) } { \sqrt { r ^ { 2 } \operatorname { c o s } ^ { 2 } \alpha + \operatorname { s i n } ^ { 2 } \alpha } } .",6171efc4c4.png,389,124,480,64,7.5
"( \hat { \nu } _ { \epsilon } , a ) = \sum _ { i , k } \hat { \nu } _ { \epsilon \, i } ( \delta _ { i j } - \frac { 1 } { 2 } { \cal C } _ { i j } ) \, a _ { j } = \sum _ { i \in \Gamma _ { \epsilon } ^ { ( 0 ) } } \hat { \nu } _ { \epsilon \, i } \, a _ { i } - c o s \frac { \pi } { h } \sum _ { i \in \Gamma _ { \epsilon + 1 } ^ { ( 0 ) } } \hat { \nu } _ { \epsilon + 1 \, i } \, a _ { i }",79892be328.png,394,143,480,64,7.5
"\hat { X } ^ { \Lambda } = { \frac { 1 } { \sqrt 2 } } \left( \begin{array} { l } { 1 - T U } \\ { - ( T + U ) } \\ { - ( 1 + T U ) } \\ { T - U } \\ \end{array} \right) , \qquad \hat { F } _ { \Lambda } = \left( \begin{array} { l } { S \hat { X } ^ { 0 } } \\ { S \hat { X } ^ { 1 } } \\ { - S \hat { X } ^ { 2 } } \\ { - S \hat { X } ^ { 3 } } \\ \end{array} \right) = S \eta _ { \Lambda \Sigma } \hat { X } ^ { \Sigma } \ ,",25c419c1ee.png,426,144,480,128,3.75
\zeta _ { 0 } = - \sqrt \tau + { \frac { 3 } { 2 } } \sqrt \tau \operatorname { c o t h } ^ { 2 } \left( \sqrt { \frac { 3 } { 2 } } \tau ^ { 1 / 4 } D - { \frac { 1 } { 2 } } \operatorname { l o g } { \frac { \sqrt { \zeta + \sqrt \tau } - \sqrt { \frac { 3 } { 2 } } \tau ^ { 1 / 4 } } { \sqrt { \zeta + \sqrt \tau } + \sqrt { \frac { 3 } { 2 } } \tau ^ { 1 / 4 } } } \right),59d2b9d99f.png,377,125,480,128,3.75
\mathrm { \boldmath ~ E ~ } = q [ \frac { 1 - v ^ { 2 } } { ( R - \mathrm { \boldmath ~ R \cdot ~ v ~ } ) ^ { 3 } } ( \mathrm { \boldmath ~ R ~ } - R \mathrm { \boldmath ~ v ~ } ) + \frac { 1 } { ( R - \mathrm { \boldmath ~ R \cdot ~ v ~ } ) ^ { 3 } } \mathrm { \boldmath ~ R \times ~ } \{ ( \mathrm { \boldmath ~ R ~ } - R \mathrm { \boldmath ~ v ~ } ) \mathrm { \boldmath ~ \times ~ a ~ } \} ],52556c781d.png,395,121,480,64,7.5
"\times \operatorname { e x p } \left\{ \sum _ { \stackrel { i , j = 1 } { i < j } } ^ { 3 } \left[ \sqrt { 2 \alpha ^ { \prime } } p _ { i } + \alpha _ { 1 } ^ { ( i ) } V _ { i } ^ { \prime } ( 0 ) \partial _ { z _ { i } } \right] \cdot \left[ \sqrt { 2 \alpha ^ { \prime } } p _ { j } + \alpha _ { 1 } ^ { ( j ) } V _ { j } ^ { \prime } ( 0 ) \partial _ { z _ { j } } \right] \right.",30daca8d6d.png,385,129,480,128,3.75
\mathrm { w i t h } \; \; \; \; { \cal { X } } ^ { \alpha } ( { \bf { r } } ) = { \textstyle \frac { \partial _ { i } } { \partial ^ { 2 } } } A _ { i } ^ { \alpha } ( { \bf { r } } ) \; \; \; \; \mathrm { a n d } \; \; \; \; \overline { { { \cal Y } ^ { \alpha } } } ( { \bf r } ) = { \textstyle \frac { \partial _ { j } } { \partial ^ { 2 } } \overline { { { \cal A } _ { j } ^ { \alpha } } } ( { \bf r } ) } .,52a82e6f6d.png,412,141,384,32,12.0
"U _ { \underline { { m } } } ^ { + + } \sigma _ { \underline { { \mu } } \underline { { \nu } } } ^ { \underline { { m } } } = 2 V _ { \underline { { \mu } } q } ^ { ~ + } V _ { \underline { { \nu } } q } ^ { ~ + } , \qquad U _ { \underline { { m } } } ^ { -- } \tilde { \sigma } ^ { \underline { { m } } \underline { { \mu } } \underline { { \nu } } } = 2 V _ { q } ^ { - \underline { { \mu } } } V _ { q } ^ { - \underline { { \nu } } } , \qquad",1deb154ff6.png,447,149,384,64,6.0
"\begin{array} { l } { H \equiv P _ { + } = \int d x ^ { - } \big [ ( 1 / 8 ) \mathrm { t r } ~ E ^ { 2 } - ( m / 2 ) \big ( \psi _ { - } ^ { \dagger } ( x ) \psi _ { + } ( x ) + \psi _ { + } ^ { \dagger } ( x ) \psi _ { - } ( x ) \big ) \big ] } \\ { \left[ A _ { - } ( x ^ { - } , x ^ { + } ) , E ( y ^ { - } , x ^ { + } ) \right] = i \delta ( x ^ { - } - y ^ { - } ) } \\ \end{array}",3d907455b6.png,385,148,480,64,7.5
"\bigg ( \frac { \partial ^ { 2 } } { \partial r ^ { 2 } } + \frac { g ^ { 2 } } { 4 } e ^ { \mp 2 i \theta } ( \lambda _ { 2 } - \lambda _ { 1 } ) \bigg ) \psi _ { \pm } ^ { ( 1 ) } = 0 , \; \; \psi _ { \pm } ^ { ( 2 ) } = \frac { 2 e ^ { \pm i \theta } } { g ( \sqrt { \lambda _ { 1 } } + \sqrt { \lambda _ { 2 } } ) } \frac { \partial } { \partial r } \psi _ { \pm } ^ { ( 1 ) } .",69d506dee0.png,382,134,480,64,7.5
\langle { \cal A } \rangle _ { 0 } \operatorname* { l i m } _ { \tau ^ { \prime } \rightarrow \infty } \langle { \cal U } _ { \tau ^ { \prime } } ( { \scriptstyle { \cal A B } } ) { \cal B } \rangle _ { 0 } \; - \; \langle { \cal A } \rangle _ { 0 } \operatorname* { l i m } _ { \tau ^ { \prime } \rightarrow \infty } \langle { \cal U } _ { \tau ^ { \prime } } ( { \scriptstyle { \cal B } } ) { \cal B } \rangle _ { 0 } = 0 \; .,7db3f5986e.png,428,122,384,32,12.0
\begin{array} { c } { < O _ { k } O _ { l } P > _ { c } = ( \frac { 1 } { \rho ^ { 2 } } \frac { \partial \rho } { \partial t _ { l } } + \frac { 1 } { \rho ^ { 2 } } \frac { \partial \rho } { \partial \mu } \frac { \partial \mu } { \partial t _ { l } } ) < O _ { k } P > } \\ { - \frac { 1 } { \rho } ( < O _ { k } O _ { l } P > + \frac { \partial \mu } { \partial t _ { l } } < O _ { k } P P > ) . } \\ \end{array},6a2fc667c0.png,416,144,384,96,4.0
"J = \left\{ \begin{array} { l l } { { \displaystyle - \frac { \pi \kappa } { q q ^ { \prime } } n _ { 1 } n _ { 2 } \, , } } & { \mathrm { ( t o p o l o g i c a l ) } } \\ { { \displaystyle - \frac { \pi \kappa } { q q ^ { \prime } } ( n _ { 1 } n _ { 2 } - \alpha _ { 1 } \alpha _ { 2 } ) \, , } \ \ \ } & { \mathrm { ( n o n t o p o l o g i c a l ) } \, . } \\ \end{array} \right.",7721fa3289.png,382,133,384,96,4.0
\widetilde { R } _ { \: \: \nu \rho \sigma } ^ { \mu } = \widehat { \kappa } _ { i \: \rho } ^ { \mu } \widehat { \kappa } _ { \nu \sigma } ^ { i } - \widehat { \kappa } _ { i \: \sigma } ^ { \mu } \widehat { \kappa } _ { \nu \rho } ^ { i } + \gamma _ { \nu } ^ { \alpha } \gamma _ { \rho } ^ { \beta } \gamma _ { \sigma } ^ { \gamma } \widehat { R } _ { i \: \alpha \beta \gamma } ^ { \mu },642f1fe139.png,391,116,320,32,10.0
"a ( x ^ { \perp } , t ) = \left( \frac { \operatorname { s i n h } ( \sqrt { 3 \Lambda } t / 2 m _ { 3 } ) } { \operatorname { s i n h } ( \sqrt { 3 \Lambda } t _ { 0 } / 2 m _ { 3 } ) } \right) ^ { \frac { 2 } { 3 } } \left[ 1 + \sqrt { \frac { \Lambda } { 3 } } \operatorname { c o t h } \! \left( \frac { \sqrt { 3 \Lambda } } { 2 m _ { 3 } } t \right) \frac { x ^ { \perp } } { m _ { 3 } } \right] ,",1d95523944.png,403,133,480,64,7.5
\begin{array} { l c c c } { \mathrm { f l o o r } } & { \mathrm { S U ( 1 / 2 ) } } & { \mathrm { S U ( 2 ) } } & { \mathrm { f i e l d } } \\ { \noalign { \vskip 3 p t } \noalign { \hrule } \noalign { \vskip 3 p t } } \\ { \mid \mathrm { g r o u n d } > } & { ( 0 ~ 1 ) } & { ( 1 ) } & { \lambda } \\ { \mid \mathrm { 1 s t } > } & { ( - 1 ~ 0 ) } & { ( 0 ) } & { \phi } \\ \end{array},7ae6a3d3ae.png,386,137,480,128,3.75
"\operatorname* { l i m } _ { m \rightarrow 0 ^ { + } } \; \operatorname* { l i m } _ { \beta \rightarrow \infty } \langle { \bar { \psi } } \psi { \rangle } _ { \beta } = 0 \; \; \; \operatorname* { l i m } _ { m \rightarrow 0 ^ { - } } \; \operatorname* { l i m } _ { \beta \rightarrow \infty } \langle { \bar { \psi } } \psi { \rangle } _ { \beta } = \frac { e B } { 2 \pi } \; ,",2888d5d3b8.png,381,105,384,64,6.0
"\psi _ { \mathrm { A B } } ( r , \theta ) = { \frac { i } { 4 \pi } } e ^ { ( N + { \frac { 1 } { 2 } } ) \theta } \int _ { \cal C } d t \; e ^ { - i k r \operatorname { c o s } t } \left[ { \frac { e ^ { i \gamma t } } { \operatorname { s i n } { \frac { 1 } { 2 } } ( t - \theta ) } } + { \frac { e ^ { - i \gamma t } } { \operatorname { s i n } { \frac { 1 } { 2 } } ( t + \theta ) } } \right] .",f01b5ca0cd.png,398,140,480,64,7.5
"\begin{array} { c } { \Gamma \left( s \right) \zeta \left( \frac s 2 , \frac { D _ { B } } { \mu ^ { 2 } } \right) = \frac { \Gamma \left( s \right) } { \Gamma \left( \frac s 2 \right) } \left[ \Gamma \left( \frac s 2 \right) \zeta \left( \frac s 2 , \frac { D _ { B } } { \mu ^ { 2 } } \right) \right] = } \\ { = \frac { 2 ^ { s - 1 } } { \sqrt { \pi } } \Gamma \left( \frac { s + 1 } 2 \right) \left[ \Gamma \left( \frac s 2 \right) \zeta \left( \frac s 2 , \frac { D _ { B } } { \mu ^ { 2 } } \right) \right] } \\ \end{array}",1013f0012e.png,528,141,384,96,4.0
"\psi _ { 1 } = \left( \begin{array} { c } { | 0 \rangle \! \rangle \langle \! \langle 0 | } \\ { | 0 \rangle \! \rangle \langle \! \langle 1 | } \\ { \vdots } \\ { | 0 \rangle \! \rangle \langle \! \langle k - 1 | } \\ \end{array} \right) \, , \quad \psi _ { 2 } = \left( \begin{array} { c } { 0 } \\ { 0 } \\ { \vdots } \\ { 0 } \\ \end{array} \right) \, , \quad \xi = S _ { k } \, ,",70d593443a.png,384,102,384,96,4.0
"\mathcal { N } _ { ( r , s ) , ( r ^ { \prime } , s ^ { \prime } ) } ^ { ( r ^ { \prime \prime } , s ^ { \prime \prime } ) } \medskip = \sum _ { ( k , l ) \in E ( p , p ^ { \prime } ) } \frac { S _ { ( r , s ) , ( k , l ) } \S _ { ( r ^ { \prime } , s ^ { \prime } ) , ( k , l ) } \ S _ { ( k , l ) , ( r ^ { \prime \prime } , s ^ { \prime \prime } ) } } { S _ { ( 1 , 1 ) , ( k , l ) } }",7e4ac61743.png,388,150,384,64,6.0
\frac { 2 } { i } \frac { \delta ^ { 2 } a _ { D t } } { \delta \phi _ { i } \delta \phi _ { j } } = \frac { - \operatorname { s i n } ( \widehat { \theta } _ { t } ) } { ( \operatorname { c o s } [ \widehat { \theta } _ { t } ] - \operatorname { c o s } [ \theta _ { i } ] ) ( \operatorname { c o s } [ \widehat { \theta } _ { t } ] - \operatorname { c o s } [ \theta _ { j } ] ) } \left( \frac { 1 } { 2 N ^ { 3 } } + \frac { \delta _ { i j } } { N } \right),4b1aea39d0.png,460,149,480,64,7.5
"a \rightarrow \left( \begin{array} { l l } { a _ { + , i j } } & { \varrho \, a _ { - , i k } } \\ { \varrho \, a _ { - , \ell j } ^ { \dagger } } & { \tilde { a } _ { + , \ell k } } \\ \end{array} \right) , \quad \psi \rightarrow \left( \begin{array} { l l } { \psi _ { + , i j } } & { \varrho \, \psi _ { - , i k } } \\ { \varrho \, \psi _ { - , \ell j } ^ { \dagger } } & { \tilde { \psi } _ { + , \ell k } } \\ \end{array} \right) .",3802e6661d.png,436,133,384,64,6.0
( t ^ { - 1 } ) ^ { \prime } = t ^ { \mathrm { i j } } { \frac { \partial \pi ^ { \alpha } } { \partial p ^ { \mathrm { i } } } } { \frac { \partial \pi ^ { \beta } } { \partial p ^ { \mathrm { j } } } } \; { \frac { \partial } { \partial \pi ^ { \alpha } } } \otimes { \frac { \partial } { \partial \pi ^ { \beta } } } \; \in T _ { \pi ( \mathrm { p } ) } ( \Sigma ) \otimes T _ { \pi ( \mathrm { p } ) } ( \Sigma ),4fa9dce0bb.png,416,127,480,64,7.5
- { \frac { \lambda ^ { 2 } } { 3 2 } } ( F _ { \mu \nu } ^ { 2 } ) ^ { 2 } + { \frac { \lambda ^ { 2 } } { 8 } } F ^ { \mu \nu } F _ { \nu \alpha } F ^ { \alpha \beta } F _ { \beta \mu } - i { \frac { \lambda } { 2 } } ( \overline { { \psi } } _ { + } \Gamma _ { \nu } \partial _ { \mu } \psi _ { + } + \overline { { \psi } } _ { - } \Gamma _ { \mu } \partial _ { \nu } \psi _ { - } ) F ^ { \nu \mu },2198bca19a.png,401,139,480,64,7.5
"i \operatorname { l n } W _ { q \overline { { q } } } ^ { \mathrm { S R } } = \int _ { t _ { \mathrm { i } } } ^ { t _ { \mathrm { f } } } d t \, \left\{ - \frac { 4 } { 3 } \frac { \alpha _ { s } } { r } + \frac { 1 } { 2 } \frac { 4 } { 3 } \frac { \alpha _ { s } } { r } ( \delta ^ { h k } + \hat { r } ^ { h } \hat { r } ^ { k } ) \dot { z } _ { 1 } ^ { h } \dot { z } _ { 2 } ^ { k } \right\} .",384cd08c5b.png,399,149,480,64,7.5
"\langle \: { \hat { \phi } } _ { \bar { t } } \prod _ { i \in S } \phi _ { i } \: \rangle _ { g , \: { \Delta _ { 2 } } } \; = \; \frac { 1 } { 2 } \: \sum _ { r = 0 } ^ { g } \: \sum _ { X \cup Y = S } { \bar { C } } _ { \bar { t } } ^ { \alpha \beta } \: \langle \phi _ { \alpha } \: \prod _ { j \in X } \phi _ { j } \rangle _ { r } \: \langle \phi _ { \beta } \: \prod _ { k \in Y } \phi _ { k } \rangle _ { g - r } \,",10e6045707.png,421,145,480,64,7.5
"\left\{ \begin{array} { r c l } { f } & { \rightarrow } & { \pm \sigma ^ { 1 } f \, , } \\ { C ^ { ( 2 n - 2 ) } } & { \rightarrow } & { ( - 1 ) ^ { n } C ^ { ( 2 n - 2 ) } \, , } \\ \end{array} \right. \hspace { 1 c m } \left\{ \begin{array} { r c l } { { \cal B } } & { \rightarrow - { \cal B } \, , } \\ { { \cal B } ^ { ( 1 0 ) } } & { \rightarrow - { \cal B } ^ { ( 1 0 ) } \, . } \\ \end{array} \right.",2c9c4c5b76.png,408,134,480,128,3.75
"\hat { \hat { K } } _ { \hat { \hat { a } } \hat { \hat { b } } \hat { \hat { c } } } \; = \; { \textstyle \frac { 1 } { 2 } } \left( \hat { \hat { T } } _ { \hat { \hat { a } } \hat { \hat { c } } \hat { \hat { b } } } \; + \; \hat { \hat { T } } _ { \hat { \hat { b } } \hat { \hat { c } } \hat { \hat { a } } } \; - \; \hat { \hat { T } } _ { \hat { \hat { a } } \hat { \hat { b } } \hat { \hat { c } } } \right) \; ,",55343d255c.png,420,147,320,64,5.0
"\psi = \left( \begin{array} { c } { \psi _ { 1 } } \\ { \psi _ { 2 } } \\ \end{array} \right) \ , \quad \overline { \psi } \equiv \psi ^ { \dag } \gamma _ { 3 } \equiv \left( \begin{array} { c c } { \overline { \psi } _ { 1 } } & { - \overline { \psi } _ { 2 } } \\ \end{array} \right) \equiv \left( \begin{array} { c c } { \psi _ { 1 } ^ { \dag } \sigma _ { 3 } } & { - \psi _ { 2 } ^ { \dag } \sigma _ { 3 } } \\ \end{array} \right) \ ,",5bf5653c66.png,438,121,480,64,7.5
"u ( \mathbf { p , } i ) \simeq \left( 1 + \frac { \mathbf { p } ^ { 2 } } { 8 m ^ { 2 } } \right) \left[ \begin{array} { c } { 1 } \\ { \frac { ( \overrightarrow { \mathbf { \sigma } } \mathbf { \cdot p } ) } { 2 m } } \\ \end{array} \right] \varphi _ { i } = \left[ \begin{array} { c } { \left( 1 + \frac { \mathbf { p } ^ { 2 } } { 8 m ^ { 2 } } \right) } \\ { \frac { ( \overrightarrow { \mathbf { \sigma } } \mathbf { \cdot p } ) } { 2 m } } \\ \end{array} \right] \varphi _ { i }",7a87ddb75f.png,484,136,480,64,7.5
\alpha : = \left( \begin{array} { c c c c c c c c } { \gamma _ { 1 } } & { 0 } & { \gamma _ { 3 } } & { \gamma _ { 4 } } & { \ldots } & { \gamma _ { N - 2 } } & { \gamma _ { N - 1 } } & { \gamma _ { N } } \\ { 0 } & { \beta _ { 2 } } & { \gamma _ { 3 } } & { c _ { 4 } \gamma _ { 4 } } & { \ldots } & { c _ { N - 2 } \gamma _ { N - 2 } } & { \beta _ { N - 1 } } & { \beta _ { N } } \\ \end{array} \right),3e99d3bf01.png,404,149,480,64,7.5
"\Psi ( x ) \, = \, \sum _ { \sigma = + j } ^ { - j } \int { \frac { d ^ { 3 } p } { ( 2 \pi ) ^ { 3 } } } { \frac { 1 } { 2 \, \omega _ { \vec { p } } } } \Big [ u _ { \sigma } ( \vec { p } \, ) \, a _ { \sigma } ( \vec { p } \, ) \, e ^ { - i p \cdot x } + v _ { \sigma } ( \vec { p } \, ) \, b _ { \sigma } ^ { \dagger } ( \vec { p } \, ) \, e ^ { i p \cdot x } \Bigr ] \quad ,",602c23e5cd.png,379,140,480,64,7.5
\bar { \lambda } _ { \theta } = - \frac { 2 \pi | \alpha | } { m } \frac { \Gamma ( 1 + | \alpha | ) \operatorname { t a n } \theta - \Gamma ( 1 - | \alpha | ) \left( \frac { \mu r _ { 0 } } { 2 } \right) ^ { 2 | \alpha | } } { \Gamma ( 1 + | \alpha | ) \operatorname { t a n } \theta + \Gamma ( 1 - | \alpha | ) \left( \frac { \mu r _ { 0 } } { 2 } \right) ^ { 2 | \alpha | } } .,7b93388bd9.png,380,117,384,96,4.0
M ^ { 2 } \left( \begin{array} { l } { \phi ^ { \prime } } \\ { { \overline { { \phi } } } ^ { * \prime } } \\ \end{array} \right) = \left( \begin{array} { l l } { m ^ { 2 } } & { m ^ { 2 } x } \\ { m ^ { 2 } x } & { m ^ { 2 } } \\ \end{array} \right) \left( \begin{array} { l } { \phi ^ { \prime } } \\ { { \overline { { \phi } } } ^ { * \prime } } \\ \end{array} \right) \ .,3ba5b9676c.png,376,112,320,64,5.0
"S _ { \left\langle p , \phi \right\rangle } ^ { \left\langle q , \psi \right\rangle } = \frac { 1 } { | \Omega _ { p } | | \Omega _ { q } | } \sum _ { z \in \Omega } \sum _ { x , y \in \Omega _ { p } \cap \Omega _ { z q } } \overline { { \phi } } ( x , y ) \overline { { \psi } } ^ { z } ( y , x ) \prod _ { \xi \in \mathcal { O } ( x , y ) } \Lambda _ { p _ { \xi } } ^ { ( z q ) _ { \xi } } \left( \frac { \kappa _ { \xi } } { \lambda _ { \xi } } \right)",8abe3c551b.png,456,143,480,64,7.5
{ \cal T } = { \frac { f _ { \pi } ^ { 2 } } { 2 } } { \cal R } _ { 0 } \cdot { \cal R } _ { 0 } - { \frac { 1 } { 2 e ^ { 2 } } } \biggl [ { \cal R } _ { 0 } \cdot { \cal R } _ { \mathrm { i } } \; { \cal R } _ { 0 } \cdot { \cal R } _ { \mathrm { i } } - { \cal R } _ { 0 } \cdot { \cal R } _ { 0 } \; { \cal R } _ { \mathrm { i } } \cdot { \cal R } _ { \mathrm { i } } \biggr ],4540ea3b94.png,380,141,480,64,7.5
"\left\{ \begin{array} { c c } { ( h ^ { - 1 } + \mu \mathcal { F } ) \, \left( \widehat { G } - \frac { 1 } { \mu } \, F \right) \, = \, \left[ \mathrm { d e t } \left( \widehat { G } - \frac { 1 } { \mu } \, F \right) \right] ^ { 1 / 2 } 1 \! \! 1 } \\ { h ^ { - 1 } \widehat { G } - \mathcal { F } F \, = \, \left[ \mathrm { d e t } \left( \widehat { G } - \frac { 1 } { \mu } \, F \right) \right] ^ { 1 / 2 } 1 \! \! 1 \ } \\ \end{array} \right.",6d7f24afb7.png,448,136,384,96,4.0
"\tilde { C } _ { \mu } ^ { \alpha ^ { \prime } } M _ { \alpha ^ { \prime } \beta ^ { \prime } } \tilde { C } ^ { \alpha ^ { \prime } \mu } = \sum _ { ( a ) } \bar { \tilde { \phi } } _ { V } ^ { ( a ) } \left[ - \tilde { g } _ { 3 } \tilde { C } _ { \mu } ^ { \alpha } \frac { \lambda _ { \alpha } } { 2 } - \tilde { g } _ { 1 } ( \tilde { n } + 1 / 3 ) \tilde { B } _ { \mu } \right] ^ { 2 } \tilde { \phi } _ { V } ^ { ( a ) } ,",65b14128e2.png,430,148,480,64,7.5
"{ \cal K } ( z ) = \sum _ { \mathrm { \footnotesize \boldmath ~ \alpha ~ } \in G _ { m } } \omega ^ { 2 \alpha _ { 1 } \alpha _ { 2 } } u _ { 2 \mathrm { \footnotesize \boldmath ~ \alpha ~ } } ^ { ( n ) } ( z , v ) I _ { 2 \mathrm { \footnotesize \boldmath ~ \alpha ~ } } = \sum _ { \mathrm { \footnotesize \boldmath ~ \alpha ~ } \in G _ { m } } u _ { 2 \mathrm { \footnotesize \boldmath ~ \alpha ~ } } ^ { ( n ) } ( z , v ) J _ { \mathrm { \footnotesize \boldmath ~ \alpha ~ } } ,",b432fc6a60.png,481,134,384,64,6.0
\tilde { \cal L } _ { \kappa = 0 } = - 8 ( D - 2 ) ^ { 2 } \int d r \left( { \frac { \partial W } { \partial \phi } } \right) ^ { 2 } \left( 1 + { \frac { 1 } { 2 } } \partial _ { \mu } \tilde { r } \partial ^ { \mu } \tilde { r } \ - { \frac { 1 } { 2 } } \bar { \tilde { \eta } } _ { - i } \tilde { \Gamma } ^ { \mu } \partial _ { \mu } \tilde { \eta } _ { - } ^ { i } \right) \ .,69e2c83996.png,382,124,480,64,7.5
{ \cal A } _ { \alpha } = \left( \begin{array} { l l l l } { 0 } & { 0 } & { 0 } & { 0 } \\ { \noalign { \vskip 1 m m } 0 } & { 0 } & { 0 } & { C _ { \alpha \beta \gamma } } \\ { \noalign { \vskip 1 m m } 0 } & { \delta _ { \alpha } ^ { \gamma } } & { 0 } & { 0 } \\ { \noalign { \vskip 1 m m } \delta _ { \alpha } ^ { \beta } } & { 0 } & { 0 } & { 0 } \\ \end{array} \right) \ .,3718fe3078.png,379,128,384,96,4.0
"\Big [ \begin{array} { c } { v } \\ { \emptyset } \\ \end{array} \Big ] \times \Big [ \begin{array} { c } { v } \\ { \emptyset } \\ \end{array} \Big ] , \qquad \Big [ \begin{array} { c } { \emptyset } \\ { \emptyset } \\ \end{array} \Big ] \times \Big [ \begin{array} { c } { v } \\ { \emptyset } \\ \end{array} \Big ] , \qquad \Big [ \begin{array} { c } { v } \\ { \emptyset } \\ \end{array} \Big ] \times \Big [ \begin{array} { c } { \emptyset } \\ { \emptyset } \\ \end{array} \Big ]",7bd9547ee0.png,486,109,384,64,6.0
{ \frac { P _ { i j } } { P _ { j i } } } = { \frac { F ( \Delta E ) } { F ( - \Delta E ) } } = e ^ { - 2 \pi \Delta E } \left| { \frac { \operatorname { c o s h } \alpha + \operatorname { s i n h } \alpha e ^ { i \beta } e ^ { \pi \Delta E } } { \operatorname { c o s h } \alpha + \operatorname { s i n h } \alpha e ^ { i \beta } e ^ { - \pi \Delta E } } } \right| ^ { 2 } ~ .,324c24b2c9.png,377,124,480,64,7.5
"g ^ { \mu \nu } ( t , \vec { x } ) \equiv { \frac { 1 } { c ^ { 2 } } } \left[ \begin{array} { l l l } { - 1 } & { \vdots } & { - v \; \hat { r } ^ { j } } \\ { \cdots \cdots } & { \cdot } & { \cdots \cdots \cdots \cdots } \\ { - v \; \hat { r } ^ { i } } & { \vdots } & { ( c ^ { 2 } \; \delta ^ { i j } - v ^ { 2 } \; \hat { r } ^ { i } \; \hat { r } ^ { j } ) } \\ \end{array} \right] .",3d3ee3dafc.png,389,136,384,96,4.0
"\left( { \cal H } _ { 1 } \otimes { \cal H } _ { 2 } \right) _ { \mathrm f } ^ { 0 } \subset { \cal H } _ { 1 } ^ { \mathrm { s } } \otimes { \cal H } _ { 2 } ^ { 0 } \hspace * { 1 c m } \mathrm { a n d } \hspace * { 1 c m } \left( { \cal H } _ { 1 } \otimes { \cal H } _ { 2 } \right) _ { \mathrm f } ^ { 0 } \subset { \cal H } _ { 1 } ^ { 0 } \otimes { \cal H } _ { 2 } ^ { s } \, .",28db023d28.png,384,133,480,32,15.0
"\begin{array} { r c l } { \hat { S } _ { 0 A } } & { = } & { { \displaystyle \int } d ^ { 1 0 } \hat { x } \sqrt { | \hat { g } | } \, \left\{ e ^ { - 2 \hat { \phi } } \left[ \hat { R } - 4 ( \partial \hat { \phi } ) ^ { 2 } + \frac { 1 } { 2 \cdot 3 ! } \hat { H } ^ { 2 } + \frac { 1 } { 2 } ( \partial \hat { \cal T } ) ^ { 2 } - V ( \hat { \cal T } ) \right] \right. } \\ \end{array}",14fa988106.png,388,129,480,128,3.75
"K ^ { \Omega } ( t ) = \frac { 1 } { \left| \Omega \right| } \sum _ { x , y \in \Omega } \delta _ { x ^ { y } , x ^ { - 1 } } \prod _ { \xi \in \mathcal { O } _ { - } ( x , y ) } K \left( \frac { \lambda _ { \xi } ^ { 2 } t } { \left| \xi \right| } \right) \prod _ { \xi \in \mathcal { O } _ { + } ( x , y ) } Z \left( \frac { \left| \xi \right| } { 2 \lambda _ { \xi } ^ { 2 } i t } + \frac { \kappa _ { \xi } } { \lambda _ { \xi } } \right)",32c99504f8.png,442,141,480,64,7.5
"\mathrm { R e } \, \Pi ^ { \mathrm { ( n o n \mathrm { - } p l a n a r ) } } = \frac { 2 \pi ^ { \frac { n + 1 } { 2 } } } { ( 2 \pi ) ^ { n } } \left( | \bar { \theta } | \right) ^ { \frac { 3 - n } { 2 } } \int _ { 0 } ^ { \infty } d z \, \frac { 1 } { z ^ { 2 } - p ^ { 2 } } \, z ^ { \frac { n - 3 } { 2 } } J _ { \frac { n - 3 } { 2 } } ( \frac { | \bar { \theta } | z } { 2 } )",5a98029345.png,383,147,480,64,7.5
- { \frac { 1 } { 8 } } f _ { 1 } f _ { 2 } { \frac { ( - G ) } { ( - G _ { 5 } ) ^ { 2 } } } \epsilon _ { \rho ^ { \prime } \mu \nu \lambda \sigma } \partial _ { \rho } \xi G _ { 5 } ^ { \rho \sigma } \tilde { H } ^ { \rho ^ { \prime } \mu } \tilde { H } ^ { \nu \lambda } ( G \tilde { H } G ) _ { \eta \zeta } \tilde { H } ^ { \zeta \eta } = - z _ { 1 } f _ { 1 } f _ { 2 } W .,25f3cc1fb6.png,379,135,480,64,7.5
"Z _ { E H } = { \frac { 1 } { 4 } } { \frac { 1 } { ( \eta \bar { \eta } ) ^ { 4 } } } \int d p _ { x } d p _ { y } \, \, q ^ { p _ { x } \bar { p } _ { x } + p _ { y } \bar { p } _ { y } } \sum _ { i } \left| { \frac { \theta _ { i } } { \eta } } \right| ^ { 4 } + { \frac { 1 } { 4 } } \sum _ { i , j } \left| { \frac { \theta _ { i } } { \theta _ { j } } } \right| ^ { 4 } \, \, .",57e4c3d052.png,383,148,480,64,7.5
"\hat { \varepsilon } ( x , y ) = \left\{ \begin{array} { c c } { \frac { \vartheta ( x , y ) } { \vartheta ( y , x ) } } & { \mathrm { i f } \, \, x y = y x } \\ { \frac { \vartheta ( x , y ) \vartheta ( x , x ^ { - 1 } ) } { \vartheta ( y , x ^ { - 1 } ) } ( - 1 ) ^ { \frac { \left| x \right| ( \left| x \right| + 1 ) } { 2 } } } & { \mathrm { i f } \, \, x y = y x ^ { - 1 } } \\ \end{array} \right.",86f184316d.png,402,132,384,64,6.0
"d s ^ { 2 } = \left[ \left( 1 - \frac { q ^ { 2 } } { r _ { 1 } ^ { 2 } } \right) \left( 1 - \frac { p ^ { 2 } } { r _ { 2 } ^ { 2 } } \right) \right] ^ { - \frac { 1 } { 2 } } d t ^ { 2 } - \left[ \left( 1 - \frac { q ^ { 2 } } { r _ { 1 } ^ { 2 } } \right) \left( 1 - \frac { p ^ { 2 } } { r _ { 2 } ^ { 2 } } \right) \right] ^ { \frac { 1 } { 2 } } d \vec { x } ^ { 2 } \, .",481ed810ca.png,377,142,480,64,7.5
4 g _ { \mu \upsilon } = 2 { \frac { \partial \psi ^ { \beta } } { \partial \omega _ { 1 } } } { \frac { \partial \psi ^ { \beta } } { \partial \omega _ { 1 } } } { \frac { M _ { \mu } M _ { \upsilon } } { ( \omega _ { 1 } ) ^ { 2 } } } + { \frac { 4 ( S _ { 1 } ) _ { \mu \upsilon } } { ( \omega _ { 1 } ) ^ { 2 } } } \operatorname { s i n } ^ { 2 } \left( { \frac { \theta _ { 1 } + 2 \theta _ { 2 } } { 2 } } \right),265291d3a2.png,419,139,384,64,6.0
R ^ { ( 1 ) } ( \theta ) = \frac { \left( \frac { 1 } { 2 } \right) _ { \theta } \left( \frac { 1 } { 2 \lambda } + 1 \right) _ { \theta } } { \left( \frac { 1 } { 2 \lambda } + \frac { 3 } { 2 } \right) _ { \theta } } \frac { \left( \frac { \eta } { \pi \lambda } - \frac { 1 } { 2 } \right) _ { \theta } } { \left( \frac { \eta } { \pi \lambda } + \frac { 1 } { 2 } \right) _ { \theta } } \ .,43a55e32a2.png,394,118,320,64,5.0
"\begin{array} { l l l l } { \zeta ^ { + } = \eta _ { z } ^ { + } \mathrm { e } ^ { \varphi } d z , } & { \zeta ^ { - } = \eta _ { z } ^ { - } \mathrm { e } ^ { \varphi } d z , } & { \tilde { \zeta } _ { + } = \eta _ { + \bar { z } } \mathrm { e } ^ { \varphi } d \bar { z } , } & { \tilde { \zeta } _ { - } = \eta _ { - \bar { z } } \mathrm { e } ^ { \varphi } d \bar { z } , } \\ \end{array}",16505e2bdf.png,392,136,480,32,15.0
H ^ { ( 4 ) } = \int d ^ { 3 } x \frac { 1 } { 2 } \biggl [ \frac { k ^ { 2 } } { { \cal H } ^ { 2 } } \tilde { \Pi } ^ { 2 } + 2 \biggl ( \frac { k ^ { 2 } } { \cal H } - { \cal H } - \frac { { \cal H } ^ { \prime } } { { \cal H } } \biggr ) \tilde { \Pi } \tilde { \Psi } + \biggl ( k ^ { 2 } - \frac { a ^ { \prime \prime } } { a } \biggr ) \tilde { \Psi } ^ { 2 } \biggr ] .,7ce370e7cd.png,378,133,480,64,7.5
"\begin{array} { r c l } { Q } & { = } & { \int _ { 0 } ^ { L } d x \, \psi ^ { \dagger } \psi = - \lambda ( p _ { + } - p _ { - } ) \ , } \\ { Q _ { 5 } } & { = } & { \int _ { 0 } ^ { L } d x \psi ^ { \dagger } \gamma _ { 5 } \psi = - \frac { i \lambda \sqrt { 2 \mu } } { 2 \sqrt { \pi } \sqrt { L } } \, \left[ \varphi _ { 0 } - \varphi _ { 0 } ^ { \dagger } \right] \ . } \\ \end{array}",7499d947aa.png,389,134,320,64,5.0
"c _ { 0 } = \alpha _ { + } ^ { 2 } \; , \quad c _ { 1 } = \frac { \epsilon \left( \alpha _ { + } + \epsilon \alpha _ { - } \right) ^ { 2 } } { \epsilon - \operatorname { s i n } \frac { n \gamma } { 1 6 } } + 2 \epsilon \; , \quad c _ { 2 } = \frac { \left( \alpha _ { + } + \epsilon \alpha _ { - } \right) ^ { 2 } } { \left( \epsilon - \operatorname { s i n } \frac { n \gamma } { 1 6 } \right) ^ { 2 } } \; ,",6c6ade05cf.png,410,125,480,64,7.5
\begin{array} { c } { 0 = \left[ - ( \Gamma ^ { 0 } + \operatorname { c o s } \alpha \Gamma ^ { \phi } ) \Gamma ( e ^ { \psi } ) + \operatorname { s i n } \alpha \right] \psi = } \\ { = \left[ \Gamma ( e ^ { \psi } ) ( \Gamma ^ { 0 } + \operatorname { c o s } \alpha \Gamma ( e ^ { \phi } ) ) + \operatorname { s i n } \alpha \right] \psi = } \\ { = \left[ \Gamma ( e ^ { \psi } ) ( \Gamma ( e ^ { | | } ) + \operatorname { c o s } \alpha \Gamma ( e ^ { \phi } ) ) + \operatorname { s i n } \alpha \right] \psi } \\ \end{array},3a702d1cd5.png,527,148,384,96,4.0
"h ( w ) = - \frac { 2 v } { \delta _ { b } R \mathrm { c o s h } ^ { 2 } \frac { w } { \delta _ { b } } } + \frac { 1 } { 2 \pi R ^ { 4 } } \sum _ { i } \sum _ { K M } \frac { K G _ { i } } { { \cal N } _ { i } } \int _ { w } ^ { \infty } \mathrm { d } w ^ { \prime } ~ \frac { w ^ { \prime } } { \mathrm { c o s h } ^ { 2 \gamma _ { i } } \frac { w ^ { \prime } } { \delta _ { b } } } ~ ~ ,",6e98eef8c7.png,391,148,480,64,7.5
"{ \cal Q } _ { \bar { i } \bar { j } } ( \psi , \bar { \psi } ) \equiv c \alpha \beta _ { \bar { i } \bar { j } } + \bar { c } \alpha ^ { \prime } \beta _ { \bar { i } \bar { j } } ^ { \prime } = c ( \psi ^ { \dag } \zeta ) ( \zeta ^ { \dag } \gamma _ { \bar { i } \bar { j } } \psi ) + \bar { c } ( \psi ^ { T } \bar { \zeta } ) ( \zeta ^ { \dag } \gamma _ { \bar { i } \bar { j } } \bar { \psi } )",15089abb46.png,399,133,480,32,15.0
"\left( \Gamma _ { } ^ { \left( 0 \right) 0 } , \Gamma _ { \Lambda R _ { 1 } } ^ { \left( 2 \right) - 1 } \right) ^ { a } + \widetilde { V } ^ { a } \Gamma _ { \Lambda R _ { 1 } } ^ { \left( 2 \right) - 1 } = \alpha _ { R _ { 1 } } ^ { \left( 2 \right) - 2 a } - \left( \Gamma _ { } ^ { \left( 0 \right) 1 } , \Gamma _ { \Lambda R _ { 1 } } ^ { \left( 2 \right) - 2 } \right) ^ { a }",206c528941.png,382,119,384,64,6.0
